Dataset,Classifier,Accuracy,Precision,Recall,F1,Kappa,AUC,NPofB20
avro_dataset.csv,RANDOM_FOREST,99.71257106759319,1.0,0.8283018867924529,0.9059433109187716,0.904497657620546,0.9999853020504398,1.0
avro_dataset.csv,NAIVE_BAYES,94.74099810486419,0.16179055070413176,0.5122641509433963,0.2459038589563154,0.22621650593146692,0.9418037717666026,0.970754716981132
avro_dataset.csv,IBK,99.6651926721415,0.951309323926109,0.8433962264150944,0.8939977837988422,0.8923033315541813,0.974344425992036,0.941509433962264
bookkeeper_dataset.csv,RANDOM_FOREST,99.87823439878234,0.9999003873726415,0.9971844981782046,0.9985403546192867,0.9974958656780691,0.9999950172985541,0.47528983106989064
bookkeeper_dataset.csv,NAIVE_BAYES,85.77694755776947,0.7644232556087471,0.9533289168598875,0.8484864699138507,0.7174905807000178,0.9627141617033818,0.4736005299768135
bookkeeper_dataset.csv,IBK,99.41746229417461,0.9958033594862984,0.9902285525008281,0.9930079091677696,0.9880156324737349,0.9959856468286403,0.46671083140112624
