"ReleaseId","Path","Class","Buggy","CodeSmells","NSmells","Touches","TotalTouches","IssueTouches","TotalIssueTouches","Authors","TotalAuthors","AddedLines","DeletedLines","Churn","TotalChurn","prevBuggy","AgeInReleases"
"release-1.3.2","/lang/java/src/java/org/apache/avro/io/ResolvingDecoder.java/","org.apache.avro.io.ResolvingDecoder","yes","0","3","11","11","11","11","2","2","105","80","185","185","no","1"
"release-1.3.2","/lang/java/src/java/org/apache/avro/file/DeflateCodec.java/","org.apache.avro.file.DeflateCodec.Option","yes","0","0","5","5","5","5","2","2","184","39","223","223","no","1"
"release-1.3.2","/lang/java/src/java/org/apache/avro/Schema.java/","org.apache.avro.Schema.FixedSchema","yes","4","5","7","7","7","7","3","3","233","59","292","292","no","1"
"release-1.3.2","/lang/java/src/java/org/apache/avro/Schema.java/","org.apache.avro.Schema.RecordSchema","yes","6","8","7","7","7","7","3","3","233","59","292","292","no","1"
"release-1.3.2","/lang/java/src/java/org/apache/avro/Schema.java/","org.apache.avro.Schema.MapSchema","yes","4","5","7","7","7","7","3","3","233","59","292","292","no","1"
"release-1.3.2","/lang/java/src/java/org/apache/avro/reflect/ReflectData.java/","org.apache.avro.reflect.ReflectData","yes","3","6","5","5","5","5","2","2","40","27","67","67","no","1"
"release-1.3.2","/lang/java/src/java/org/apache/avro/Schema.java/","org.apache.avro.Schema.DoubleSchema","yes","0","0","7","7","7","7","3","3","233","59","292","292","no","1"
"release-1.3.2","/lang/java/src/java/org/apache/avro/Schema.java/","org.apache.avro.Schema.LongSchema","yes","0","0","7","7","7","7","3","3","233","59","292","292","no","1"
"release-1.3.2","/lang/java/src/java/org/apache/avro/Schema.java/","org.apache.avro.Schema.SeenPair","yes","2","4","7","7","7","7","3","3","233","59","292","292","no","1"
"release-1.3.2","/lang/java/src/java/org/apache/avro/tool/JsonToBinaryFragmentTool.java/","org.apache.avro.tool.JsonToBinaryFragmentTool","yes","2","4","1","1","1","1","1","1","0","0","0","0","no","1"
"release-1.3.2","/lang/java/src/java/org/apache/avro/file/DeflateCodec.java/","org.apache.avro.file.DeflateCodec","yes","0","1","5","5","5","5","2","2","184","39","223","223","no","1"
"release-1.3.2","/lang/java/src/java/org/apache/avro/Schema.java/","org.apache.avro.Schema.Field.Order","yes","0","0","7","7","7","7","3","3","233","59","292","292","no","1"
"release-1.3.2","/lang/java/src/java/org/apache/avro/Schema.java/","org.apache.avro.Schema.BooleanSchema","yes","0","0","7","7","7","7","3","3","233","59","292","292","no","1"
"release-1.3.2","/lang/java/src/java/org/apache/avro/Schema.java/","org.apache.avro.Schema.LockableArrayList","yes","8","8","7","7","7","7","3","3","233","59","292","292","no","1"
"release-1.3.2","/lang/java/src/java/org/apache/avro/file/DataFileWriter.java/","org.apache.avro.file.DataFileWriter.BufferedFileOutputStream.PositionFilter","yes","1","2","6","6","6","6","2","2","177","41","218","218","no","1"
"release-1.3.2","/lang/java/src/java/org/apache/avro/Schema.java/","org.apache.avro.Schema.NamedSchema","yes","7","9","7","7","7","7","3","3","233","59","292","292","no","1"
"release-1.3.2","/lang/java/src/java/org/apache/avro/specific/SpecificCompiler.java/","org.apache.avro.specific.SpecificCompiler.OutputFile","yes","1","2","4","4","4","4","2","2","16","17","33","33","no","1"
"release-1.3.2","/lang/java/src/java/org/apache/avro/file/DataFileReader.java/","org.apache.avro.file.DataFileReader","yes","1","2","3","3","3","3","1","1","73","53","126","126","no","1"
"release-1.3.2","/lang/java/src/java/org/apache/avro/ipc/Responder.java/","org.apache.avro.ipc.Responder","yes","0","3","3","3","3","3","1","1","10","14","24","24","no","1"
"release-1.3.2","/lang/java/src/java/org/apache/avro/specific/SpecificCompiler.java/","org.apache.avro.specific.SpecificCompiler","yes","4","7","4","4","4","4","2","2","16","17","33","33","no","1"
"release-1.3.2","/lang/java/src/java/org/apache/avro/Schema.java/","org.apache.avro.Schema.BytesSchema","yes","0","0","7","7","7","7","3","3","233","59","292","292","no","1"
"release-1.3.2","/lang/java/src/java/org/apache/avro/reflect/ReflectData.java/","org.apache.avro.reflect.ReflectData.AllowNull","yes","1","1","5","5","5","5","2","2","40","27","67","67","no","1"
"release-1.3.2","/lang/java/src/java/org/apache/avro/Schema.java/","org.apache.avro.Schema.IntSchema","yes","0","0","7","7","7","7","3","3","233","59","292","292","no","1"
"release-1.3.2","/lang/java/src/java/org/apache/avro/Schema.java/","org.apache.avro.Schema.ArraySchema","yes","4","5","7","7","7","7","3","3","233","59","292","292","no","1"
"release-1.3.2","/lang/java/src/java/org/apache/avro/file/DataFileStream.java/","org.apache.avro.file.DataFileStream.DataBlock","yes","0","0","7","7","7","7","2","2","151","59","210","210","no","1"
"release-1.3.2","/lang/java/src/java/org/apache/avro/specific/SpecificCompiler.java/","org.apache.avro.specific.SpecificCompiler.SpecificCompilerTool","yes","2","3","4","4","4","4","2","2","16","17","33","33","no","1"
"release-1.3.2","/lang/java/src/java/org/apache/avro/file/DataFileStream.java/","org.apache.avro.file.DataFileStream","yes","7","9","7","7","7","7","2","2","151","59","210","210","no","1"
"release-1.3.2","/lang/java/src/java/org/apache/avro/generic/GenericRequestor.java/","org.apache.avro.generic.GenericRequestor","yes","0","1","2","2","2","2","1","1","14","0","14","14","no","1"
"release-1.3.2","/lang/java/src/java/org/apache/avro/io/parsing/ResolvingGrammarGenerator.java/","org.apache.avro.io.parsing.ResolvingGrammarGenerator","yes","9","13","10","10","10","10","2","2","156","46","202","202","no","1"
"release-1.3.2","/lang/java/src/java/org/apache/avro/Schema.java/","org.apache.avro.Schema.Names","yes","0","1","7","7","7","7","3","3","233","59","292","292","no","1"
"release-1.3.2","/lang/java/src/java/org/apache/avro/Schema.java/","org.apache.avro.Schema.Name","yes","4","6","7","7","7","7","3","3","233","59","292","292","no","1"
"release-1.3.2","/lang/java/src/java/org/apache/avro/Schema.java/","org.apache.avro.Schema.FloatSchema","yes","0","0","7","7","7","7","3","3","233","59","292","292","no","1"
"release-1.3.2","/lang/java/src/java/org/apache/avro/reflect/ReflectResponder.java/","org.apache.avro.reflect.ReflectResponder","yes","0","0","1","1","1","1","1","1","0","0","0","0","no","1"
"release-1.3.2","/lang/java/src/java/org/apache/avro/ipc/RPCContext.java/","org.apache.avro.ipc.RPCContext","yes","2","2","2","2","2","2","1","1","3","3","6","6","no","1"
"release-1.3.2","/lang/java/src/java/org/apache/avro/file/DataFileWriter.java/","org.apache.avro.file.DataFileWriter","yes","3","5","6","6","6","6","2","2","177","41","218","218","no","1"
"release-1.3.2","/lang/java/src/java/org/apache/avro/file/DataFileWriter.java/","org.apache.avro.file.DataFileWriter.BufferedFileOutputStream","yes","1","1","6","6","6","6","2","2","177","41","218","218","no","1"
"release-1.3.2","/lang/java/src/java/org/apache/avro/Schema.java/","org.apache.avro.Schema.Field","yes","2","4","7","7","7","7","3","3","233","59","292","292","no","1"
"release-1.3.2","/lang/java/src/java/org/apache/avro/Schema.java/","org.apache.avro.Schema.EnumSchema","yes","7","8","7","7","7","7","3","3","233","59","292","292","no","1"
"release-1.3.2","/lang/java/src/java/org/apache/avro/generic/GenericDatumReader.java/","org.apache.avro.generic.GenericDatumReader","yes","0","2","5","5","5","5","3","3","77","198","275","275","no","1"
"release-1.3.2","/lang/java/src/java/org/apache/avro/file/DataFileReader.java/","org.apache.avro.file.DataFileReader.SeekableInputStream","yes","0","1","3","3","3","3","1","1","73","53","126","126","no","1"
"release-1.3.2","/lang/java/src/java/org/apache/avro/Schema.java/","org.apache.avro.Schema.StringSchema","yes","0","0","7","7","7","7","3","3","233","59","292","292","no","1"
"release-1.3.2","/lang/java/src/java/org/apache/avro/io/parsing/ResolvingGrammarGenerator.java/","org.apache.avro.io.parsing.ResolvingGrammarGenerator.LitS2","yes","2","3","10","10","10","10","2","2","156","46","202","202","no","1"
"release-1.3.2","/lang/java/src/java/org/apache/avro/Schema.java/","org.apache.avro.Schema","yes","75","78","7","7","7","7","3","3","233","59","292","292","no","1"
"release-1.3.2","/lang/java/src/java/org/apache/avro/specific/SpecificRequestor.java/","org.apache.avro.specific.SpecificRequestor","yes","0","1","3","3","3","3","2","2","7","5","12","12","no","1"
"release-1.3.2","/lang/java/src/java/org/apache/avro/file/DataFileWriter.java/","org.apache.avro.file.DataFileWriter.NonCopyingByteArrayOutputStream","yes","0","1","6","6","6","6","2","2","177","41","218","218","no","1"
"release-1.3.2","/lang/java/src/java/org/apache/avro/Schema.java/","org.apache.avro.Schema.Type","yes","0","0","7","7","7","7","3","3","233","59","292","292","no","1"
"release-1.3.2","/lang/java/src/java/org/apache/avro/Schema.java/","org.apache.avro.Schema.NullSchema","yes","0","0","7","7","7","7","3","3","233","59","292","292","no","1"
"release-1.3.2","/lang/java/src/java/org/apache/avro/ipc/Requestor.java/","org.apache.avro.ipc.Requestor","yes","0","3","3","3","3","3","1","1","7","6","13","13","no","1"
"release-1.3.2","/lang/java/src/java/org/apache/avro/Schema.java/","org.apache.avro.Schema.UnionSchema","yes","5","6","7","7","7","7","3","3","233","59","292","292","no","1"
"release-1.3.1","/lang/java/src/java/org/apache/avro/io/ResolvingDecoder.java/","org.apache.avro.io.ResolvingDecoder","yes","0","3","0","11","0","11","0","2","0","0","0","185","yes","2"
"release-1.3.1","/lang/java/src/java/org/apache/avro/file/DeflateCodec.java/","org.apache.avro.file.DeflateCodec.Option","yes","0","0","0","5","0","5","0","2","0","0","0","223","yes","2"
"release-1.3.1","/lang/java/src/java/org/apache/avro/Schema.java/","org.apache.avro.Schema.FixedSchema","yes","4","5","0","7","0","7","0","3","0","0","0","292","yes","2"
"release-1.3.1","/lang/java/src/java/org/apache/avro/Schema.java/","org.apache.avro.Schema.RecordSchema","yes","6","8","0","7","0","7","0","3","0","0","0","292","yes","2"
"release-1.3.1","/lang/java/src/java/org/apache/avro/Schema.java/","org.apache.avro.Schema.MapSchema","yes","4","5","0","7","0","7","0","3","0","0","0","292","yes","2"
"release-1.3.1","/lang/java/src/java/org/apache/avro/reflect/ReflectData.java/","org.apache.avro.reflect.ReflectData","yes","3","6","0","5","0","5","0","2","0","0","0","67","yes","2"
"release-1.3.1","/lang/java/src/java/org/apache/avro/Schema.java/","org.apache.avro.Schema.DoubleSchema","yes","0","0","0","7","0","7","0","3","0","0","0","292","yes","2"
"release-1.3.1","/lang/java/src/java/org/apache/avro/Schema.java/","org.apache.avro.Schema.LongSchema","yes","0","0","0","7","0","7","0","3","0","0","0","292","yes","2"
"release-1.3.1","/lang/java/src/java/org/apache/avro/Schema.java/","org.apache.avro.Schema.SeenPair","yes","2","4","0","7","0","7","0","3","0","0","0","292","yes","2"
"release-1.3.1","/lang/java/src/java/org/apache/avro/tool/JsonToBinaryFragmentTool.java/","org.apache.avro.tool.JsonToBinaryFragmentTool","yes","2","4","0","1","0","1","0","1","0","0","0","0","yes","2"
"release-1.3.1","/lang/java/src/java/org/apache/avro/file/DeflateCodec.java/","org.apache.avro.file.DeflateCodec","yes","0","1","0","5","0","5","0","2","0","0","0","223","yes","2"
"release-1.3.1","/lang/java/src/java/org/apache/avro/Schema.java/","org.apache.avro.Schema.Field.Order","yes","0","0","0","7","0","7","0","3","0","0","0","292","yes","2"
"release-1.3.1","/lang/java/src/java/org/apache/avro/Schema.java/","org.apache.avro.Schema.BooleanSchema","yes","0","0","0","7","0","7","0","3","0","0","0","292","yes","2"
"release-1.3.1","/lang/java/src/java/org/apache/avro/Schema.java/","org.apache.avro.Schema.LockableArrayList","yes","8","8","0","7","0","7","0","3","0","0","0","292","yes","2"
"release-1.3.1","/lang/java/src/java/org/apache/avro/file/DataFileWriter.java/","org.apache.avro.file.DataFileWriter.BufferedFileOutputStream.PositionFilter","yes","1","2","0","6","0","6","0","2","0","0","0","218","yes","2"
"release-1.3.1","/lang/java/src/java/org/apache/avro/Schema.java/","org.apache.avro.Schema.NamedSchema","yes","7","9","0","7","0","7","0","3","0","0","0","292","yes","2"
"release-1.3.1","/lang/java/src/java/org/apache/avro/specific/SpecificCompiler.java/","org.apache.avro.specific.SpecificCompiler.OutputFile","yes","1","2","0","4","0","4","0","2","0","0","0","33","yes","2"
"release-1.3.1","/lang/java/src/java/org/apache/avro/file/DataFileReader.java/","org.apache.avro.file.DataFileReader","yes","1","2","0","3","0","3","0","1","0","0","0","126","yes","2"
"release-1.3.1","/lang/java/src/java/org/apache/avro/ipc/Responder.java/","org.apache.avro.ipc.Responder","yes","0","3","0","3","0","3","0","1","0","0","0","24","yes","2"
"release-1.3.1","/lang/java/src/java/org/apache/avro/specific/SpecificCompiler.java/","org.apache.avro.specific.SpecificCompiler","yes","4","7","0","4","0","4","0","2","0","0","0","33","yes","2"
"release-1.3.1","/lang/java/src/java/org/apache/avro/Schema.java/","org.apache.avro.Schema.BytesSchema","yes","0","0","0","7","0","7","0","3","0","0","0","292","yes","2"
"release-1.3.1","/lang/java/src/java/org/apache/avro/reflect/ReflectData.java/","org.apache.avro.reflect.ReflectData.AllowNull","yes","1","1","0","5","0","5","0","2","0","0","0","67","yes","2"
"release-1.3.1","/lang/java/src/java/org/apache/avro/Schema.java/","org.apache.avro.Schema.IntSchema","yes","0","0","0","7","0","7","0","3","0","0","0","292","yes","2"
"release-1.3.1","/lang/java/src/java/org/apache/avro/Schema.java/","org.apache.avro.Schema.ArraySchema","yes","4","5","0","7","0","7","0","3","0","0","0","292","yes","2"
"release-1.3.1","/lang/java/src/java/org/apache/avro/file/DataFileStream.java/","org.apache.avro.file.DataFileStream.DataBlock","yes","0","0","0","7","0","7","0","2","0","0","0","210","yes","2"
"release-1.3.1","/lang/java/src/java/org/apache/avro/specific/SpecificCompiler.java/","org.apache.avro.specific.SpecificCompiler.SpecificCompilerTool","yes","2","3","0","4","0","4","0","2","0","0","0","33","yes","2"
"release-1.3.1","/lang/java/src/java/org/apache/avro/file/DataFileStream.java/","org.apache.avro.file.DataFileStream","yes","7","9","0","7","0","7","0","2","0","0","0","210","yes","2"
"release-1.3.1","/lang/java/src/java/org/apache/avro/generic/GenericRequestor.java/","org.apache.avro.generic.GenericRequestor","yes","0","1","0","2","0","2","0","1","0","0","0","14","yes","2"
"release-1.3.1","/lang/java/src/java/org/apache/avro/io/parsing/ResolvingGrammarGenerator.java/","org.apache.avro.io.parsing.ResolvingGrammarGenerator","yes","9","13","0","10","0","10","0","2","0","0","0","202","yes","2"
"release-1.3.1","/lang/java/src/java/org/apache/avro/Schema.java/","org.apache.avro.Schema.Names","yes","0","1","0","7","0","7","0","3","0","0","0","292","yes","2"
"release-1.3.1","/lang/java/src/java/org/apache/avro/Schema.java/","org.apache.avro.Schema.Name","yes","4","6","0","7","0","7","0","3","0","0","0","292","yes","2"
"release-1.3.1","/lang/java/src/java/org/apache/avro/Schema.java/","org.apache.avro.Schema.FloatSchema","yes","0","0","0","7","0","7","0","3","0","0","0","292","yes","2"
"release-1.3.1","/lang/java/src/java/org/apache/avro/reflect/ReflectResponder.java/","org.apache.avro.reflect.ReflectResponder","yes","0","0","0","1","0","1","0","1","0","0","0","0","yes","2"
"release-1.3.1","/lang/java/src/java/org/apache/avro/ipc/RPCContext.java/","org.apache.avro.ipc.RPCContext","yes","2","2","0","2","0","2","0","1","0","0","0","6","yes","2"
"release-1.3.1","/lang/java/src/java/org/apache/avro/file/DataFileWriter.java/","org.apache.avro.file.DataFileWriter","yes","3","5","0","6","0","6","0","2","0","0","0","218","yes","2"
"release-1.3.1","/lang/java/src/java/org/apache/avro/file/DataFileWriter.java/","org.apache.avro.file.DataFileWriter.BufferedFileOutputStream","yes","1","1","0","6","0","6","0","2","0","0","0","218","yes","2"
"release-1.3.1","/lang/java/src/java/org/apache/avro/Schema.java/","org.apache.avro.Schema.Field","yes","2","4","0","7","0","7","0","3","0","0","0","292","yes","2"
"release-1.3.1","/lang/java/src/java/org/apache/avro/Schema.java/","org.apache.avro.Schema.EnumSchema","yes","7","8","0","7","0","7","0","3","0","0","0","292","yes","2"
"release-1.3.1","/lang/java/src/java/org/apache/avro/generic/GenericDatumReader.java/","org.apache.avro.generic.GenericDatumReader","yes","0","2","0","5","0","5","0","3","0","0","0","275","yes","2"
"release-1.3.1","/lang/java/src/java/org/apache/avro/file/DataFileReader.java/","org.apache.avro.file.DataFileReader.SeekableInputStream","yes","0","1","0","3","0","3","0","1","0","0","0","126","yes","2"
"release-1.3.1","/lang/java/src/java/org/apache/avro/Schema.java/","org.apache.avro.Schema.StringSchema","yes","0","0","0","7","0","7","0","3","0","0","0","292","yes","2"
"release-1.3.1","/lang/java/src/java/org/apache/avro/io/parsing/ResolvingGrammarGenerator.java/","org.apache.avro.io.parsing.ResolvingGrammarGenerator.LitS2","yes","2","3","0","10","0","10","0","2","0","0","0","202","yes","2"
"release-1.3.1","/lang/java/src/java/org/apache/avro/Schema.java/","org.apache.avro.Schema","yes","75","78","0","7","0","7","0","3","0","0","0","292","yes","2"
"release-1.3.1","/lang/java/src/java/org/apache/avro/specific/SpecificRequestor.java/","org.apache.avro.specific.SpecificRequestor","yes","0","1","0","3","0","3","0","2","0","0","0","12","yes","2"
"release-1.3.1","/lang/java/src/java/org/apache/avro/file/DataFileWriter.java/","org.apache.avro.file.DataFileWriter.NonCopyingByteArrayOutputStream","yes","0","1","0","6","0","6","0","2","0","0","0","218","yes","2"
"release-1.3.1","/lang/java/src/java/org/apache/avro/Schema.java/","org.apache.avro.Schema.Type","yes","0","0","0","7","0","7","0","3","0","0","0","292","yes","2"
"release-1.3.1","/lang/java/src/java/org/apache/avro/Schema.java/","org.apache.avro.Schema.NullSchema","yes","0","0","0","7","0","7","0","3","0","0","0","292","yes","2"
"release-1.3.1","/lang/java/src/java/org/apache/avro/ipc/Requestor.java/","org.apache.avro.ipc.Requestor","yes","0","3","0","3","0","3","0","1","0","0","0","13","yes","2"
"release-1.3.1","/lang/java/src/java/org/apache/avro/Schema.java/","org.apache.avro.Schema.UnionSchema","yes","5","6","0","7","0","7","0","3","0","0","0","292","yes","2"
"release-1.3.0","/lang/java/src/java/org/apache/avro/io/ResolvingDecoder.java/","org.apache.avro.io.ResolvingDecoder","yes","0","3","0","11","0","11","0","2","0","0","0","185","yes","3"
"release-1.3.0","/lang/java/src/java/org/apache/avro/file/DeflateCodec.java/","org.apache.avro.file.DeflateCodec.Option","yes","0","0","0","5","0","5","0","2","0","0","0","223","yes","3"
"release-1.3.0","/lang/java/src/java/org/apache/avro/Schema.java/","org.apache.avro.Schema.FixedSchema","yes","4","5","0","7","0","7","0","3","0","0","0","292","yes","3"
"release-1.3.0","/lang/java/src/java/org/apache/avro/Schema.java/","org.apache.avro.Schema.RecordSchema","yes","6","8","0","7","0","7","0","3","0","0","0","292","yes","3"
"release-1.3.0","/lang/java/src/java/org/apache/avro/Schema.java/","org.apache.avro.Schema.MapSchema","yes","4","5","0","7","0","7","0","3","0","0","0","292","yes","3"
"release-1.3.0","/lang/java/src/java/org/apache/avro/reflect/ReflectData.java/","org.apache.avro.reflect.ReflectData","yes","4","7","0","5","0","5","0","2","0","0","0","67","yes","3"
"release-1.3.0","/lang/java/src/java/org/apache/avro/Schema.java/","org.apache.avro.Schema.DoubleSchema","yes","0","0","0","7","0","7","0","3","0","0","0","292","yes","3"
"release-1.3.0","/lang/java/src/java/org/apache/avro/Schema.java/","org.apache.avro.Schema.LongSchema","yes","0","0","0","7","0","7","0","3","0","0","0","292","yes","3"
"release-1.3.0","/lang/java/src/java/org/apache/avro/Schema.java/","org.apache.avro.Schema.SeenPair","yes","2","4","0","7","0","7","0","3","0","0","0","292","yes","3"
"release-1.3.0","/lang/java/src/java/org/apache/avro/tool/JsonToBinaryFragmentTool.java/","org.apache.avro.tool.JsonToBinaryFragmentTool","yes","2","4","0","1","0","1","0","1","0","0","0","0","yes","3"
"release-1.3.0","/lang/java/src/java/org/apache/avro/file/DeflateCodec.java/","org.apache.avro.file.DeflateCodec","yes","0","1","0","5","0","5","0","2","0","0","0","223","yes","3"
"release-1.3.0","/lang/java/src/java/org/apache/avro/Schema.java/","org.apache.avro.Schema.Field.Order","yes","0","0","0","7","0","7","0","3","0","0","0","292","yes","3"
"release-1.3.0","/lang/java/src/java/org/apache/avro/Schema.java/","org.apache.avro.Schema.BooleanSchema","yes","0","0","0","7","0","7","0","3","0","0","0","292","yes","3"
"release-1.3.0","/lang/java/src/java/org/apache/avro/Schema.java/","org.apache.avro.Schema.LockableArrayList","yes","8","8","0","7","0","7","0","3","0","0","0","292","yes","3"
"release-1.3.0","/lang/java/src/java/org/apache/avro/file/DataFileWriter.java/","org.apache.avro.file.DataFileWriter.BufferedFileOutputStream.PositionFilter","yes","1","2","0","6","0","6","0","2","0","0","0","218","yes","3"
"release-1.3.0","/lang/java/src/java/org/apache/avro/Schema.java/","org.apache.avro.Schema.NamedSchema","yes","7","9","0","7","0","7","0","3","0","0","0","292","yes","3"
"release-1.3.0","/lang/java/src/java/org/apache/avro/specific/SpecificCompiler.java/","org.apache.avro.specific.SpecificCompiler.OutputFile","yes","1","2","0","4","0","4","0","2","0","0","0","33","yes","3"
"release-1.3.0","/lang/java/src/java/org/apache/avro/file/DataFileReader.java/","org.apache.avro.file.DataFileReader","yes","1","2","0","3","0","3","0","1","0","0","0","126","yes","3"
"release-1.3.0","/lang/java/src/java/org/apache/avro/ipc/Responder.java/","org.apache.avro.ipc.Responder","yes","0","3","0","3","0","3","0","1","0","0","0","24","yes","3"
"release-1.3.0","/lang/java/src/java/org/apache/avro/specific/SpecificCompiler.java/","org.apache.avro.specific.SpecificCompiler","yes","4","7","0","4","0","4","0","2","0","0","0","33","yes","3"
"release-1.3.0","/lang/java/src/java/org/apache/avro/Schema.java/","org.apache.avro.Schema.BytesSchema","yes","0","0","0","7","0","7","0","3","0","0","0","292","yes","3"
"release-1.3.0","/lang/java/src/java/org/apache/avro/reflect/ReflectData.java/","org.apache.avro.reflect.ReflectData.AllowNull","yes","2","3","0","5","0","5","0","2","0","0","0","67","yes","3"
"release-1.3.0","/lang/java/src/java/org/apache/avro/Schema.java/","org.apache.avro.Schema.IntSchema","yes","0","0","0","7","0","7","0","3","0","0","0","292","yes","3"
"release-1.3.0","/lang/java/src/java/org/apache/avro/Schema.java/","org.apache.avro.Schema.ArraySchema","yes","4","5","0","7","0","7","0","3","0","0","0","292","yes","3"
"release-1.3.0","/lang/java/src/java/org/apache/avro/file/DataFileStream.java/","org.apache.avro.file.DataFileStream.DataBlock","yes","0","0","0","7","0","7","0","2","0","0","0","210","yes","3"
"release-1.3.0","/lang/java/src/java/org/apache/avro/specific/SpecificCompiler.java/","org.apache.avro.specific.SpecificCompiler.SpecificCompilerTool","yes","2","3","0","4","0","4","0","2","0","0","0","33","yes","3"
"release-1.3.0","/lang/java/src/java/org/apache/avro/file/DataFileStream.java/","org.apache.avro.file.DataFileStream","yes","6","8","0","7","0","7","0","2","0","0","0","210","yes","3"
"release-1.3.0","/lang/java/src/java/org/apache/avro/generic/GenericRequestor.java/","org.apache.avro.generic.GenericRequestor","yes","0","1","0","2","0","2","0","1","0","0","0","14","yes","3"
"release-1.3.0","/lang/java/src/java/org/apache/avro/io/parsing/ResolvingGrammarGenerator.java/","org.apache.avro.io.parsing.ResolvingGrammarGenerator","yes","9","13","0","10","0","10","0","2","0","0","0","202","yes","3"
"release-1.3.0","/lang/java/src/java/org/apache/avro/Schema.java/","org.apache.avro.Schema.Names","yes","0","1","0","7","0","7","0","3","0","0","0","292","yes","3"
"release-1.3.0","/lang/java/src/java/org/apache/avro/Schema.java/","org.apache.avro.Schema.Name","yes","4","6","0","7","0","7","0","3","0","0","0","292","yes","3"
"release-1.3.0","/lang/java/src/java/org/apache/avro/Schema.java/","org.apache.avro.Schema.FloatSchema","yes","0","0","0","7","0","7","0","3","0","0","0","292","yes","3"
"release-1.3.0","/lang/java/src/java/org/apache/avro/reflect/ReflectResponder.java/","org.apache.avro.reflect.ReflectResponder","yes","0","0","0","1","0","1","0","1","0","0","0","0","yes","3"
"release-1.3.0","/lang/java/src/java/org/apache/avro/ipc/RPCContext.java/","org.apache.avro.ipc.RPCContext","yes","2","2","0","2","0","2","0","1","0","0","0","6","yes","3"
"release-1.3.0","/lang/java/src/java/org/apache/avro/file/DataFileWriter.java/","org.apache.avro.file.DataFileWriter","yes","3","5","0","6","0","6","0","2","0","0","0","218","yes","3"
"release-1.3.0","/lang/java/src/java/org/apache/avro/file/DataFileWriter.java/","org.apache.avro.file.DataFileWriter.BufferedFileOutputStream","yes","1","1","0","6","0","6","0","2","0","0","0","218","yes","3"
"release-1.3.0","/lang/java/src/java/org/apache/avro/Schema.java/","org.apache.avro.Schema.Field","yes","2","4","0","7","0","7","0","3","0","0","0","292","yes","3"
"release-1.3.0","/lang/java/src/java/org/apache/avro/Schema.java/","org.apache.avro.Schema.EnumSchema","yes","7","8","0","7","0","7","0","3","0","0","0","292","yes","3"
"release-1.3.0","/lang/java/src/java/org/apache/avro/generic/GenericDatumReader.java/","org.apache.avro.generic.GenericDatumReader","yes","0","2","0","5","0","5","0","3","0","0","0","275","yes","3"
"release-1.3.0","/lang/java/src/java/org/apache/avro/file/DataFileReader.java/","org.apache.avro.file.DataFileReader.SeekableInputStream","yes","0","1","0","3","0","3","0","1","0","0","0","126","yes","3"
"release-1.3.0","/lang/java/src/java/org/apache/avro/Schema.java/","org.apache.avro.Schema.StringSchema","yes","0","0","0","7","0","7","0","3","0","0","0","292","yes","3"
"release-1.3.0","/lang/java/src/java/org/apache/avro/io/parsing/ResolvingGrammarGenerator.java/","org.apache.avro.io.parsing.ResolvingGrammarGenerator.LitS2","yes","2","3","0","10","0","10","0","2","0","0","0","202","yes","3"
"release-1.3.0","/lang/java/src/java/org/apache/avro/Schema.java/","org.apache.avro.Schema","yes","75","78","0","7","0","7","0","3","0","0","0","292","yes","3"
"release-1.3.0","/lang/java/src/java/org/apache/avro/specific/SpecificRequestor.java/","org.apache.avro.specific.SpecificRequestor","yes","0","1","0","3","0","3","0","2","0","0","0","12","yes","3"
"release-1.3.0","/lang/java/src/java/org/apache/avro/file/DataFileWriter.java/","org.apache.avro.file.DataFileWriter.NonCopyingByteArrayOutputStream","yes","0","1","0","6","0","6","0","2","0","0","0","218","yes","3"
"release-1.3.0","/lang/java/src/java/org/apache/avro/Schema.java/","org.apache.avro.Schema.Type","yes","0","0","0","7","0","7","0","3","0","0","0","292","yes","3"
"release-1.3.0","/lang/java/src/java/org/apache/avro/Schema.java/","org.apache.avro.Schema.NullSchema","yes","0","0","0","7","0","7","0","3","0","0","0","292","yes","3"
"release-1.3.0","/lang/java/src/java/org/apache/avro/ipc/Requestor.java/","org.apache.avro.ipc.Requestor","yes","0","3","0","3","0","3","0","1","0","0","0","13","yes","3"
"release-1.3.0","/lang/java/src/java/org/apache/avro/Schema.java/","org.apache.avro.Schema.UnionSchema","yes","5","6","0","7","0","7","0","3","0","0","0","292","yes","3"
"release-1.3.3","/lang/java/src/java/org/apache/avro/file/DeflateCodec.java/","org.apache.avro.file.DeflateCodec.Option","yes","0","0","5","10","5","10","2","2","184","39","223","446","no","4"
"release-1.3.3","/lang/java/src/java/org/apache/avro/Schema.java/","org.apache.avro.Schema.FixedSchema","yes","4","5","7","14","7","14","3","3","233","59","292","584","no","4"
"release-1.3.3","/lang/java/src/java/org/apache/avro/Schema.java/","org.apache.avro.Schema.RecordSchema","yes","6","8","7","14","7","14","3","3","233","59","292","584","no","4"
"release-1.3.3","/lang/java/src/java/org/apache/avro/Schema.java/","org.apache.avro.Schema.MapSchema","yes","4","5","7","14","7","14","3","3","233","59","292","584","no","4"
"release-1.3.3","/lang/java/src/java/org/apache/avro/reflect/ReflectData.java/","org.apache.avro.reflect.ReflectData","yes","3","6","6","11","6","11","2","2","47","30","77","144","no","4"
"release-1.3.3","/lang/java/src/java/org/apache/avro/Schema.java/","org.apache.avro.Schema.DoubleSchema","yes","0","0","7","14","7","14","3","3","233","59","292","584","no","4"
"release-1.3.3","/lang/java/src/java/org/apache/avro/Schema.java/","org.apache.avro.Schema.LongSchema","yes","0","0","7","14","7","14","3","3","233","59","292","584","no","4"
"release-1.3.3","/lang/java/src/java/org/apache/avro/Schema.java/","org.apache.avro.Schema.SeenPair","yes","2","4","7","14","7","14","3","3","233","59","292","584","no","4"
"release-1.3.3","/lang/java/src/java/org/apache/avro/tool/JsonToBinaryFragmentTool.java/","org.apache.avro.tool.JsonToBinaryFragmentTool","yes","2","4","1","2","1","2","1","1","0","0","0","0","no","4"
"release-1.3.3","/lang/java/src/java/org/apache/avro/file/DeflateCodec.java/","org.apache.avro.file.DeflateCodec","yes","0","1","5","10","5","10","2","2","184","39","223","446","no","4"
"release-1.3.3","/lang/java/src/java/org/apache/avro/Schema.java/","org.apache.avro.Schema.Field.Order","yes","0","0","7","14","7","14","3","3","233","59","292","584","no","4"
"release-1.3.3","/lang/java/src/java/org/apache/avro/Schema.java/","org.apache.avro.Schema.BooleanSchema","yes","0","0","7","14","7","14","3","3","233","59","292","584","no","4"
"release-1.3.3","/lang/java/src/java/org/apache/avro/Schema.java/","org.apache.avro.Schema.LockableArrayList","yes","8","8","7","14","7","14","3","3","233","59","292","584","no","4"
"release-1.3.3","/lang/java/src/java/org/apache/avro/file/DataFileWriter.java/","org.apache.avro.file.DataFileWriter.BufferedFileOutputStream.PositionFilter","yes","1","2","7","13","7","13","2","2","180","47","227","445","no","4"
"release-1.3.3","/lang/java/src/java/org/apache/avro/Schema.java/","org.apache.avro.Schema.NamedSchema","yes","7","9","7","14","7","14","3","3","233","59","292","584","no","4"
"release-1.3.3","/lang/java/src/java/org/apache/avro/specific/SpecificCompiler.java/","org.apache.avro.specific.SpecificCompiler.OutputFile","yes","1","2","4","8","4","8","2","2","16","17","33","66","no","4"
"release-1.3.3","/lang/java/src/java/org/apache/avro/reflect/ReflectDatumWriter.java/","org.apache.avro.reflect.ReflectDatumWriter","yes","5","6","1","2","1","2","1","1","0","0","0","0","no","4"
"release-1.3.3","/lang/java/src/java/org/apache/avro/file/DataFileReader.java/","org.apache.avro.file.DataFileReader","yes","1","2","3","6","3","6","1","1","73","53","126","252","no","4"
"release-1.3.3","/lang/java/src/java/org/apache/avro/ipc/Responder.java/","org.apache.avro.ipc.Responder","yes","0","3","3","6","3","6","1","1","10","14","24","48","no","4"
"release-1.3.3","/lang/java/src/java/org/apache/avro/specific/SpecificCompiler.java/","org.apache.avro.specific.SpecificCompiler","yes","4","7","4","8","4","8","2","2","16","17","33","66","no","4"
"release-1.3.3","/lang/java/src/java/org/apache/avro/Schema.java/","org.apache.avro.Schema.BytesSchema","yes","0","0","7","14","7","14","3","3","233","59","292","584","no","4"
"release-1.3.3","/lang/java/src/java/org/apache/avro/generic/GenericData.java/","org.apache.avro.generic.GenericData.Record","yes","0","1","6","12","6","12","3","3","32","30","62","124","no","4"
"release-1.3.3","/lang/java/src/java/org/apache/avro/reflect/ReflectData.java/","org.apache.avro.reflect.ReflectData.AllowNull","yes","1","1","6","11","6","11","2","2","47","30","77","144","no","4"
"release-1.3.3","/lang/java/src/java/org/apache/avro/Schema.java/","org.apache.avro.Schema.IntSchema","yes","0","0","7","14","7","14","3","3","233","59","292","584","no","4"
"release-1.3.3","/lang/java/src/java/org/apache/avro/Schema.java/","org.apache.avro.Schema.ArraySchema","yes","4","5","7","14","7","14","3","3","233","59","292","584","no","4"
"release-1.3.3","/lang/java/src/java/org/apache/avro/file/DataFileStream.java/","org.apache.avro.file.DataFileStream.DataBlock","yes","0","0","7","14","7","14","2","2","151","59","210","420","no","4"
"release-1.3.3","/lang/java/src/java/org/apache/avro/specific/SpecificCompiler.java/","org.apache.avro.specific.SpecificCompiler.SpecificCompilerTool","yes","2","3","4","8","4","8","2","2","16","17","33","66","no","4"
"release-1.3.3","/lang/java/src/java/org/apache/avro/file/DataFileStream.java/","org.apache.avro.file.DataFileStream","yes","7","9","7","14","7","14","2","2","151","59","210","420","no","4"
"release-1.3.3","/lang/java/src/java/org/apache/avro/generic/GenericRequestor.java/","org.apache.avro.generic.GenericRequestor","yes","0","1","2","4","2","4","1","1","14","0","14","28","no","4"
"release-1.3.3","/lang/java/src/java/org/apache/avro/io/parsing/ResolvingGrammarGenerator.java/","org.apache.avro.io.parsing.ResolvingGrammarGenerator","yes","9","13","10","20","10","20","2","2","156","46","202","404","no","4"
"release-1.3.3","/lang/java/src/java/org/apache/avro/Schema.java/","org.apache.avro.Schema.Names","yes","0","1","7","14","7","14","3","3","233","59","292","584","no","4"
"release-1.3.3","/lang/java/src/java/org/apache/avro/generic/GenericData.java/","org.apache.avro.generic.GenericData.Array","yes","7","8","6","12","6","12","3","3","32","30","62","124","no","4"
"release-1.3.3","/lang/java/src/java/org/apache/avro/Schema.java/","org.apache.avro.Schema.Name","yes","4","6","7","14","7","14","3","3","233","59","292","584","no","4"
"release-1.3.3","/lang/java/src/java/org/apache/avro/Schema.java/","org.apache.avro.Schema.FloatSchema","yes","0","0","7","14","7","14","3","3","233","59","292","584","no","4"
"release-1.3.3","/lang/java/src/java/org/apache/avro/reflect/ReflectResponder.java/","org.apache.avro.reflect.ReflectResponder","yes","0","0","1","2","1","2","1","1","0","0","0","0","no","4"
"release-1.3.3","/lang/java/src/java/org/apache/avro/generic/GenericData.java/","org.apache.avro.generic.GenericData","yes","13","17","6","12","6","12","3","3","32","30","62","124","no","4"
"release-1.3.3","/lang/java/src/java/org/apache/avro/ipc/RPCContext.java/","org.apache.avro.ipc.RPCContext","yes","2","2","2","4","2","4","1","1","3","3","6","12","no","4"
"release-1.3.3","/lang/java/src/java/org/apache/avro/file/DataFileWriter.java/","org.apache.avro.file.DataFileWriter","yes","3","5","7","13","7","13","2","2","180","47","227","445","no","4"
"release-1.3.3","/lang/java/src/java/org/apache/avro/file/DataFileWriter.java/","org.apache.avro.file.DataFileWriter.BufferedFileOutputStream","yes","1","1","7","13","7","13","2","2","180","47","227","445","no","4"
"release-1.3.3","/lang/java/src/java/org/apache/avro/Schema.java/","org.apache.avro.Schema.Field","yes","2","4","7","14","7","14","3","3","233","59","292","584","no","4"
"release-1.3.3","/lang/java/src/java/org/apache/avro/Schema.java/","org.apache.avro.Schema.EnumSchema","yes","7","8","7","14","7","14","3","3","233","59","292","584","no","4"
"release-1.3.3","/lang/java/src/java/org/apache/avro/generic/GenericDatumReader.java/","org.apache.avro.generic.GenericDatumReader","yes","0","2","6","11","6","11","3","3","81","199","280","555","no","4"
"release-1.3.3","/lang/java/src/java/org/apache/avro/file/DataFileReader.java/","org.apache.avro.file.DataFileReader.SeekableInputStream","yes","0","1","3","6","3","6","1","1","73","53","126","252","no","4"
"release-1.3.3","/lang/java/src/java/org/apache/avro/Schema.java/","org.apache.avro.Schema.StringSchema","yes","0","0","7","14","7","14","3","3","233","59","292","584","no","4"
"release-1.3.3","/lang/java/src/java/org/apache/avro/io/parsing/ResolvingGrammarGenerator.java/","org.apache.avro.io.parsing.ResolvingGrammarGenerator.LitS2","yes","2","3","10","20","10","20","2","2","156","46","202","404","no","4"
"release-1.3.3","/lang/java/src/java/org/apache/avro/Schema.java/","org.apache.avro.Schema","yes","75","78","7","14","7","14","3","3","233","59","292","584","no","4"
"release-1.3.3","/lang/java/src/java/org/apache/avro/specific/SpecificRequestor.java/","org.apache.avro.specific.SpecificRequestor","yes","0","1","3","6","3","6","2","2","7","5","12","24","no","4"
"release-1.3.3","/lang/java/src/java/org/apache/avro/file/DataFileWriter.java/","org.apache.avro.file.DataFileWriter.NonCopyingByteArrayOutputStream","yes","0","1","7","13","7","13","2","2","180","47","227","445","no","4"
"release-1.3.3","/lang/java/src/java/org/apache/avro/Schema.java/","org.apache.avro.Schema.Type","yes","0","0","7","14","7","14","3","3","233","59","292","584","no","4"
"release-1.3.3","/lang/java/src/java/org/apache/avro/Schema.java/","org.apache.avro.Schema.NullSchema","yes","0","0","7","14","7","14","3","3","233","59","292","584","no","4"
"release-1.3.3","/lang/java/src/java/org/apache/avro/reflect/ReflectDatumReader.java/","org.apache.avro.reflect.ReflectDatumReader","yes","0","1","2","4","2","4","2","2","2","2","4","8","no","4"
"release-1.3.3","/lang/java/src/java/org/apache/avro/generic/GenericData.java/","org.apache.avro.generic.GenericData.Fixed","yes","6","8","6","12","6","12","3","3","32","30","62","124","no","4"
"release-1.3.3","/lang/java/src/java/org/apache/avro/ipc/Requestor.java/","org.apache.avro.ipc.Requestor","yes","0","3","3","6","3","6","1","1","7","6","13","26","no","4"
"release-1.3.3","/lang/java/src/java/org/apache/avro/Schema.java/","org.apache.avro.Schema.UnionSchema","yes","5","6","7","14","7","14","3","3","233","59","292","584","no","4"
"release-1.4.0","/lang/java/src/java/org/apache/avro/Schema.java/","org.apache.avro.Schema.FixedSchema","yes","4","5","4","18","4","18","1","3","269","45","314","898","yes","5"
"release-1.4.0","/lang/java/src/java/org/apache/avro/Schema.java/","org.apache.avro.Schema.RecordSchema","yes","6","8","4","18","4","18","1","3","269","45","314","898","yes","5"
"release-1.4.0","/lang/java/src/java/org/apache/avro/Schema.java/","org.apache.avro.Schema.SeenPair","yes","2","4","4","18","4","18","1","3","269","45","314","898","yes","5"
"release-1.4.0","/lang/java/src/java/org/apache/avro/Schema.java/","org.apache.avro.Schema.BooleanSchema","yes","0","0","4","18","4","18","1","3","269","45","314","898","yes","5"
"release-1.4.0","/lang/java/src/java/org/apache/avro/Schema.java/","org.apache.avro.Schema.LockableArrayList","yes","8","8","4","18","4","18","1","3","269","45","314","898","yes","5"
"release-1.4.0","/lang/java/src/java/org/apache/avro/Schema.java/","org.apache.avro.Schema.NamedSchema","yes","9","11","4","18","4","18","1","3","269","45","314","898","yes","5"
"release-1.4.0","/lang/java/src/java/org/apache/avro/specific/SpecificCompiler.java/","org.apache.avro.specific.SpecificCompiler","yes","5","8","6","14","6","14","1","2","32","16","48","114","yes","5"
"release-1.4.0","/lang/java/src/java/org/apache/avro/Schema.java/","org.apache.avro.Schema.BytesSchema","yes","0","0","4","18","4","18","1","3","269","45","314","898","yes","5"
"release-1.4.0","/lang/java/src/java/org/apache/avro/Schema.java/","org.apache.avro.Schema.IntSchema","yes","0","0","4","18","4","18","1","3","269","45","314","898","yes","5"
"release-1.4.0","/lang/java/src/java/org/apache/avro/specific/SpecificCompiler.java/","org.apache.avro.specific.SpecificCompiler.SpecificCompilerTool","yes","2","3","6","14","6","14","1","2","32","16","48","114","yes","5"
"release-1.4.0","/lang/java/src/java/org/apache/avro/io/BlockingBinaryEncoder.java/","org.apache.avro.io.BlockingBinaryEncoder","yes","2","5","0","4","0","4","0","2","0","0","0","36","no","5"
"release-1.4.0","/lang/java/src/java/org/apache/avro/Schema.java/","org.apache.avro.Schema.Names","yes","0","1","4","18","4","18","1","3","269","45","314","898","yes","5"
"release-1.4.0","/lang/java/src/java/org/apache/avro/generic/GenericData.java/","org.apache.avro.generic.GenericData.Array","yes","8","10","5","17","5","17","1","3","56","20","76","200","yes","5"
"release-1.4.0","/lang/java/src/java/org/apache/avro/Schema.java/","org.apache.avro.Schema.Props","yes","0","1","4","4","4","4","1","1","269","45","314","314","no","1"
"release-1.4.0","/lang/java/src/java/org/apache/avro/Schema.java/","org.apache.avro.Schema.FloatSchema","yes","0","0","4","18","4","18","1","3","269","45","314","898","yes","5"
"release-1.4.0","/lang/java/src/java/org/apache/avro/io/BinaryEncoder.java/","org.apache.avro.io.BinaryEncoder.ByteWriter","yes","0","0","0","4","0","4","0","2","0","0","0","8","no","5"
"release-1.4.0","/lang/java/src/java/org/apache/avro/io/BinaryEncoder.java/","org.apache.avro.io.BinaryEncoder","yes","5","8","0","4","0","4","0","2","0","0","0","8","no","5"
"release-1.4.0","/lang/java/src/java/org/apache/avro/file/DataFileWriter.java/","org.apache.avro.file.DataFileWriter.BufferedFileOutputStream","yes","1","1","3","16","3","16","2","3","26","30","56","501","yes","5"
"release-1.4.0","/lang/java/src/java/org/apache/avro/Schema.java/","org.apache.avro.Schema.EnumSchema","yes","7","8","4","18","4","18","1","3","269","45","314","898","yes","5"
"release-1.4.0","/lang/java/src/java/org/apache/avro/Schema.java/","org.apache.avro.Schema.StringSchema","yes","0","0","4","18","4","18","1","3","269","45","314","898","yes","5"
"release-1.4.0","/lang/java/src/java/org/apache/avro/file/DataFileWriter.java/","org.apache.avro.file.DataFileWriter.NonCopyingByteArrayOutputStream","yes","0","1","3","16","3","16","2","3","26","30","56","501","yes","5"
"release-1.4.0","/lang/java/src/java/org/apache/avro/Schema.java/","org.apache.avro.Schema.Type","yes","0","0","4","18","4","18","1","3","269","45","314","898","yes","5"
"release-1.4.0","/lang/java/src/java/org/apache/avro/io/Encoder.java/","org.apache.avro.io.Encoder","yes","0","2","0","2","0","2","0","1","0","0","0","0","no","5"
"release-1.4.0","/lang/java/src/java/org/apache/avro/io/BlockingBinaryEncoder.java/","org.apache.avro.io.BlockingBinaryEncoder.EncoderBuffer","yes","1","1","0","4","0","4","0","2","0","0","0","36","no","5"
"release-1.4.0","/lang/java/src/java/org/apache/avro/generic/GenericDatumWriter.java/","org.apache.avro.generic.GenericDatumWriter","yes","0","2","3","9","3","9","1","2","46","29","75","93","no","5"
"release-1.4.0","/lang/java/src/java/org/apache/avro/Schema.java/","org.apache.avro.Schema.MapSchema","yes","4","5","4","18","4","18","1","3","269","45","314","898","yes","5"
"release-1.4.0","/lang/java/src/java/org/apache/avro/Schema.java/","org.apache.avro.Schema.DoubleSchema","yes","0","0","4","18","4","18","1","3","269","45","314","898","yes","5"
"release-1.4.0","/lang/java/src/java/org/apache/avro/Schema.java/","org.apache.avro.Schema.LongSchema","yes","0","0","4","18","4","18","1","3","269","45","314","898","yes","5"
"release-1.4.0","/lang/java/src/java/org/apache/avro/Schema.java/","org.apache.avro.Schema.Field.Order","yes","0","0","4","18","4","18","1","3","269","45","314","898","yes","5"
"release-1.4.0","/lang/java/src/java/org/apache/avro/file/DataFileWriter.java/","org.apache.avro.file.DataFileWriter.BufferedFileOutputStream.PositionFilter","yes","1","2","3","16","3","16","2","3","26","30","56","501","yes","5"
"release-1.4.0","/lang/java/src/java/org/apache/avro/specific/SpecificCompiler.java/","org.apache.avro.specific.SpecificCompiler.OutputFile","yes","1","2","6","14","6","14","1","2","32","16","48","114","yes","5"
"release-1.4.0","/lang/java/src/java/org/apache/avro/util/Utf8.java/","org.apache.avro.util.Utf8","yes","6","8","2","8","2","8","1","1","43","13","56","70","no","5"
"release-1.4.0","/lang/java/src/java/org/apache/avro/io/BinaryEncoder.java/","org.apache.avro.io.BinaryEncoder.ReuseByteWriter","yes","0","1","0","4","0","4","0","2","0","0","0","8","no","5"
"release-1.4.0","/lang/java/src/java/org/apache/avro/generic/GenericData.java/","org.apache.avro.generic.GenericData.Record","yes","0","1","5","17","5","17","1","3","56","20","76","200","yes","5"
"release-1.4.0","/lang/java/src/java/org/apache/avro/Schema.java/","org.apache.avro.Schema.ArraySchema","yes","4","5","4","18","4","18","1","3","269","45","314","898","yes","5"
"release-1.4.0","/lang/java/src/java/org/apache/avro/Schema.java/","org.apache.avro.Schema.Name","yes","4","6","4","18","4","18","1","3","269","45","314","898","yes","5"
"release-1.4.0","/lang/java/src/java/org/apache/avro/generic/GenericData.java/","org.apache.avro.generic.GenericData","yes","17","21","5","17","5","17","1","3","56","20","76","200","yes","5"
"release-1.4.0","/lang/java/src/java/org/apache/avro/file/DataFileWriter.java/","org.apache.avro.file.DataFileWriter","yes","3","5","3","16","3","16","2","3","26","30","56","501","yes","5"
"release-1.4.0","/lang/java/src/java/org/apache/avro/io/ValidatingEncoder.java/","org.apache.avro.io.ValidatingEncoder","yes","0","2","0","10","0","10","0","2","0","0","0","16","no","5"
"release-1.4.0","/lang/java/src/java/org/apache/avro/Schema.java/","org.apache.avro.Schema.Field","yes","3","5","4","18","4","18","1","3","269","45","314","898","yes","5"
"release-1.4.0","/lang/java/src/java/org/apache/avro/io/BlockingBinaryEncoder.java/","org.apache.avro.io.BlockingBinaryEncoder.BlockedValue","yes","0","2","0","4","0","4","0","2","0","0","0","36","no","5"
"release-1.4.0","/lang/java/src/java/org/apache/avro/Schema.java/","org.apache.avro.Schema","yes","83","86","4","18","4","18","1","3","269","45","314","898","yes","5"
"release-1.4.0","/lang/java/src/java/org/apache/avro/io/BlockingBinaryEncoder.java/","org.apache.avro.io.BlockingBinaryEncoder.BlockedValue.State","yes","0","0","0","4","0","4","0","2","0","0","0","36","no","5"
"release-1.4.0","/lang/java/src/java/org/apache/avro/Schema.java/","org.apache.avro.Schema.NullSchema","yes","0","0","4","18","4","18","1","3","269","45","314","898","yes","5"
"release-1.4.0","/lang/java/src/java/org/apache/avro/generic/GenericData.java/","org.apache.avro.generic.GenericData.Fixed","yes","6","8","5","17","5","17","1","3","56","20","76","200","yes","5"
"release-1.4.0","/lang/java/src/java/org/apache/avro/io/JsonEncoder.java/","org.apache.avro.io.JsonEncoder","yes","0","2","0","12","0","12","0","2","0","0","0","56","no","5"
"release-1.4.0","/lang/java/src/java/org/apache/avro/io/BinaryEncoder.java/","org.apache.avro.io.BinaryEncoder.SimpleByteWriter","yes","0","1","0","4","0","4","0","2","0","0","0","8","no","5"
"release-1.4.0","/lang/java/src/java/org/apache/avro/generic/GenericData.java/","org.apache.avro.generic.GenericData.EnumSymbol","yes","3","4","5","5","5","5","1","1","56","20","76","76","no","1"
"release-1.4.0","/lang/java/src/java/org/apache/avro/Schema.java/","org.apache.avro.Schema.UnionSchema","yes","5","6","4","18","4","18","1","3","269","45","314","898","yes","5"
"release-1.4.1","/lang/java/src/java/org/apache/avro/Schema.java/","org.apache.avro.Schema.FixedSchema","yes","4","5","1","19","1","19","1","3","16","3","19","917","yes","6"
"release-1.4.1","/lang/java/src/java/org/apache/avro/Schema.java/","org.apache.avro.Schema.RecordSchema","yes","6","8","1","19","1","19","1","3","16","3","19","917","yes","6"
"release-1.4.1","/lang/java/src/java/org/apache/avro/Schema.java/","org.apache.avro.Schema.SeenPair","yes","2","4","1","19","1","19","1","3","16","3","19","917","yes","6"
"release-1.4.1","/lang/java/src/java/org/apache/avro/Schema.java/","org.apache.avro.Schema.BooleanSchema","yes","0","0","1","19","1","19","1","3","16","3","19","917","yes","6"
"release-1.4.1","/lang/java/src/java/org/apache/avro/Schema.java/","org.apache.avro.Schema.LockableArrayList","yes","8","8","1","19","1","19","1","3","16","3","19","917","yes","6"
"release-1.4.1","/lang/java/src/java/org/apache/avro/Schema.java/","org.apache.avro.Schema.NamedSchema","yes","9","11","1","19","1","19","1","3","16","3","19","917","yes","6"
"release-1.4.1","/lang/java/src/java/org/apache/avro/specific/SpecificCompiler.java/","org.apache.avro.specific.SpecificCompiler","yes","5","8","0","14","0","14","0","2","0","0","0","114","yes","6"
"release-1.4.1","/lang/java/src/java/org/apache/avro/Schema.java/","org.apache.avro.Schema.BytesSchema","yes","0","0","1","19","1","19","1","3","16","3","19","917","yes","6"
"release-1.4.1","/lang/java/src/java/org/apache/avro/ipc/SocketServer.java/","org.apache.avro.ipc.SocketServer.Connection","yes","2","3","1","7","1","7","1","1","32","12","44","53","no","6"
"release-1.4.1","/lang/java/src/java/org/apache/avro/Schema.java/","org.apache.avro.Schema.IntSchema","yes","0","0","1","19","1","19","1","3","16","3","19","917","yes","6"
"release-1.4.1","/lang/java/src/java/org/apache/avro/io/DirectBinaryDecoder.java/","org.apache.avro.io.DirectBinaryDecoder.ByteReader","yes","0","2","0","2","0","2","0","1","0","0","0","406","no","6"
"release-1.4.1","/lang/java/src/java/org/apache/avro/ipc/SocketServer.java/","org.apache.avro.ipc.SocketServer","yes","7","8","1","7","1","7","1","1","32","12","44","53","no","6"
"release-1.4.1","/lang/java/src/java/org/apache/avro/specific/SpecificCompiler.java/","org.apache.avro.specific.SpecificCompiler.SpecificCompilerTool","yes","2","3","0","14","0","14","0","2","0","0","0","114","yes","6"
"release-1.4.1","/lang/java/src/java/org/apache/avro/ipc/SocketTransceiver.java/","org.apache.avro.ipc.SocketTransceiver","yes","2","3","0","6","0","6","0","1","0","0","0","24","no","6"
"release-1.4.1","/lang/java/src/java/org/apache/avro/Schema.java/","org.apache.avro.Schema.Names","yes","0","1","1","19","1","19","1","3","16","3","19","917","yes","6"
"release-1.4.1","/lang/java/src/java/org/apache/avro/generic/GenericData.java/","org.apache.avro.generic.GenericData.Array","yes","5","7","1","18","1","18","1","3","28","12","40","240","yes","6"
"release-1.4.1","/lang/java/src/java/org/apache/avro/Schema.java/","org.apache.avro.Schema.Props","yes","0","1","1","5","1","5","1","1","16","3","19","333","yes","2"
"release-1.4.1","/lang/java/src/java/org/apache/avro/Schema.java/","org.apache.avro.Schema.FloatSchema","yes","0","0","1","19","1","19","1","3","16","3","19","917","yes","6"
"release-1.4.1","/lang/java/src/java/org/apache/avro/file/DataFileWriter.java/","org.apache.avro.file.DataFileWriter.BufferedFileOutputStream","yes","1","1","0","16","0","16","0","3","0","0","0","501","yes","6"
"release-1.4.1","/lang/java/src/java/org/apache/avro/Schema.java/","org.apache.avro.Schema.EnumSchema","yes","7","8","1","19","1","19","1","3","16","3","19","917","yes","6"
"release-1.4.1","/lang/java/src/java/org/apache/avro/Schema.java/","org.apache.avro.Schema.StringSchema","yes","0","0","1","19","1","19","1","3","16","3","19","917","yes","6"
"release-1.4.1","/lang/java/src/java/org/apache/avro/io/parsing/ResolvingGrammarGenerator.java/","org.apache.avro.io.parsing.ResolvingGrammarGenerator.LitS2","yes","2","3","0","22","0","22","0","2","0","0","0","425","no","6"
"release-1.4.1","/lang/java/src/java/org/apache/avro/file/DataFileWriter.java/","org.apache.avro.file.DataFileWriter.NonCopyingByteArrayOutputStream","yes","0","1","0","16","0","16","0","3","0","0","0","501","yes","6"
"release-1.4.1","/lang/java/src/java/org/apache/avro/Schema.java/","org.apache.avro.Schema.Type","yes","0","0","1","19","1","19","1","3","16","3","19","917","yes","6"
"release-1.4.1","/lang/java/src/java/org/apache/avro/io/DirectBinaryDecoder.java/","org.apache.avro.io.DirectBinaryDecoder.ReuseByteReader","yes","0","0","0","2","0","2","0","1","0","0","0","406","no","6"
"release-1.4.1","/lang/java/src/java/org/apache/avro/io/ResolvingDecoder.java/","org.apache.avro.io.ResolvingDecoder","yes","0","3","0","24","0","24","0","2","0","0","0","408","no","6"
"release-1.4.1","/lang/java/src/java/org/apache/avro/Schema.java/","org.apache.avro.Schema.MapSchema","yes","4","5","1","19","1","19","1","3","16","3","19","917","yes","6"
"release-1.4.1","/lang/java/src/java/org/apache/avro/Schema.java/","org.apache.avro.Schema.DoubleSchema","yes","0","0","1","19","1","19","1","3","16","3","19","917","yes","6"
"release-1.4.1","/lang/java/src/java/org/apache/avro/Schema.java/","org.apache.avro.Schema.LongSchema","yes","0","0","1","19","1","19","1","3","16","3","19","917","yes","6"
"release-1.4.1","/lang/java/src/java/org/apache/avro/Schema.java/","org.apache.avro.Schema.Field.Order","yes","0","0","1","19","1","19","1","3","16","3","19","917","yes","6"
"release-1.4.1","/lang/java/src/java/org/apache/avro/file/DataFileWriter.java/","org.apache.avro.file.DataFileWriter.BufferedFileOutputStream.PositionFilter","yes","1","2","0","16","0","16","0","3","0","0","0","501","yes","6"
"release-1.4.1","/lang/java/src/java/org/apache/avro/specific/SpecificCompiler.java/","org.apache.avro.specific.SpecificCompiler.OutputFile","yes","1","2","0","14","0","14","0","2","0","0","0","114","yes","6"
"release-1.4.1","/lang/java/src/java/org/apache/avro/generic/GenericData.java/","org.apache.avro.generic.GenericData.Record","yes","0","1","1","18","1","18","1","3","28","12","40","240","yes","6"
"release-1.4.1","/lang/java/src/java/org/apache/avro/Schema.java/","org.apache.avro.Schema.ArraySchema","yes","4","5","1","19","1","19","1","3","16","3","19","917","yes","6"
"release-1.4.1","/lang/java/src/java/org/apache/avro/io/parsing/ResolvingGrammarGenerator.java/","org.apache.avro.io.parsing.ResolvingGrammarGenerator","yes","9","13","0","22","0","22","0","2","0","0","0","425","no","6"
"release-1.4.1","/lang/java/src/java/org/apache/avro/Schema.java/","org.apache.avro.Schema.Name","yes","4","6","1","19","1","19","1","3","16","3","19","917","yes","6"
"release-1.4.1","/lang/java/src/java/org/apache/avro/generic/GenericData.java/","org.apache.avro.generic.GenericData","yes","8","12","1","18","1","18","1","3","28","12","40","240","yes","6"
"release-1.4.1","/lang/java/src/java/org/apache/avro/file/DataFileWriter.java/","org.apache.avro.file.DataFileWriter","yes","3","5","0","16","0","16","0","3","0","0","0","501","yes","6"
"release-1.4.1","/lang/java/src/java/org/apache/avro/Schema.java/","org.apache.avro.Schema.Field","yes","3","5","1","19","1","19","1","3","16","3","19","917","yes","6"
"release-1.4.1","/lang/java/src/java/org/apache/avro/io/DirectBinaryDecoder.java/","org.apache.avro.io.DirectBinaryDecoder","yes","3","5","0","2","0","2","0","1","0","0","0","406","no","6"
"release-1.4.1","/lang/java/src/java/org/apache/avro/Schema.java/","org.apache.avro.Schema","yes","83","86","1","19","1","19","1","3","16","3","19","917","yes","6"
"release-1.4.1","/lang/java/src/java/org/apache/avro/Schema.java/","org.apache.avro.Schema.NullSchema","yes","0","0","1","19","1","19","1","3","16","3","19","917","yes","6"
"release-1.4.1","/lang/java/src/java/org/apache/avro/generic/GenericData.java/","org.apache.avro.generic.GenericData.Fixed","yes","3","5","1","18","1","18","1","3","28","12","40","240","yes","6"
"release-1.4.1","/lang/java/src/java/org/apache/avro/generic/GenericData.java/","org.apache.avro.generic.GenericData.EnumSymbol","yes","0","1","1","6","1","6","1","1","28","12","40","116","yes","2"
"release-1.4.1","/lang/java/src/java/org/apache/avro/Schema.java/","org.apache.avro.Schema.UnionSchema","yes","5","6","1","19","1","19","1","3","16","3","19","917","yes","6"
"release-1.5.0","/lang/java/avro/src/main/java/org/apache/avro/file/DataFileWriter.java/","org.apache.avro.file.DataFileWriter.BufferedFileOutputStream.PositionFilter","yes","0","1","3","3","3","3","2","2","20","15","35","35","no","1"
"release-1.5.0","/lang/java/mapred/src/main/java/org/apache/avro/mapred/AvroSerialization.java/","org.apache.avro.mapred.AvroSerialization.AvroWrapperSerializer","yes","0","1","4","4","4","4","2","2","17","8","25","25","no","1"
"release-1.5.0","/lang/java/avro/src/main/java/org/apache/avro/io/DirectBinaryDecoder.java/","org.apache.avro.io.DirectBinaryDecoder.ReuseByteReader","yes","0","0","3","3","3","3","2","2","5","4","9","9","no","1"
"release-1.5.0","/lang/java/avro/src/main/java/org/apache/avro/generic/GenericDatumReader.java/","org.apache.avro.generic.GenericDatumReader","yes","1","3","5","5","4","4","2","2","32","15","47","47","no","1"
"release-1.5.0","/lang/java/ipc/src/main/java/org/apache/avro/ipc/Requestor.java/","org.apache.avro.ipc.Requestor","yes","0","3","7","7","7","7","2","2","28","14","42","42","no","1"
"release-1.5.0","/lang/java/avro/src/main/java/org/apache/avro/Schema.java/","org.apache.avro.Schema.StringSchema","yes","0","0","4","4","4","4","2","2","11","3","14","14","no","1"
"release-1.5.0","/lang/java/compiler/src/main/java/org/apache/avro/compiler/specific/SpecificCompiler.java/","org.apache.avro.compiler.specific.SpecificCompiler","yes","5","7","1","1","1","1","1","1","3","42","45","45","no","1"
"release-1.5.0","/lang/java/avro/src/main/java/org/apache/avro/io/BinaryDecoder.java/","org.apache.avro.io.BinaryDecoder.BufferAccessor","yes","2","4","3","3","3","3","2","2","61","72","133","133","no","1"
"release-1.5.0","/lang/java/mapred/src/main/java/org/apache/avro/mapred/tether/TetheredProcess.java/","org.apache.avro.mapred.tether.TetheredProcess","yes","1","3","2","2","2","2","1","1","2","2","4","4","no","1"
"release-1.5.0","/lang/java/avro/src/main/java/org/apache/avro/io/parsing/Symbol.java/","org.apache.avro.io.parsing.Symbol.Kind","yes","0","0","1","1","1","1","1","1","0","0","0","0","no","1"
"release-1.5.0","/lang/java/avro/src/main/java/org/apache/avro/Schema.java/","org.apache.avro.Schema.Names","yes","0","1","4","4","4","4","2","2","11","3","14","14","no","1"
"release-1.5.0","/lang/java/avro/src/main/java/org/apache/avro/Protocol.java/","org.apache.avro.Protocol.Message","yes","3","5","1","1","1","1","1","1","0","0","0","0","no","1"
"release-1.5.0","/lang/java/avro/src/main/java/org/apache/avro/io/parsing/Symbol.java/","org.apache.avro.io.parsing.Symbol.ResolvingAction","yes","0","1","1","1","1","1","1","1","0","0","0","0","no","1"
"release-1.5.0","/lang/java/avro/src/main/java/org/apache/avro/Schema.java/","org.apache.avro.Schema.NamedSchema","yes","9","11","4","4","4","4","2","2","11","3","14","14","no","1"
"release-1.5.0","/lang/java/tools/src/main/java/org/apache/avro/tool/DataFileReadTool.java/","org.apache.avro.tool.DataFileReadTool","yes","0","1","2","2","2","2","1","1","3","5","8","8","no","1"
"release-1.5.0","/lang/java/avro/src/main/java/org/apache/avro/io/parsing/Symbol.java/","org.apache.avro.io.parsing.Symbol.FieldOrderAction","yes","2","2","1","1","1","1","1","1","0","0","0","0","no","1"
"release-1.5.0","/lang/java/avro/src/main/java/org/apache/avro/Schema.java/","org.apache.avro.Schema.FixedSchema","yes","4","5","4","4","4","4","2","2","11","3","14","14","no","1"
"release-1.5.0","/lang/java/tools/src/main/java/org/apache/avro/tool/RpcReceiveTool.java/","org.apache.avro.tool.RpcReceiveTool","yes","1","3","3","3","3","3","1","1","5","3","8","8","no","1"
"release-1.5.0","/lang/java/tools/src/main/java/org/apache/avro/tool/RpcReceiveTool.java/","org.apache.avro.tool.RpcReceiveTool.SinkResponder","yes","0","1","3","3","3","3","1","1","5","3","8","8","no","1"
"release-1.5.0","/lang/java/tools/src/main/java/org/apache/avro/tool/Util.java/","org.apache.avro.tool.Util","yes","4","5","2","2","2","2","2","2","6","5","11","11","no","1"
"release-1.5.0","/lang/java/ipc/src/main/java/org/apache/avro/ipc/NettyTransceiver.java/","org.apache.avro.ipc.NettyTransceiver","yes","2","3","3","3","3","3","2","2","8","2","10","10","no","1"
"release-1.5.0","/lang/java/avro/src/main/java/org/apache/avro/reflect/ReflectData.java/","org.apache.avro.reflect.ReflectData","yes","4","7","3","3","3","3","2","2","2","1","3","3","no","1"
"release-1.5.0","/lang/java/avro/src/main/java/org/apache/avro/Protocol.java/","org.apache.avro.Protocol.TwoWayMessage","yes","0","2","1","1","1","1","1","1","0","0","0","0","no","1"
"release-1.5.0","/lang/java/avro/src/main/java/org/apache/avro/Schema.java/","org.apache.avro.Schema.BooleanSchema","yes","0","0","4","4","4","4","2","2","11","3","14","14","no","1"
"release-1.5.0","/lang/java/avro/src/main/java/org/apache/avro/Schema.java/","org.apache.avro.Schema.BytesSchema","yes","0","0","4","4","4","4","2","2","11","3","14","14","no","1"
"release-1.5.0","/lang/java/avro/src/main/java/org/apache/avro/Schema.java/","org.apache.avro.Schema.FloatSchema","yes","0","0","4","4","4","4","2","2","11","3","14","14","no","1"
"release-1.5.0","/lang/java/avro/src/main/java/org/apache/avro/Schema.java/","org.apache.avro.Schema.LockableArrayList","yes","8","8","4","4","4","4","2","2","11","3","14","14","no","1"
"release-1.5.0","/lang/java/maven-plugin/src/main/java/org/apache/avro/mojo/ProtocolMojo.java/","org.apache.avro.mojo.ProtocolMojo","yes","2","3","2","2","2","2","1","1","67","1","68","68","no","1"
"release-1.5.0","/lang/java/ipc/src/main/java/org/apache/avro/ipc/SocketTransceiver.java/","org.apache.avro.ipc.SocketTransceiver","yes","2","3","1","1","1","1","1","1","0","0","0","0","no","1"
"release-1.5.0","/lang/java/avro/src/main/java/org/apache/avro/Schema.java/","org.apache.avro.Schema.MapSchema","yes","4","5","4","4","4","4","2","2","11","3","14","14","no","1"
"release-1.5.0","/lang/java/avro/src/main/java/org/apache/avro/io/parsing/Symbol.java/","org.apache.avro.io.parsing.Symbol.Repeater","yes","1","2","1","1","1","1","1","1","0","0","0","0","no","1"
"release-1.5.0","/lang/java/avro/src/main/java/org/apache/avro/reflect/ReflectDatumWriter.java/","org.apache.avro.reflect.ReflectDatumWriter","yes","5","6","3","3","3","3","2","2","5","3","8","8","no","1"
"release-1.5.0","/lang/java/avro/src/main/java/org/apache/avro/reflect/ReflectData.java/","org.apache.avro.reflect.ReflectData.AllowNull","yes","1","1","3","3","3","3","2","2","2","1","3","3","no","1"
"release-1.5.0","/lang/java/avro/src/main/java/org/apache/avro/file/DataFileStream.java/","org.apache.avro.file.DataFileStream.DataBlock","yes","1","3","4","4","4","4","2","2","44","21","65","65","no","1"
"release-1.5.0","/lang/java/mapred/src/main/java/org/apache/avro/mapred/AvroSerialization.java/","org.apache.avro.mapred.AvroSerialization.AvroWrapperDeserializer","yes","1","2","4","4","4","4","2","2","17","8","25","25","no","1"
"release-1.5.0","/lang/java/tools/src/main/java/org/apache/avro/tool/SpecificCompilerTool.java/","org.apache.avro.tool.SpecificCompilerTool","yes","2","3","2","2","2","2","1","1","64","0","64","64","no","1"
"release-1.5.0","/lang/java/avro/src/main/java/org/apache/avro/io/parsing/Symbol.java/","org.apache.avro.io.parsing.Symbol.WriterUnionAction","yes","0","0","1","1","1","1","1","1","0","0","0","0","no","1"
"release-1.5.0","/lang/java/avro/src/main/java/org/apache/avro/file/DataFileStream.java/","org.apache.avro.file.DataFileStream","yes","3","6","4","4","4","4","2","2","44","21","65","65","no","1"
"release-1.5.0","/lang/java/avro/src/main/java/org/apache/avro/specific/SpecificData.java/","org.apache.avro.specific.SpecificData","yes","1","4","3","3","3","3","2","2","8","0","8","8","no","1"
"release-1.5.0","/lang/java/ipc/src/main/java/org/apache/avro/ipc/NettyTransceiver.java/","org.apache.avro.ipc.NettyTransceiver.NettyClientAvroHandler","yes","2","3","3","3","3","3","2","2","8","2","10","10","no","1"
"release-1.5.0","/lang/java/tools/src/main/java/org/apache/avro/tool/FromTextTool.java/","org.apache.avro.tool.FromTextTool","yes","0","2","1","1","1","1","1","1","0","0","0","0","no","1"
"release-1.5.0","/lang/java/ipc/src/main/java/org/apache/avro/ipc/SaslSocketTransceiver.java/","org.apache.avro.ipc.SaslSocketTransceiver.Status","yes","0","0","2","2","2","2","1","1","1","0","1","1","no","1"
"release-1.5.0","/lang/java/avro/src/main/java/org/apache/avro/io/parsing/ResolvingGrammarGenerator.java/","org.apache.avro.io.parsing.ResolvingGrammarGenerator","yes","10","14","3","3","3","3","2","2","14","9","23","23","no","1"
"release-1.5.0","/lang/java/avro/src/main/java/org/apache/avro/io/parsing/JsonGrammarGenerator.java/","org.apache.avro.io.parsing.JsonGrammarGenerator","yes","0","3","1","1","1","1","1","1","0","0","0","0","no","1"
"release-1.5.0","/lang/java/maven-plugin/src/main/java/org/apache/avro/mojo/SchemaMojo.java/","org.apache.avro.mojo.SchemaMojo","yes","2","3","2","2","2","2","1","1","67","1","68","68","no","1"
"release-1.5.0","/lang/java/avro/src/main/java/org/apache/avro/Schema.java/","org.apache.avro.Schema.NullSchema","yes","0","0","4","4","4","4","2","2","11","3","14","14","no","1"
"release-1.5.0","/lang/java/avro/src/main/java/org/apache/avro/io/BinaryDecoder.java/","org.apache.avro.io.BinaryDecoder.InputStreamByteSource","yes","4","6","3","3","3","3","2","2","61","72","133","133","no","1"
"release-1.5.0","/lang/java/avro/src/main/java/org/apache/avro/generic/GenericData.java/","org.apache.avro.generic.GenericData.EnumSymbol","yes","0","1","5","5","5","5","2","2","111","10","121","121","no","1"
"release-1.5.0","/lang/java/avro/src/main/java/org/apache/avro/io/parsing/Symbol.java/","org.apache.avro.io.parsing.Symbol.IntCheckAction","yes","0","0","1","1","1","1","1","1","0","0","0","0","no","1"
"release-1.5.0","/lang/java/tools/src/main/java/org/apache/avro/tool/Main.java/","org.apache.avro.tool.Main","yes","6","8","3","3","3","3","1","1","1","5","6","6","no","1"
"release-1.5.0","/lang/java/avro/src/main/java/org/apache/avro/Schema.java/","org.apache.avro.Schema.ArraySchema","yes","4","5","4","4","4","4","2","2","11","3","14","14","no","1"
"release-1.5.0","/lang/java/avro/src/main/java/org/apache/avro/io/BinaryDecoder.java/","org.apache.avro.io.BinaryDecoder.ByteSource","yes","0","2","3","3","3","3","2","2","61","72","133","133","no","1"
"release-1.5.0","/lang/java/avro/src/main/java/org/apache/avro/generic/GenericData.java/","org.apache.avro.generic.GenericData","yes","10","14","5","5","5","5","2","2","111","10","121","121","no","1"
"release-1.5.0","/lang/java/avro/src/main/java/org/apache/avro/Schema.java/","org.apache.avro.Schema.Field","yes","3","5","4","4","4","4","2","2","11","3","14","14","no","1"
"release-1.5.0","/lang/java/ipc/src/main/java/org/apache/avro/ipc/HttpTransceiver.java/","org.apache.avro.ipc.HttpTransceiver","yes","0","1","1","1","1","1","1","1","0","0","0","0","no","1"
"release-1.5.0","/lang/java/avro/src/main/java/org/apache/avro/file/DataFileReader.java/","org.apache.avro.file.DataFileReader.SeekableInputStream","yes","0","1","4","4","4","4","2","2","44","6","50","50","no","1"
"release-1.5.0","/lang/java/maven-plugin/src/main/java/org/apache/avro/mojo/AbstractAvroMojo.java/","org.apache.avro.mojo.AbstractAvroMojo","yes","1","2","1","1","1","1","1","1","143","0","143","143","no","1"
"release-1.5.0","/lang/java/avro/src/main/java/org/apache/avro/generic/GenericData.java/","org.apache.avro.generic.GenericData.Fixed","yes","4","6","5","5","5","5","2","2","111","10","121","121","no","1"
"release-1.5.0","/lang/java/avro/src/main/java/org/apache/avro/Schema.java/","org.apache.avro.Schema.Name","yes","4","6","4","4","4","4","2","2","11","3","14","14","no","1"
"release-1.5.0","/lang/java/avro/src/main/java/org/apache/avro/io/parsing/Symbol.java/","org.apache.avro.io.parsing.Symbol.SkipAction","yes","0","1","1","1","1","1","1","1","0","0","0","0","no","1"
"release-1.5.0","/lang/java/tools/src/main/java/org/apache/avro/tool/JsonToBinaryFragmentTool.java/","org.apache.avro.tool.JsonToBinaryFragmentTool","yes","2","4","3","3","3","3","2","2","8","5","13","13","no","1"
"release-1.5.0","/lang/java/avro/src/main/java/org/apache/avro/Schema.java/","org.apache.avro.Schema.Field.Order","yes","0","0","4","4","4","4","2","2","11","3","14","14","no","1"
"release-1.5.0","/lang/java/avro/src/main/java/org/apache/avro/io/DirectBinaryDecoder.java/","org.apache.avro.io.DirectBinaryDecoder","yes","3","5","3","3","3","3","2","2","5","4","9","9","no","1"
"release-1.5.0","/lang/java/ipc/src/main/java/org/apache/avro/ipc/SaslSocketTransceiver.java/","org.apache.avro.ipc.SaslSocketTransceiver.SaslParticipant","yes","0","1","2","2","2","2","1","1","1","0","1","1","no","1"
"release-1.5.0","/lang/java/ipc/src/main/java/org/apache/avro/ipc/specific/SpecificRequestor.java/","org.apache.avro.ipc.specific.SpecificRequestor","yes","0","1","1","1","1","1","1","1","4","1","5","5","no","1"
"release-1.5.0","/lang/java/tools/src/main/java/org/apache/avro/tool/DataFileWriteTool.java/","org.apache.avro.tool.DataFileWriteTool","yes","2","4","2","2","2","2","2","2","2","2","4","4","no","1"
"release-1.5.0","/lang/java/avro/src/main/java/org/apache/avro/AvroRemoteException.java/","org.apache.avro.AvroRemoteException","yes","0","0","1","1","1","1","1","1","1","1","2","2","no","1"
"release-1.5.0","/lang/java/tools/src/main/java/org/apache/avro/tool/BinaryFragmentToJsonTool.java/","org.apache.avro.tool.BinaryFragmentToJsonTool","yes","2","4","3","3","3","3","2","2","3","3","6","6","no","1"
"release-1.5.0","/lang/java/avro/src/main/java/org/apache/avro/file/DataFileWriter.java/","org.apache.avro.file.DataFileWriter.NonCopyingByteArrayOutputStream","yes","0","1","3","3","3","3","2","2","20","15","35","35","no","1"
"release-1.5.0","/lang/java/compiler/src/main/java/org/apache/avro/compiler/specific/SpecificCompiler.java/","org.apache.avro.compiler.specific.SpecificCompiler.OutputFile","yes","1","2","1","1","1","1","1","1","3","42","45","45","no","1"
"release-1.5.0","/lang/java/avro/src/main/java/org/apache/avro/Schema.java/","org.apache.avro.Schema.Type","yes","0","0","4","4","4","4","2","2","11","3","14","14","no","1"
"release-1.5.0","/lang/java/avro/src/main/java/org/apache/avro/io/parsing/Symbol.java/","org.apache.avro.io.parsing.Symbol.UnionAdjustAction","yes","0","1","1","1","1","1","1","1","0","0","0","0","no","1"
"release-1.5.0","/lang/java/avro/src/main/java/org/apache/avro/Schema.java/","org.apache.avro.Schema.SeenPair","yes","2","4","4","4","4","4","2","2","11","3","14","14","no","1"
"release-1.5.0","/lang/java/avro/src/main/java/org/apache/avro/Schema.java/","org.apache.avro.Schema","yes","83","86","4","4","4","4","2","2","11","3","14","14","no","1"
"release-1.5.0","/lang/java/avro/src/main/java/org/apache/avro/io/parsing/Symbol.java/","org.apache.avro.io.parsing.Symbol.DefaultStartAction","yes","1","1","1","1","1","1","1","1","0","0","0","0","no","1"
"release-1.5.0","/lang/java/ipc/src/main/java/org/apache/avro/ipc/SaslSocketTransceiver.java/","org.apache.avro.ipc.SaslSocketTransceiver.AnonymousClient","yes","9","10","2","2","2","2","1","1","1","0","1","1","no","1"
"release-1.5.0","/lang/java/ipc/src/main/java/org/apache/avro/ipc/reflect/ReflectRequestor.java/","org.apache.avro.ipc.reflect.ReflectRequestor","yes","0","1","1","1","1","1","1","1","5","2","7","7","no","1"
"release-1.5.0","/lang/java/avro/src/main/java/org/apache/avro/file/DataFileStream.java/","org.apache.avro.file.DataFileStream.Header","yes","0","0","4","4","4","4","2","2","44","21","65","65","no","1"
"release-1.5.0","/lang/java/avro/src/main/java/org/apache/avro/reflect/ReflectDatumReader.java/","org.apache.avro.reflect.ReflectDatumReader","yes","0","1","1","1","1","1","1","1","0","0","0","0","no","1"
"release-1.5.0","/lang/java/tools/src/main/java/org/apache/avro/tool/RecodecTool.java/","org.apache.avro.tool.RecodecTool","yes","4","6","1","1","1","1","1","1","0","0","0","0","no","1"
"release-1.5.0","/lang/java/avro/src/main/java/org/apache/avro/specific/SpecificRecordBase.java/","org.apache.avro.specific.SpecificRecordBase","yes","0","1","1","1","1","1","1","1","0","0","0","0","no","1"
"release-1.5.0","/lang/java/avro/src/main/java/org/apache/avro/io/parsing/Symbol.java/","org.apache.avro.io.parsing.Symbol.Fixup","yes","1","1","1","1","1","1","1","1","0","0","0","0","no","1"
"release-1.5.0","/lang/java/avro/src/main/java/org/apache/avro/file/DataFileReader12.java/","org.apache.avro.file.DataFileReader12","yes","3","5","2","2","2","2","2","2","7","1","8","8","no","1"
"release-1.5.0","/lang/java/avro/src/main/java/org/apache/avro/Protocol.java/","org.apache.avro.Protocol","yes","8","11","1","1","1","1","1","1","0","0","0","0","no","1"
"release-1.5.0","/lang/java/avro/src/main/java/org/apache/avro/util/ByteBufferOutputStream.java/","org.apache.avro.util.ByteBufferOutputStream","yes","2","3","1","1","1","1","1","1","3","1","4","4","no","1"
"release-1.5.0","/lang/java/tools/src/main/java/org/apache/avro/tool/TetherTool.java/","org.apache.avro.tool.TetherTool","yes","0","1","2","2","2","2","1","1","95","0","95","95","no","1"
"release-1.5.0","/lang/java/tools/src/main/java/org/apache/avro/tool/RpcSendTool.java/","org.apache.avro.tool.RpcSendTool","yes","1","3","3","3","3","3","1","1","3","3","6","6","no","1"
"release-1.5.0","/lang/java/avro/src/main/java/org/apache/avro/Schema.java/","org.apache.avro.Schema.LongSchema","yes","0","0","4","4","4","4","2","2","11","3","14","14","no","1"
"release-1.5.0","/lang/java/avro/src/main/java/org/apache/avro/Schema.java/","org.apache.avro.Schema.EnumSchema","yes","7","8","4","4","4","4","2","2","11","3","14","14","no","1"
"release-1.5.0","/lang/java/avro/src/main/java/org/apache/avro/io/parsing/ResolvingGrammarGenerator.java/","org.apache.avro.io.parsing.ResolvingGrammarGenerator.LitS2","yes","2","3","3","3","3","3","2","2","14","9","23","23","no","1"
"release-1.5.0","/lang/java/ipc/src/main/java/org/apache/avro/ipc/NettyTransceiver.java/","org.apache.avro.ipc.NettyTransceiver.CallFuture","yes","0","1","3","3","3","3","2","2","8","2","10","10","no","1"
"release-1.5.0","/lang/java/avro/src/main/java/org/apache/avro/util/WeakIdentityHashMap.java/","org.apache.avro.util.WeakIdentityHashMap.IdentityWeakReference","yes","2","2","1","1","1","1","1","1","0","0","0","0","no","1"
"release-1.5.0","/lang/java/ipc/src/main/java/org/apache/avro/ipc/DatagramTransceiver.java/","org.apache.avro.ipc.DatagramTransceiver","yes","2","3","1","1","1","1","1","1","0","0","0","0","no","1"
"release-1.5.0","/lang/java/avro/src/main/java/org/apache/avro/io/parsing/Symbol.java/","org.apache.avro.io.parsing.Symbol.ErrorAction","yes","0","0","1","1","1","1","1","1","0","0","0","0","no","1"
"release-1.5.0","/lang/java/ipc/src/main/java/org/apache/avro/ipc/SaslSocketTransceiver.java/","org.apache.avro.ipc.SaslSocketTransceiver","yes","18","21","2","2","2","2","1","1","1","0","1","1","no","1"
"release-1.5.0","/lang/java/avro/src/main/java/org/apache/avro/Schema.java/","org.apache.avro.Schema.IntSchema","yes","0","0","4","4","4","4","2","2","11","3","14","14","no","1"
"release-1.5.0","/lang/java/avro/src/main/java/org/apache/avro/util/WeakIdentityHashMap.java/","org.apache.avro.util.WeakIdentityHashMap","yes","18","19","1","1","1","1","1","1","0","0","0","0","no","1"
"release-1.5.0","/lang/java/mapred/src/main/java/org/apache/avro/mapred/tether/TetherJob.java/","org.apache.avro.mapred.tether.TetherJob","yes","0","1","2","2","2","2","1","1","4","69","73","73","no","1"
"release-1.5.0","/lang/java/avro/src/main/java/org/apache/avro/file/DataFileReader.java/","org.apache.avro.file.DataFileReader","yes","1","3","4","4","4","4","2","2","44","6","50","50","no","1"
"release-1.5.0","/lang/java/avro/src/main/java/org/apache/avro/io/parsing/Symbol.java/","org.apache.avro.io.parsing.Symbol.ImplicitAction","yes","0","0","1","1","1","1","1","1","0","0","0","0","no","1"
"release-1.5.0","/lang/java/avro/src/main/java/org/apache/avro/file/DataFileWriter.java/","org.apache.avro.file.DataFileWriter.BufferedFileOutputStream","yes","0","0","3","3","3","3","2","2","20","15","35","35","no","1"
"release-1.5.0","/lang/java/avro/src/main/java/org/apache/avro/util/Utf8.java/","org.apache.avro.util.Utf8","yes","2","4","2","2","2","2","1","1","8","8","16","16","no","1"
"release-1.5.0","/lang/java/avro/src/main/java/org/apache/avro/io/DirectBinaryDecoder.java/","org.apache.avro.io.DirectBinaryDecoder.ByteReader","yes","0","2","3","3","3","3","2","2","5","4","9","9","no","1"
"release-1.5.0","/lang/java/avro/src/main/java/org/apache/avro/io/parsing/Symbol.java/","org.apache.avro.io.parsing.Symbol","yes","22","24","1","1","1","1","1","1","0","0","0","0","no","1"
"release-1.5.0","/lang/java/mapred/src/main/java/org/apache/avro/mapred/AvroSerialization.java/","org.apache.avro.mapred.AvroSerialization","yes","1","2","4","4","4","4","2","2","17","8","25","25","no","1"
"release-1.5.0","/lang/java/avro/src/main/java/org/apache/avro/io/parsing/Symbol.java/","org.apache.avro.io.parsing.Symbol.EnumAdjustAction","yes","2","2","1","1","1","1","1","1","0","0","0","0","no","1"
"release-1.5.0","/lang/java/ipc/src/main/java/org/apache/avro/ipc/generic/GenericRequestor.java/","org.apache.avro.ipc.generic.GenericRequestor","yes","0","1","1","1","1","1","1","1","4","2","6","6","no","1"
"release-1.5.0","/lang/java/avro/src/main/java/org/apache/avro/file/DataFileWriter.java/","org.apache.avro.file.DataFileWriter","yes","0","2","3","3","3","3","2","2","20","15","35","35","no","1"
"release-1.5.0","/lang/java/avro/src/main/java/org/apache/avro/io/parsing/Symbol.java/","org.apache.avro.io.parsing.Symbol.Sequence","yes","5","7","1","1","1","1","1","1","0","0","0","0","no","1"
"release-1.5.0","/lang/java/avro/src/main/java/org/apache/avro/generic/GenericData.java/","org.apache.avro.generic.GenericData.Array","yes","5","7","5","5","5","5","2","2","111","10","121","121","no","1"
"release-1.5.0","/lang/java/compiler/src/main/java/org/apache/avro/compiler/specific/SpecificCompiler.java/","org.apache.avro.compiler.specific.SpecificCompiler.Slf4jLogChute","yes","3","5","1","1","1","1","1","1","3","42","45","45","no","1"
"release-1.5.0","/lang/java/avro/src/main/java/org/apache/avro/io/parsing/Symbol.java/","org.apache.avro.io.parsing.Symbol.FieldAdjustAction","yes","0","0","1","1","1","1","1","1","0","0","0","0","no","1"
"release-1.5.0","/lang/java/avro/src/main/java/org/apache/avro/io/parsing/Symbol.java/","org.apache.avro.io.parsing.Symbol.Root","yes","1","1","1","1","1","1","1","1","0","0","0","0","no","1"
"release-1.5.0","/lang/java/avro/src/main/java/org/apache/avro/io/BinaryDecoder.java/","org.apache.avro.io.BinaryDecoder","yes","12","15","3","3","3","3","2","2","61","72","133","133","no","1"
"release-1.5.0","/lang/java/avro/src/main/java/org/apache/avro/io/BinaryDecoder.java/","org.apache.avro.io.BinaryDecoder.ByteArrayByteSource","yes","0","2","3","3","3","3","2","2","61","72","133","133","no","1"
"release-1.5.0","/lang/java/avro/src/main/java/org/apache/avro/io/JsonDecoder.java/","org.apache.avro.io.JsonDecoder","yes","0","3","3","3","3","3","2","2","64","25","89","89","no","1"
"release-1.5.0","/lang/java/avro/src/main/java/org/apache/avro/io/parsing/Symbol.java/","org.apache.avro.io.parsing.Symbol.EnumLabelsAction","yes","0","1","1","1","1","1","1","1","0","0","0","0","no","1"
"release-1.5.0","/lang/java/avro/src/main/java/org/apache/avro/Schema.java/","org.apache.avro.Schema.RecordSchema","yes","6","8","4","4","4","4","2","2","11","3","14","14","no","1"
"release-1.5.0","/lang/java/avro/src/main/java/org/apache/avro/io/parsing/Symbol.java/","org.apache.avro.io.parsing.Symbol.Terminal","yes","1","1","1","1","1","1","1","1","0","0","0","0","no","1"
"release-1.5.0","/lang/java/avro/src/main/java/org/apache/avro/Schema.java/","org.apache.avro.Schema.DoubleSchema","yes","0","0","4","4","4","4","2","2","11","3","14","14","no","1"
"release-1.5.0","/lang/java/avro/src/main/java/org/apache/avro/Schema.java/","org.apache.avro.Schema.Props","yes","0","1","4","4","4","4","2","2","11","3","14","14","no","1"
"release-1.5.0","/lang/java/ipc/src/main/java/org/apache/avro/ipc/SocketServer.java/","org.apache.avro.ipc.SocketServer.Connection","yes","1","2","2","2","2","2","1","1","1","1","2","2","no","1"
"release-1.5.0","/lang/java/ipc/src/main/java/org/apache/avro/ipc/specific/SpecificResponder.java/","org.apache.avro.ipc.specific.SpecificResponder","yes","0","1","2","2","2","2","2","2","19","24","43","43","no","1"
"release-1.5.0","/lang/java/avro/src/main/java/org/apache/avro/io/parsing/Symbol.java/","org.apache.avro.io.parsing.Symbol.Alternative","yes","1","3","1","1","1","1","1","1","0","0","0","0","no","1"
"release-1.5.0","/lang/java/avro/src/main/java/org/apache/avro/Schema.java/","org.apache.avro.Schema.UnionSchema","yes","5","6","4","4","4","4","2","2","11","3","14","14","no","1"
"release-1.5.0","/lang/java/avro/src/main/java/org/apache/avro/generic/GenericData.java/","org.apache.avro.generic.GenericData.Record","yes","0","1","5","5","5","5","2","2","111","10","121","121","no","1"
"release-1.5.0","/lang/java/ipc/src/main/java/org/apache/avro/ipc/SocketServer.java/","org.apache.avro.ipc.SocketServer","yes","6","7","2","2","2","2","1","1","1","1","2","2","no","1"
"release-1.5.0","/lang/java/avro/src/main/java/org/apache/avro/util/ByteBufferInputStream.java/","org.apache.avro.util.ByteBufferInputStream","yes","0","1","1","1","1","1","1","1","3","1","4","4","no","1"
"release-1.5.1","/lang/java/avro/src/main/java/org/apache/avro/file/DataFileWriter.java/","org.apache.avro.file.DataFileWriter.BufferedFileOutputStream.PositionFilter","yes","0","1","0","3","0","3","0","2","0","0","0","35","yes","2"
"release-1.5.1","/lang/java/mapred/src/main/java/org/apache/avro/mapred/AvroSerialization.java/","org.apache.avro.mapred.AvroSerialization.AvroWrapperSerializer","yes","0","1","0","4","0","4","0","2","0","0","0","25","yes","2"
"release-1.5.1","/lang/java/avro/src/main/java/org/apache/avro/io/DirectBinaryDecoder.java/","org.apache.avro.io.DirectBinaryDecoder.ReuseByteReader","yes","0","0","0","3","0","3","0","2","0","0","0","9","yes","2"
"release-1.5.1","/lang/java/avro/src/main/java/org/apache/avro/generic/GenericDatumReader.java/","org.apache.avro.generic.GenericDatumReader","yes","1","3","2","7","1","5","1","2","2","2","4","51","yes","2"
"release-1.5.1","/lang/java/ipc/src/main/java/org/apache/avro/ipc/Requestor.java/","org.apache.avro.ipc.Requestor","yes","0","3","0","7","0","7","0","2","0","0","0","42","yes","2"
"release-1.5.1","/lang/java/avro/src/main/java/org/apache/avro/Schema.java/","org.apache.avro.Schema.StringSchema","yes","0","0","2","6","1","5","1","2","6","6","12","26","yes","2"
"release-1.5.1","/lang/java/compiler/src/main/java/org/apache/avro/compiler/specific/SpecificCompiler.java/","org.apache.avro.compiler.specific.SpecificCompiler","yes","5","7","0","1","0","1","0","1","0","0","0","45","yes","2"
"release-1.5.1","/lang/java/avro/src/main/java/org/apache/avro/io/BinaryDecoder.java/","org.apache.avro.io.BinaryDecoder.BufferAccessor","yes","2","4","0","3","0","3","0","2","0","0","0","133","yes","2"
"release-1.5.1","/lang/java/mapred/src/main/java/org/apache/avro/mapred/tether/TetheredProcess.java/","org.apache.avro.mapred.tether.TetheredProcess","yes","1","3","0","2","0","2","0","1","0","0","0","4","yes","2"
"release-1.5.1","/lang/java/avro/src/main/java/org/apache/avro/io/parsing/Symbol.java/","org.apache.avro.io.parsing.Symbol.Kind","yes","0","0","2","3","1","2","1","2","1","1","2","2","yes","2"
"release-1.5.1","/lang/java/avro/src/main/java/org/apache/avro/Schema.java/","org.apache.avro.Schema.Names","yes","0","1","2","6","1","5","1","2","6","6","12","26","yes","2"
"release-1.5.1","/lang/java/avro/src/main/java/org/apache/avro/Protocol.java/","org.apache.avro.Protocol.Message","yes","3","5","0","1","0","1","0","1","0","0","0","0","yes","2"
"release-1.5.1","/lang/java/avro/src/main/java/org/apache/avro/io/parsing/Symbol.java/","org.apache.avro.io.parsing.Symbol.ResolvingAction","yes","0","1","2","3","1","2","1","2","1","1","2","2","yes","2"
"release-1.5.1","/lang/java/avro/src/main/java/org/apache/avro/Schema.java/","org.apache.avro.Schema.NamedSchema","yes","9","11","2","6","1","5","1","2","6","6","12","26","yes","2"
"release-1.5.1","/lang/java/tools/src/main/java/org/apache/avro/tool/DataFileReadTool.java/","org.apache.avro.tool.DataFileReadTool","yes","0","1","0","2","0","2","0","1","0","0","0","8","yes","2"
"release-1.5.1","/lang/java/ipc/src/main/java/org/apache/avro/ipc/Responder.java/","org.apache.avro.ipc.Responder","yes","2","5","0","8","0","8","0","2","0","0","0","48","no","2"
"release-1.5.1","/lang/java/avro/src/main/java/org/apache/avro/io/parsing/Symbol.java/","org.apache.avro.io.parsing.Symbol.FieldOrderAction","yes","2","2","2","3","1","2","1","2","1","1","2","2","yes","2"
"release-1.5.1","/lang/java/avro/src/main/java/org/apache/avro/Schema.java/","org.apache.avro.Schema.FixedSchema","yes","4","5","2","6","1","5","1","2","6","6","12","26","yes","2"
"release-1.5.1","/lang/java/tools/src/main/java/org/apache/avro/tool/RpcReceiveTool.java/","org.apache.avro.tool.RpcReceiveTool","yes","1","3","0","3","0","3","0","1","0","0","0","8","yes","2"
"release-1.5.1","/lang/java/tools/src/main/java/org/apache/avro/tool/RpcReceiveTool.java/","org.apache.avro.tool.RpcReceiveTool.SinkResponder","yes","0","1","0","3","0","3","0","1","0","0","0","8","yes","2"
"release-1.5.1","/lang/java/tools/src/main/java/org/apache/avro/tool/Util.java/","org.apache.avro.tool.Util","yes","4","5","0","2","0","2","0","2","0","0","0","11","yes","2"
"release-1.5.1","/lang/java/ipc/src/main/java/org/apache/avro/ipc/NettyTransceiver.java/","org.apache.avro.ipc.NettyTransceiver","yes","2","3","0","3","0","3","0","2","0","0","0","10","yes","2"
"release-1.5.1","/lang/java/ipc/src/main/java/org/apache/avro/ipc/NettyServer.java/","org.apache.avro.ipc.NettyServer.NettyServerAvroHandler","yes","2","3","0","2","0","2","0","2","0","0","0","8","no","2"
"release-1.5.1","/lang/java/ipc/src/main/java/org/apache/avro/ipc/NettyServer.java/","org.apache.avro.ipc.NettyServer","yes","2","3","0","2","0","2","0","2","0","0","0","8","no","2"
"release-1.5.1","/lang/java/avro/src/main/java/org/apache/avro/reflect/ReflectData.java/","org.apache.avro.reflect.ReflectData","yes","4","7","3","6","2","5","1","2","7","7","14","17","yes","2"
"release-1.5.1","/lang/java/avro/src/main/java/org/apache/avro/Protocol.java/","org.apache.avro.Protocol.TwoWayMessage","yes","0","2","0","1","0","1","0","1","0","0","0","0","yes","2"
"release-1.5.1","/lang/java/avro/src/main/java/org/apache/avro/Schema.java/","org.apache.avro.Schema.BooleanSchema","yes","0","0","2","6","1","5","1","2","6","6","12","26","yes","2"
"release-1.5.1","/lang/java/avro/src/main/java/org/apache/avro/Schema.java/","org.apache.avro.Schema.BytesSchema","yes","0","0","2","6","1","5","1","2","6","6","12","26","yes","2"
"release-1.5.1","/lang/java/avro/src/main/java/org/apache/avro/Schema.java/","org.apache.avro.Schema.FloatSchema","yes","0","0","2","6","1","5","1","2","6","6","12","26","yes","2"
"release-1.5.1","/lang/java/avro/src/main/java/org/apache/avro/Schema.java/","org.apache.avro.Schema.LockableArrayList","yes","8","8","2","6","1","5","1","2","6","6","12","26","yes","2"
"release-1.5.1","/lang/java/maven-plugin/src/main/java/org/apache/avro/mojo/ProtocolMojo.java/","org.apache.avro.mojo.ProtocolMojo","yes","2","3","2","4","1","3","1","2","2","2","4","72","yes","2"
"release-1.5.1","/lang/java/ipc/src/main/java/org/apache/avro/ipc/SocketTransceiver.java/","org.apache.avro.ipc.SocketTransceiver","yes","2","3","0","1","0","1","0","1","0","0","0","0","yes","2"
"release-1.5.1","/lang/java/avro/src/main/java/org/apache/avro/Schema.java/","org.apache.avro.Schema.MapSchema","yes","4","5","2","6","1","5","1","2","6","6","12","26","yes","2"
"release-1.5.1","/lang/java/avro/src/main/java/org/apache/avro/io/parsing/Symbol.java/","org.apache.avro.io.parsing.Symbol.Repeater","yes","1","2","2","3","1","2","1","2","1","1","2","2","yes","2"
"release-1.5.1","/lang/java/avro/src/main/java/org/apache/avro/reflect/ReflectDatumWriter.java/","org.apache.avro.reflect.ReflectDatumWriter","yes","5","6","2","5","1","4","1","2","2","2","4","12","yes","2"
"release-1.5.1","/lang/java/avro/src/main/java/org/apache/avro/reflect/ReflectData.java/","org.apache.avro.reflect.ReflectData.AllowNull","yes","1","1","3","6","2","5","1","2","7","7","14","17","yes","2"
"release-1.5.1","/lang/java/avro/src/main/java/org/apache/avro/file/DataFileStream.java/","org.apache.avro.file.DataFileStream.DataBlock","yes","1","3","0","4","0","4","0","2","0","0","0","65","yes","2"
"release-1.5.1","/lang/java/mapred/src/main/java/org/apache/avro/mapred/AvroSerialization.java/","org.apache.avro.mapred.AvroSerialization.AvroWrapperDeserializer","yes","1","2","0","4","0","4","0","2","0","0","0","25","yes","2"
"release-1.5.1","/lang/java/tools/src/main/java/org/apache/avro/tool/SpecificCompilerTool.java/","org.apache.avro.tool.SpecificCompilerTool","yes","2","3","0","2","0","2","0","1","0","0","0","64","yes","2"
"release-1.5.1","/lang/java/avro/src/main/java/org/apache/avro/io/parsing/Symbol.java/","org.apache.avro.io.parsing.Symbol.WriterUnionAction","yes","0","0","2","3","1","2","1","2","1","1","2","2","yes","2"
"release-1.5.1","/lang/java/avro/src/main/java/org/apache/avro/file/DataFileStream.java/","org.apache.avro.file.DataFileStream","yes","3","6","0","4","0","4","0","2","0","0","0","65","yes","2"
"release-1.5.1","/lang/java/avro/src/main/java/org/apache/avro/specific/SpecificData.java/","org.apache.avro.specific.SpecificData","yes","1","4","2","5","1","4","1","2","4","4","8","16","yes","2"
"release-1.5.1","/lang/java/ipc/src/main/java/org/apache/avro/ipc/NettyTransceiver.java/","org.apache.avro.ipc.NettyTransceiver.NettyClientAvroHandler","yes","2","3","0","3","0","3","0","2","0","0","0","10","yes","2"
"release-1.5.1","/lang/java/tools/src/main/java/org/apache/avro/tool/FromTextTool.java/","org.apache.avro.tool.FromTextTool","yes","0","2","2","3","1","2","1","2","59","59","118","118","yes","2"
"release-1.5.1","/lang/java/ipc/src/main/java/org/apache/avro/ipc/SaslSocketTransceiver.java/","org.apache.avro.ipc.SaslSocketTransceiver.Status","yes","0","0","2","4","1","3","1","2","19","19","38","39","yes","2"
"release-1.5.1","/lang/java/avro/src/main/java/org/apache/avro/io/parsing/ResolvingGrammarGenerator.java/","org.apache.avro.io.parsing.ResolvingGrammarGenerator","yes","10","14","0","3","0","3","0","2","0","0","0","23","yes","2"
"release-1.5.1","/lang/java/avro/src/main/java/org/apache/avro/io/parsing/JsonGrammarGenerator.java/","org.apache.avro.io.parsing.JsonGrammarGenerator","yes","0","3","0","1","0","1","0","1","0","0","0","0","yes","2"
"release-1.5.1","/lang/java/maven-plugin/src/main/java/org/apache/avro/mojo/SchemaMojo.java/","org.apache.avro.mojo.SchemaMojo","yes","2","3","2","4","1","3","1","2","2","2","4","72","yes","2"
"release-1.5.1","/lang/java/avro/src/main/java/org/apache/avro/Schema.java/","org.apache.avro.Schema.NullSchema","yes","0","0","2","6","1","5","1","2","6","6","12","26","yes","2"
"release-1.5.1","/lang/java/avro/src/main/java/org/apache/avro/io/BinaryDecoder.java/","org.apache.avro.io.BinaryDecoder.InputStreamByteSource","yes","4","6","0","3","0","3","0","2","0","0","0","133","yes","2"
"release-1.5.1","/lang/java/avro/src/main/java/org/apache/avro/generic/GenericData.java/","org.apache.avro.generic.GenericData.EnumSymbol","yes","0","1","2","7","1","6","1","2","19","19","38","159","yes","2"
"release-1.5.1","/lang/java/avro/src/main/java/org/apache/avro/io/parsing/Symbol.java/","org.apache.avro.io.parsing.Symbol.IntCheckAction","yes","0","0","2","3","1","2","1","2","1","1","2","2","yes","2"
"release-1.5.1","/lang/java/tools/src/main/java/org/apache/avro/tool/Main.java/","org.apache.avro.tool.Main","yes","6","8","0","3","0","3","0","1","0","0","0","6","yes","2"
"release-1.5.1","/lang/java/avro/src/main/java/org/apache/avro/Schema.java/","org.apache.avro.Schema.ArraySchema","yes","4","5","2","6","1","5","1","2","6","6","12","26","yes","2"
"release-1.5.1","/lang/java/avro/src/main/java/org/apache/avro/io/BinaryDecoder.java/","org.apache.avro.io.BinaryDecoder.ByteSource","yes","0","2","0","3","0","3","0","2","0","0","0","133","yes","2"
"release-1.5.1","/lang/java/avro/src/main/java/org/apache/avro/generic/GenericData.java/","org.apache.avro.generic.GenericData","yes","10","14","2","7","1","6","1","2","19","19","38","159","yes","2"
"release-1.5.1","/lang/java/avro/src/main/java/org/apache/avro/Schema.java/","org.apache.avro.Schema.Field","yes","3","5","2","6","1","5","1","2","6","6","12","26","yes","2"
"release-1.5.1","/lang/java/ipc/src/main/java/org/apache/avro/ipc/HttpTransceiver.java/","org.apache.avro.ipc.HttpTransceiver","yes","0","1","0","1","0","1","0","1","0","0","0","0","yes","2"
"release-1.5.1","/lang/java/avro/src/main/java/org/apache/avro/file/DataFileReader.java/","org.apache.avro.file.DataFileReader.SeekableInputStream","yes","0","1","0","4","0","4","0","2","0","0","0","50","yes","2"
"release-1.5.1","/lang/java/maven-plugin/src/main/java/org/apache/avro/mojo/AbstractAvroMojo.java/","org.apache.avro.mojo.AbstractAvroMojo","yes","1","2","0","1","0","1","0","1","0","0","0","143","yes","2"
"release-1.5.1","/lang/java/avro/src/main/java/org/apache/avro/generic/GenericData.java/","org.apache.avro.generic.GenericData.Fixed","yes","4","6","2","7","1","6","1","2","19","19","38","159","yes","2"
"release-1.5.1","/lang/java/avro/src/main/java/org/apache/avro/Schema.java/","org.apache.avro.Schema.Name","yes","4","6","2","6","1","5","1","2","6","6","12","26","yes","2"
"release-1.5.1","/lang/java/avro/src/main/java/org/apache/avro/io/parsing/Symbol.java/","org.apache.avro.io.parsing.Symbol.SkipAction","yes","0","1","2","3","1","2","1","2","1","1","2","2","yes","2"
"release-1.5.1","/lang/java/tools/src/main/java/org/apache/avro/tool/JsonToBinaryFragmentTool.java/","org.apache.avro.tool.JsonToBinaryFragmentTool","yes","2","4","0","3","0","3","0","2","0","0","0","13","yes","2"
"release-1.5.1","/lang/java/avro/src/main/java/org/apache/avro/Schema.java/","org.apache.avro.Schema.Field.Order","yes","0","0","2","6","1","5","1","2","6","6","12","26","yes","2"
"release-1.5.1","/lang/java/avro/src/main/java/org/apache/avro/io/DirectBinaryDecoder.java/","org.apache.avro.io.DirectBinaryDecoder","yes","3","5","0","3","0","3","0","2","0","0","0","9","yes","2"
"release-1.5.1","/lang/java/ipc/src/main/java/org/apache/avro/ipc/SaslSocketTransceiver.java/","org.apache.avro.ipc.SaslSocketTransceiver.SaslParticipant","yes","0","1","2","4","1","3","1","2","19","19","38","39","yes","2"
"release-1.5.1","/lang/java/ipc/src/main/java/org/apache/avro/ipc/specific/SpecificRequestor.java/","org.apache.avro.ipc.specific.SpecificRequestor","yes","0","1","0","1","0","1","0","1","0","0","0","5","yes","2"
"release-1.5.1","/lang/java/tools/src/main/java/org/apache/avro/tool/DataFileWriteTool.java/","org.apache.avro.tool.DataFileWriteTool","yes","2","4","0","2","0","2","0","2","0","0","0","4","yes","2"
"release-1.5.1","/lang/java/avro/src/main/java/org/apache/avro/AvroRemoteException.java/","org.apache.avro.AvroRemoteException","yes","0","0","0","1","0","1","0","1","0","0","0","2","yes","2"
"release-1.5.1","/lang/java/tools/src/main/java/org/apache/avro/tool/BinaryFragmentToJsonTool.java/","org.apache.avro.tool.BinaryFragmentToJsonTool","yes","2","4","0","3","0","3","0","2","0","0","0","6","yes","2"
"release-1.5.1","/lang/java/avro/src/main/java/org/apache/avro/file/DataFileWriter.java/","org.apache.avro.file.DataFileWriter.NonCopyingByteArrayOutputStream","yes","0","1","0","3","0","3","0","2","0","0","0","35","yes","2"
"release-1.5.1","/lang/java/compiler/src/main/java/org/apache/avro/compiler/specific/SpecificCompiler.java/","org.apache.avro.compiler.specific.SpecificCompiler.OutputFile","yes","1","2","0","1","0","1","0","1","0","0","0","45","yes","2"
"release-1.5.1","/lang/java/avro/src/main/java/org/apache/avro/Schema.java/","org.apache.avro.Schema.Type","yes","0","0","2","6","1","5","1","2","6","6","12","26","yes","2"
"release-1.5.1","/lang/java/avro/src/main/java/org/apache/avro/io/parsing/Symbol.java/","org.apache.avro.io.parsing.Symbol.UnionAdjustAction","yes","0","1","2","3","1","2","1","2","1","1","2","2","yes","2"
"release-1.5.1","/lang/java/avro/src/main/java/org/apache/avro/Schema.java/","org.apache.avro.Schema.SeenPair","yes","2","4","2","6","1","5","1","2","6","6","12","26","yes","2"
"release-1.5.1","/lang/java/avro/src/main/java/org/apache/avro/Schema.java/","org.apache.avro.Schema","yes","83","86","2","6","1","5","1","2","6","6","12","26","yes","2"
"release-1.5.1","/lang/java/avro/src/main/java/org/apache/avro/io/parsing/Symbol.java/","org.apache.avro.io.parsing.Symbol.DefaultStartAction","yes","1","1","2","3","1","2","1","2","1","1","2","2","yes","2"
"release-1.5.1","/lang/java/ipc/src/main/java/org/apache/avro/ipc/SaslSocketTransceiver.java/","org.apache.avro.ipc.SaslSocketTransceiver.AnonymousClient","yes","9","10","2","4","1","3","1","2","19","19","38","39","yes","2"
"release-1.5.1","/lang/java/ipc/src/main/java/org/apache/avro/ipc/reflect/ReflectRequestor.java/","org.apache.avro.ipc.reflect.ReflectRequestor","yes","0","1","0","1","0","1","0","1","0","0","0","7","yes","2"
"release-1.5.1","/lang/java/avro/src/main/java/org/apache/avro/file/DataFileStream.java/","org.apache.avro.file.DataFileStream.Header","yes","0","0","0","4","0","4","0","2","0","0","0","65","yes","2"
"release-1.5.1","/lang/java/avro/src/main/java/org/apache/avro/reflect/ReflectDatumReader.java/","org.apache.avro.reflect.ReflectDatumReader","yes","0","1","0","1","0","1","0","1","0","0","0","0","yes","2"
"release-1.5.1","/lang/java/tools/src/main/java/org/apache/avro/tool/RecodecTool.java/","org.apache.avro.tool.RecodecTool","yes","4","6","0","1","0","1","0","1","0","0","0","0","yes","2"
"release-1.5.1","/lang/java/avro/src/main/java/org/apache/avro/specific/SpecificRecordBase.java/","org.apache.avro.specific.SpecificRecordBase","yes","0","1","0","1","0","1","0","1","0","0","0","0","yes","2"
"release-1.5.1","/lang/java/avro/src/main/java/org/apache/avro/io/parsing/Symbol.java/","org.apache.avro.io.parsing.Symbol.Fixup","yes","1","1","2","3","1","2","1","2","1","1","2","2","yes","2"
"release-1.5.1","/lang/java/avro/src/main/java/org/apache/avro/file/DataFileReader12.java/","org.apache.avro.file.DataFileReader12","yes","3","5","0","2","0","2","0","2","0","0","0","8","yes","2"
"release-1.5.1","/lang/java/avro/src/main/java/org/apache/avro/Protocol.java/","org.apache.avro.Protocol","yes","8","11","0","1","0","1","0","1","0","0","0","0","yes","2"
"release-1.5.1","/lang/java/avro/src/main/java/org/apache/avro/util/ByteBufferOutputStream.java/","org.apache.avro.util.ByteBufferOutputStream","yes","2","3","0","1","0","1","0","1","0","0","0","4","yes","2"
"release-1.5.1","/lang/java/tools/src/main/java/org/apache/avro/tool/TetherTool.java/","org.apache.avro.tool.TetherTool","yes","0","1","0","2","0","2","0","1","0","0","0","95","yes","2"
"release-1.5.1","/lang/java/tools/src/main/java/org/apache/avro/tool/RpcSendTool.java/","org.apache.avro.tool.RpcSendTool","yes","1","3","0","3","0","3","0","1","0","0","0","6","yes","2"
"release-1.5.1","/lang/java/avro/src/main/java/org/apache/avro/Schema.java/","org.apache.avro.Schema.LongSchema","yes","0","0","2","6","1","5","1","2","6","6","12","26","yes","2"
"release-1.5.1","/lang/java/avro/src/main/java/org/apache/avro/generic/GenericDatumWriter.java/","org.apache.avro.generic.GenericDatumWriter","yes","0","2","0","3","0","2","0","2","0","0","0","8","no","2"
"release-1.5.1","/lang/java/avro/src/main/java/org/apache/avro/Schema.java/","org.apache.avro.Schema.EnumSchema","yes","7","8","2","6","1","5","1","2","6","6","12","26","yes","2"
"release-1.5.1","/lang/java/avro/src/main/java/org/apache/avro/io/parsing/ResolvingGrammarGenerator.java/","org.apache.avro.io.parsing.ResolvingGrammarGenerator.LitS2","yes","2","3","0","3","0","3","0","2","0","0","0","23","yes","2"
"release-1.5.1","/lang/java/ipc/src/main/java/org/apache/avro/ipc/NettyTransceiver.java/","org.apache.avro.ipc.NettyTransceiver.CallFuture","yes","0","1","0","3","0","3","0","2","0","0","0","10","yes","2"
"release-1.5.1","/lang/java/avro/src/main/java/org/apache/avro/util/WeakIdentityHashMap.java/","org.apache.avro.util.WeakIdentityHashMap.IdentityWeakReference","yes","2","2","0","1","0","1","0","1","0","0","0","0","yes","2"
"release-1.5.1","/lang/java/ipc/src/main/java/org/apache/avro/ipc/DatagramTransceiver.java/","org.apache.avro.ipc.DatagramTransceiver","yes","2","3","0","1","0","1","0","1","0","0","0","0","yes","2"
"release-1.5.1","/lang/java/avro/src/main/java/org/apache/avro/io/parsing/Symbol.java/","org.apache.avro.io.parsing.Symbol.ErrorAction","yes","0","0","2","3","1","2","1","2","1","1","2","2","yes","2"
"release-1.5.1","/lang/java/ipc/src/main/java/org/apache/avro/ipc/SaslSocketTransceiver.java/","org.apache.avro.ipc.SaslSocketTransceiver","yes","18","21","2","4","1","3","1","2","19","19","38","39","yes","2"
"release-1.5.1","/lang/java/ipc/src/main/java/org/apache/avro/ipc/Transceiver.java/","org.apache.avro.ipc.Transceiver","yes","1","1","0","1","0","1","0","1","0","0","0","0","no","2"
"release-1.5.1","/lang/java/avro/src/main/java/org/apache/avro/Schema.java/","org.apache.avro.Schema.IntSchema","yes","0","0","2","6","1","5","1","2","6","6","12","26","yes","2"
"release-1.5.1","/lang/java/avro/src/main/java/org/apache/avro/util/WeakIdentityHashMap.java/","org.apache.avro.util.WeakIdentityHashMap","yes","18","19","0","1","0","1","0","1","0","0","0","0","yes","2"
"release-1.5.1","/lang/java/mapred/src/main/java/org/apache/avro/mapred/tether/TetherJob.java/","org.apache.avro.mapred.tether.TetherJob","yes","0","1","0","2","0","2","0","1","0","0","0","73","yes","2"
"release-1.5.1","/lang/java/avro/src/main/java/org/apache/avro/file/DataFileReader.java/","org.apache.avro.file.DataFileReader","yes","1","3","0","4","0","4","0","2","0","0","0","50","yes","2"
"release-1.5.1","/lang/java/avro/src/main/java/org/apache/avro/io/parsing/Symbol.java/","org.apache.avro.io.parsing.Symbol.ImplicitAction","yes","0","0","2","3","1","2","1","2","1","1","2","2","yes","2"
"release-1.5.1","/lang/java/avro/src/main/java/org/apache/avro/file/DataFileWriter.java/","org.apache.avro.file.DataFileWriter.BufferedFileOutputStream","yes","0","0","0","3","0","3","0","2","0","0","0","35","yes","2"
"release-1.5.1","/lang/java/avro/src/main/java/org/apache/avro/util/Utf8.java/","org.apache.avro.util.Utf8","yes","2","4","0","2","0","2","0","1","0","0","0","16","yes","2"
"release-1.5.1","/lang/java/avro/src/main/java/org/apache/avro/io/DirectBinaryDecoder.java/","org.apache.avro.io.DirectBinaryDecoder.ByteReader","yes","0","2","0","3","0","3","0","2","0","0","0","9","yes","2"
"release-1.5.1","/lang/java/avro/src/main/java/org/apache/avro/io/parsing/Symbol.java/","org.apache.avro.io.parsing.Symbol","yes","22","24","2","3","1","2","1","2","1","1","2","2","yes","2"
"release-1.5.1","/lang/java/mapred/src/main/java/org/apache/avro/mapred/AvroSerialization.java/","org.apache.avro.mapred.AvroSerialization","yes","1","2","0","4","0","4","0","2","0","0","0","25","yes","2"
"release-1.5.1","/lang/java/avro/src/main/java/org/apache/avro/io/parsing/Symbol.java/","org.apache.avro.io.parsing.Symbol.EnumAdjustAction","yes","2","2","2","3","1","2","1","2","1","1","2","2","yes","2"
"release-1.5.1","/lang/java/ipc/src/main/java/org/apache/avro/ipc/generic/GenericRequestor.java/","org.apache.avro.ipc.generic.GenericRequestor","yes","0","1","0","1","0","1","0","1","0","0","0","6","yes","2"
"release-1.5.1","/lang/java/avro/src/main/java/org/apache/avro/file/DataFileWriter.java/","org.apache.avro.file.DataFileWriter","yes","0","2","0","3","0","3","0","2","0","0","0","35","yes","2"
"release-1.5.1","/lang/java/avro/src/main/java/org/apache/avro/io/parsing/Symbol.java/","org.apache.avro.io.parsing.Symbol.Sequence","yes","5","7","2","3","1","2","1","2","1","1","2","2","yes","2"
"release-1.5.1","/lang/java/avro/src/main/java/org/apache/avro/generic/GenericData.java/","org.apache.avro.generic.GenericData.Array","yes","5","7","2","7","1","6","1","2","19","19","38","159","yes","2"
"release-1.5.1","/lang/java/compiler/src/main/java/org/apache/avro/compiler/specific/SpecificCompiler.java/","org.apache.avro.compiler.specific.SpecificCompiler.Slf4jLogChute","yes","3","5","0","1","0","1","0","1","0","0","0","45","yes","2"
"release-1.5.1","/lang/java/avro/src/main/java/org/apache/avro/io/parsing/Symbol.java/","org.apache.avro.io.parsing.Symbol.FieldAdjustAction","yes","0","0","2","3","1","2","1","2","1","1","2","2","yes","2"
"release-1.5.1","/lang/java/avro/src/main/java/org/apache/avro/io/parsing/Symbol.java/","org.apache.avro.io.parsing.Symbol.Root","yes","1","1","2","3","1","2","1","2","1","1","2","2","yes","2"
"release-1.5.1","/lang/java/avro/src/main/java/org/apache/avro/io/BinaryDecoder.java/","org.apache.avro.io.BinaryDecoder","yes","12","15","0","3","0","3","0","2","0","0","0","133","yes","2"
"release-1.5.1","/lang/java/avro/src/main/java/org/apache/avro/io/BinaryDecoder.java/","org.apache.avro.io.BinaryDecoder.ByteArrayByteSource","yes","0","2","0","3","0","3","0","2","0","0","0","133","yes","2"
"release-1.5.1","/lang/java/avro/src/main/java/org/apache/avro/io/JsonDecoder.java/","org.apache.avro.io.JsonDecoder","yes","0","3","0","3","0","3","0","2","0","0","0","89","yes","2"
"release-1.5.1","/lang/java/avro/src/main/java/org/apache/avro/io/parsing/Symbol.java/","org.apache.avro.io.parsing.Symbol.EnumLabelsAction","yes","0","1","2","3","1","2","1","2","1","1","2","2","yes","2"
"release-1.5.1","/lang/java/avro/src/main/java/org/apache/avro/Schema.java/","org.apache.avro.Schema.RecordSchema","yes","6","8","2","6","1","5","1","2","6","6","12","26","yes","2"
"release-1.5.1","/lang/java/avro/src/main/java/org/apache/avro/io/parsing/Symbol.java/","org.apache.avro.io.parsing.Symbol.Terminal","yes","1","1","2","3","1","2","1","2","1","1","2","2","yes","2"
"release-1.5.1","/lang/java/avro/src/main/java/org/apache/avro/Schema.java/","org.apache.avro.Schema.DoubleSchema","yes","0","0","2","6","1","5","1","2","6","6","12","26","yes","2"
"release-1.5.1","/lang/java/avro/src/main/java/org/apache/avro/Schema.java/","org.apache.avro.Schema.Props","yes","0","1","2","6","1","5","1","2","6","6","12","26","yes","2"
"release-1.5.1","/lang/java/ipc/src/main/java/org/apache/avro/ipc/SocketServer.java/","org.apache.avro.ipc.SocketServer.Connection","yes","1","2","0","2","0","2","0","1","0","0","0","2","yes","2"
"release-1.5.1","/lang/java/ipc/src/main/java/org/apache/avro/ipc/specific/SpecificResponder.java/","org.apache.avro.ipc.specific.SpecificResponder","yes","0","1","0","2","0","2","0","2","0","0","0","43","yes","2"
"release-1.5.1","/lang/java/avro/src/main/java/org/apache/avro/io/parsing/Symbol.java/","org.apache.avro.io.parsing.Symbol.Alternative","yes","1","3","2","3","1","2","1","2","1","1","2","2","yes","2"
"release-1.5.1","/lang/java/avro/src/main/java/org/apache/avro/Schema.java/","org.apache.avro.Schema.UnionSchema","yes","5","6","2","6","1","5","1","2","6","6","12","26","yes","2"
"release-1.5.1","/lang/java/avro/src/main/java/org/apache/avro/generic/GenericData.java/","org.apache.avro.generic.GenericData.Record","yes","0","1","2","7","1","6","1","2","19","19","38","159","yes","2"
"release-1.5.1","/lang/java/ipc/src/main/java/org/apache/avro/ipc/SocketServer.java/","org.apache.avro.ipc.SocketServer","yes","6","7","0","2","0","2","0","1","0","0","0","2","yes","2"
"release-1.5.1","/lang/java/avro/src/main/java/org/apache/avro/util/ByteBufferInputStream.java/","org.apache.avro.util.ByteBufferInputStream","yes","0","1","0","1","0","1","0","1","0","0","0","4","yes","2"
"release-1.5.2","/lang/java/avro/src/main/java/org/apache/avro/file/DataFileWriter.java/","org.apache.avro.file.DataFileWriter.BufferedFileOutputStream.PositionFilter","yes","0","1","1","4","1","4","1","2","35","3","38","73","yes","3"
"release-1.5.2","/lang/java/mapred/src/main/java/org/apache/avro/mapred/AvroSerialization.java/","org.apache.avro.mapred.AvroSerialization.AvroWrapperSerializer","yes","0","1","0","4","0","4","0","2","0","0","0","25","yes","3"
"release-1.5.2","/lang/java/avro/src/main/java/org/apache/avro/io/DirectBinaryDecoder.java/","org.apache.avro.io.DirectBinaryDecoder.ReuseByteReader","yes","0","0","0","3","0","3","0","2","0","0","0","9","yes","3"
"release-1.5.2","/lang/java/avro/src/main/java/org/apache/avro/generic/GenericDatumReader.java/","org.apache.avro.generic.GenericDatumReader","yes","1","3","0","7","0","5","0","2","0","0","0","51","yes","3"
"release-1.5.2","/lang/java/ipc/src/main/java/org/apache/avro/ipc/Requestor.java/","org.apache.avro.ipc.Requestor","yes","4","6","3","10","3","10","1","2","378","110","488","530","yes","3"
"release-1.5.2","/lang/java/avro/src/main/java/org/apache/avro/Schema.java/","org.apache.avro.Schema.StringSchema","yes","0","0","1","7","1","6","1","2","21","0","21","47","yes","3"
"release-1.5.2","/lang/java/compiler/src/main/java/org/apache/avro/compiler/specific/SpecificCompiler.java/","org.apache.avro.compiler.specific.SpecificCompiler","yes","5","7","0","1","0","1","0","1","0","0","0","45","yes","3"
"release-1.5.2","/lang/java/avro/src/main/java/org/apache/avro/io/BinaryDecoder.java/","org.apache.avro.io.BinaryDecoder.BufferAccessor","yes","2","4","0","3","0","3","0","2","0","0","0","133","yes","3"
"release-1.5.2","/lang/java/mapred/src/main/java/org/apache/avro/mapred/tether/TetheredProcess.java/","org.apache.avro.mapred.tether.TetheredProcess","yes","1","3","0","2","0","2","0","1","0","0","0","4","yes","3"
"release-1.5.2","/lang/java/avro/src/main/java/org/apache/avro/io/parsing/Symbol.java/","org.apache.avro.io.parsing.Symbol.Kind","yes","0","0","0","3","0","2","0","2","0","0","0","2","yes","3"
"release-1.5.2","/lang/java/avro/src/main/java/org/apache/avro/Schema.java/","org.apache.avro.Schema.Names","yes","0","1","1","7","1","6","1","2","21","0","21","47","yes","3"
"release-1.5.2","/lang/java/avro/src/main/java/org/apache/avro/Protocol.java/","org.apache.avro.Protocol.Message","yes","3","5","0","1","0","1","0","1","0","0","0","0","yes","3"
"release-1.5.2","/lang/java/avro/src/main/java/org/apache/avro/io/parsing/Symbol.java/","org.apache.avro.io.parsing.Symbol.ResolvingAction","yes","0","1","0","3","0","2","0","2","0","0","0","2","yes","3"
"release-1.5.2","/lang/java/avro/src/main/java/org/apache/avro/Schema.java/","org.apache.avro.Schema.NamedSchema","yes","9","11","1","7","1","6","1","2","21","0","21","47","yes","3"
"release-1.5.2","/lang/java/tools/src/main/java/org/apache/avro/tool/DataFileReadTool.java/","org.apache.avro.tool.DataFileReadTool","yes","0","1","0","2","0","2","0","1","0","0","0","8","yes","3"
"release-1.5.2","/lang/java/ipc/src/main/java/org/apache/avro/ipc/Requestor.java/","org.apache.avro.ipc.Requestor.Response","yes","0","1","3","3","3","3","1","1","378","110","488","488","no","1"
"release-1.5.2","/lang/java/avro/src/main/java/org/apache/avro/io/parsing/Symbol.java/","org.apache.avro.io.parsing.Symbol.FieldOrderAction","yes","2","2","0","3","0","2","0","2","0","0","0","2","yes","3"
"release-1.5.2","/lang/java/avro/src/main/java/org/apache/avro/Schema.java/","org.apache.avro.Schema.FixedSchema","yes","4","5","1","7","1","6","1","2","21","0","21","47","yes","3"
"release-1.5.2","/lang/java/tools/src/main/java/org/apache/avro/tool/RpcReceiveTool.java/","org.apache.avro.tool.RpcReceiveTool","yes","1","3","0","3","0","3","0","1","0","0","0","8","yes","3"
"release-1.5.2","/lang/java/ipc/src/main/java/org/apache/avro/ipc/Requestor.java/","org.apache.avro.ipc.Requestor.TransceiverCallback","yes","2","3","3","3","3","3","1","1","378","110","488","488","no","1"
"release-1.5.2","/lang/java/tools/src/main/java/org/apache/avro/tool/RpcReceiveTool.java/","org.apache.avro.tool.RpcReceiveTool.SinkResponder","yes","0","1","0","3","0","3","0","1","0","0","0","8","yes","3"
"release-1.5.2","/lang/java/tools/src/main/java/org/apache/avro/tool/Util.java/","org.apache.avro.tool.Util","yes","4","5","0","2","0","2","0","2","0","0","0","11","yes","3"
"release-1.5.2","/lang/java/ipc/src/main/java/org/apache/avro/ipc/NettyTransceiver.java/","org.apache.avro.ipc.NettyTransceiver","yes","6","8","2","5","2","5","1","2","293","160","453","463","yes","3"
"release-1.5.2","/lang/java/avro/src/main/java/org/apache/avro/reflect/ReflectData.java/","org.apache.avro.reflect.ReflectData","yes","4","7","1","7","1","6","1","2","4","0","4","21","yes","3"
"release-1.5.2","/lang/java/avro/src/main/java/org/apache/avro/Protocol.java/","org.apache.avro.Protocol.TwoWayMessage","yes","0","2","0","1","0","1","0","1","0","0","0","0","yes","3"
"release-1.5.2","/lang/java/avro/src/main/java/org/apache/avro/Schema.java/","org.apache.avro.Schema.BooleanSchema","yes","0","0","1","7","1","6","1","2","21","0","21","47","yes","3"
"release-1.5.2","/lang/java/avro/src/main/java/org/apache/avro/Schema.java/","org.apache.avro.Schema.BytesSchema","yes","0","0","1","7","1","6","1","2","21","0","21","47","yes","3"
"release-1.5.2","/lang/java/avro/src/main/java/org/apache/avro/Schema.java/","org.apache.avro.Schema.FloatSchema","yes","0","0","1","7","1","6","1","2","21","0","21","47","yes","3"
"release-1.5.2","/lang/java/avro/src/main/java/org/apache/avro/Schema.java/","org.apache.avro.Schema.LockableArrayList","yes","8","8","1","7","1","6","1","2","21","0","21","47","yes","3"
"release-1.5.2","/lang/java/maven-plugin/src/main/java/org/apache/avro/mojo/ProtocolMojo.java/","org.apache.avro.mojo.ProtocolMojo","yes","2","3","0","4","0","3","0","2","0","0","0","72","yes","3"
"release-1.5.2","/lang/java/ipc/src/main/java/org/apache/avro/ipc/SocketTransceiver.java/","org.apache.avro.ipc.SocketTransceiver","yes","2","3","0","1","0","1","0","1","0","0","0","0","yes","3"
"release-1.5.2","/lang/java/avro/src/main/java/org/apache/avro/Schema.java/","org.apache.avro.Schema.MapSchema","yes","4","5","1","7","1","6","1","2","21","0","21","47","yes","3"
"release-1.5.2","/lang/java/avro/src/main/java/org/apache/avro/io/parsing/Symbol.java/","org.apache.avro.io.parsing.Symbol.Repeater","yes","1","2","0","3","0","2","0","2","0","0","0","2","yes","3"
"release-1.5.2","/lang/java/avro/src/main/java/org/apache/avro/reflect/ReflectDatumWriter.java/","org.apache.avro.reflect.ReflectDatumWriter","yes","6","7","0","5","0","4","0","2","0","0","0","12","yes","3"
"release-1.5.2","/lang/java/avro/src/main/java/org/apache/avro/reflect/ReflectData.java/","org.apache.avro.reflect.ReflectData.AllowNull","yes","1","1","1","7","1","6","1","2","4","0","4","21","yes","3"
"release-1.5.2","/lang/java/avro/src/main/java/org/apache/avro/file/DataFileStream.java/","org.apache.avro.file.DataFileStream.DataBlock","yes","1","3","1","5","1","5","1","2","1","1","2","67","yes","3"
"release-1.5.2","/lang/java/mapred/src/main/java/org/apache/avro/mapred/AvroSerialization.java/","org.apache.avro.mapred.AvroSerialization.AvroWrapperDeserializer","yes","1","2","0","4","0","4","0","2","0","0","0","25","yes","3"
"release-1.5.2","/lang/java/tools/src/main/java/org/apache/avro/tool/SpecificCompilerTool.java/","org.apache.avro.tool.SpecificCompilerTool","yes","2","3","0","2","0","2","0","1","0","0","0","64","yes","3"
"release-1.5.2","/lang/java/avro/src/main/java/org/apache/avro/io/parsing/Symbol.java/","org.apache.avro.io.parsing.Symbol.WriterUnionAction","yes","0","0","0","3","0","2","0","2","0","0","0","2","yes","3"
"release-1.5.2","/lang/java/avro/src/main/java/org/apache/avro/file/DataFileStream.java/","org.apache.avro.file.DataFileStream","yes","3","6","1","5","1","5","1","2","1","1","2","67","yes","3"
"release-1.5.2","/lang/java/avro/src/main/java/org/apache/avro/specific/SpecificData.java/","org.apache.avro.specific.SpecificData","yes","1","4","1","6","1","5","1","2","1","1","2","18","yes","3"
"release-1.5.2","/lang/java/ipc/src/main/java/org/apache/avro/ipc/NettyTransceiver.java/","org.apache.avro.ipc.NettyTransceiver.NettyClientAvroHandler","yes","3","4","2","5","2","5","1","2","293","160","453","463","yes","3"
"release-1.5.2","/lang/java/tools/src/main/java/org/apache/avro/tool/FromTextTool.java/","org.apache.avro.tool.FromTextTool","yes","6","8","0","3","0","2","0","2","0","0","0","118","yes","3"
"release-1.5.2","/lang/java/ipc/src/main/java/org/apache/avro/ipc/SaslSocketTransceiver.java/","org.apache.avro.ipc.SaslSocketTransceiver.Status","yes","0","0","0","4","0","3","0","2","0","0","0","39","yes","3"
"release-1.5.2","/lang/java/avro/src/main/java/org/apache/avro/io/parsing/ResolvingGrammarGenerator.java/","org.apache.avro.io.parsing.ResolvingGrammarGenerator","yes","10","14","0","3","0","3","0","2","0","0","0","23","yes","3"
"release-1.5.2","/lang/java/avro/src/main/java/org/apache/avro/io/parsing/JsonGrammarGenerator.java/","org.apache.avro.io.parsing.JsonGrammarGenerator","yes","0","3","0","1","0","1","0","1","0","0","0","0","yes","3"
"release-1.5.2","/lang/java/maven-plugin/src/main/java/org/apache/avro/mojo/SchemaMojo.java/","org.apache.avro.mojo.SchemaMojo","yes","2","3","0","4","0","3","0","2","0","0","0","72","yes","3"
"release-1.5.2","/lang/java/avro/src/main/java/org/apache/avro/Schema.java/","org.apache.avro.Schema.NullSchema","yes","0","0","1","7","1","6","1","2","21","0","21","47","yes","3"
"release-1.5.2","/lang/java/avro/src/main/java/org/apache/avro/io/BinaryDecoder.java/","org.apache.avro.io.BinaryDecoder.InputStreamByteSource","yes","4","6","0","3","0","3","0","2","0","0","0","133","yes","3"
"release-1.5.2","/lang/java/avro/src/main/java/org/apache/avro/generic/GenericData.java/","org.apache.avro.generic.GenericData.EnumSymbol","yes","0","1","0","7","0","6","0","2","0","0","0","159","yes","3"
"release-1.5.2","/lang/java/avro/src/main/java/org/apache/avro/io/parsing/Symbol.java/","org.apache.avro.io.parsing.Symbol.IntCheckAction","yes","0","0","0","3","0","2","0","2","0","0","0","2","yes","3"
"release-1.5.2","/lang/java/tools/src/main/java/org/apache/avro/tool/Main.java/","org.apache.avro.tool.Main","yes","6","8","0","3","0","3","0","1","0","0","0","6","yes","3"
"release-1.5.2","/lang/java/avro/src/main/java/org/apache/avro/Schema.java/","org.apache.avro.Schema.ArraySchema","yes","4","5","1","7","1","6","1","2","21","0","21","47","yes","3"
"release-1.5.2","/lang/java/avro/src/main/java/org/apache/avro/io/BinaryDecoder.java/","org.apache.avro.io.BinaryDecoder.ByteSource","yes","0","2","0","3","0","3","0","2","0","0","0","133","yes","3"
"release-1.5.2","/lang/java/avro/src/main/java/org/apache/avro/file/SnappyCodec.java/","org.apache.avro.file.SnappyCodec","yes","0","1","1","1","1","1","1","1","21","30","51","51","no","1"
"release-1.5.2","/lang/java/avro/src/main/java/org/apache/avro/generic/GenericData.java/","org.apache.avro.generic.GenericData","yes","10","14","0","7","0","6","0","2","0","0","0","159","yes","3"
"release-1.5.2","/lang/java/avro/src/main/java/org/apache/avro/Schema.java/","org.apache.avro.Schema.Field","yes","3","5","1","7","1","6","1","2","21","0","21","47","yes","3"
"release-1.5.2","/lang/java/ipc/src/main/java/org/apache/avro/ipc/HttpTransceiver.java/","org.apache.avro.ipc.HttpTransceiver","yes","0","1","0","1","0","1","0","1","0","0","0","0","yes","3"
"release-1.5.2","/lang/java/avro/src/main/java/org/apache/avro/file/DataFileReader.java/","org.apache.avro.file.DataFileReader.SeekableInputStream","yes","0","1","0","4","0","4","0","2","0","0","0","50","yes","3"
"release-1.5.2","/lang/java/maven-plugin/src/main/java/org/apache/avro/mojo/AbstractAvroMojo.java/","org.apache.avro.mojo.AbstractAvroMojo","yes","1","2","0","1","0","1","0","1","0","0","0","143","yes","3"
"release-1.5.2","/lang/java/avro/src/main/java/org/apache/avro/generic/GenericData.java/","org.apache.avro.generic.GenericData.Fixed","yes","4","6","0","7","0","6","0","2","0","0","0","159","yes","3"
"release-1.5.2","/lang/java/avro/src/main/java/org/apache/avro/Schema.java/","org.apache.avro.Schema.Name","yes","4","6","1","7","1","6","1","2","21","0","21","47","yes","3"
"release-1.5.2","/lang/java/avro/src/main/java/org/apache/avro/io/parsing/Symbol.java/","org.apache.avro.io.parsing.Symbol.SkipAction","yes","0","1","0","3","0","2","0","2","0","0","0","2","yes","3"
"release-1.5.2","/lang/java/tools/src/main/java/org/apache/avro/tool/JsonToBinaryFragmentTool.java/","org.apache.avro.tool.JsonToBinaryFragmentTool","yes","2","4","0","3","0","3","0","2","0","0","0","13","yes","3"
"release-1.5.2","/lang/java/avro/src/main/java/org/apache/avro/Schema.java/","org.apache.avro.Schema.Field.Order","yes","0","0","1","7","1","6","1","2","21","0","21","47","yes","3"
"release-1.5.2","/lang/java/avro/src/main/java/org/apache/avro/io/DirectBinaryDecoder.java/","org.apache.avro.io.DirectBinaryDecoder","yes","3","5","0","3","0","3","0","2","0","0","0","9","yes","3"
"release-1.5.2","/lang/java/ipc/src/main/java/org/apache/avro/ipc/Requestor.java/","org.apache.avro.ipc.Requestor.Request","yes","0","2","3","3","3","3","1","1","378","110","488","488","no","1"
"release-1.5.2","/lang/java/ipc/src/main/java/org/apache/avro/ipc/SaslSocketTransceiver.java/","org.apache.avro.ipc.SaslSocketTransceiver.SaslParticipant","yes","0","1","0","4","0","3","0","2","0","0","0","39","yes","3"
"release-1.5.2","/lang/java/ipc/src/main/java/org/apache/avro/ipc/specific/SpecificRequestor.java/","org.apache.avro.ipc.specific.SpecificRequestor","yes","0","1","3","4","3","4","1","2","59","19","78","83","yes","3"
"release-1.5.2","/lang/java/mapred/src/main/java/org/apache/avro/mapred/AvroTextOutputFormat.java/","org.apache.avro.mapred.AvroTextOutputFormat.AvroTextRecordWriter","yes","3","4","1","1","1","1","1","1","134","0","134","134","no","1"
"release-1.5.2","/lang/java/tools/src/main/java/org/apache/avro/tool/DataFileWriteTool.java/","org.apache.avro.tool.DataFileWriteTool","yes","2","4","0","2","0","2","0","2","0","0","0","4","yes","3"
"release-1.5.2","/lang/java/avro/src/main/java/org/apache/avro/AvroRemoteException.java/","org.apache.avro.AvroRemoteException","yes","0","0","0","1","0","1","0","1","0","0","0","2","yes","3"
"release-1.5.2","/lang/java/tools/src/main/java/org/apache/avro/tool/BinaryFragmentToJsonTool.java/","org.apache.avro.tool.BinaryFragmentToJsonTool","yes","2","4","0","3","0","3","0","2","0","0","0","6","yes","3"
"release-1.5.2","/lang/java/avro/src/main/java/org/apache/avro/file/DataFileWriter.java/","org.apache.avro.file.DataFileWriter.NonCopyingByteArrayOutputStream","yes","0","1","1","4","1","4","1","2","35","3","38","73","yes","3"
"release-1.5.2","/lang/java/compiler/src/main/java/org/apache/avro/compiler/specific/SpecificCompiler.java/","org.apache.avro.compiler.specific.SpecificCompiler.OutputFile","yes","1","2","0","1","0","1","0","1","0","0","0","45","yes","3"
"release-1.5.2","/lang/java/avro/src/main/java/org/apache/avro/Schema.java/","org.apache.avro.Schema.Type","yes","0","0","1","7","1","6","1","2","21","0","21","47","yes","3"
"release-1.5.2","/lang/java/avro/src/main/java/org/apache/avro/io/parsing/Symbol.java/","org.apache.avro.io.parsing.Symbol.UnionAdjustAction","yes","0","1","0","3","0","2","0","2","0","0","0","2","yes","3"
"release-1.5.2","/lang/java/avro/src/main/java/org/apache/avro/Schema.java/","org.apache.avro.Schema.SeenPair","yes","2","4","1","7","1","6","1","2","21","0","21","47","yes","3"
"release-1.5.2","/lang/java/avro/src/main/java/org/apache/avro/Schema.java/","org.apache.avro.Schema","yes","83","86","1","7","1","6","1","2","21","0","21","47","yes","3"
"release-1.5.2","/lang/java/avro/src/main/java/org/apache/avro/io/parsing/Symbol.java/","org.apache.avro.io.parsing.Symbol.DefaultStartAction","yes","1","1","0","3","0","2","0","2","0","0","0","2","yes","3"
"release-1.5.2","/lang/java/ipc/src/main/java/org/apache/avro/ipc/SaslSocketTransceiver.java/","org.apache.avro.ipc.SaslSocketTransceiver.AnonymousClient","yes","9","10","0","4","0","3","0","2","0","0","0","39","yes","3"
"release-1.5.2","/lang/java/avro/src/main/java/org/apache/avro/file/DataFileStream.java/","org.apache.avro.file.DataFileStream.Header","yes","0","0","1","5","1","5","1","2","1","1","2","67","yes","3"
"release-1.5.2","/lang/java/avro/src/main/java/org/apache/avro/reflect/ReflectDatumReader.java/","org.apache.avro.reflect.ReflectDatumReader","yes","0","1","0","1","0","1","0","1","0","0","0","0","yes","3"
"release-1.5.2","/lang/java/tools/src/main/java/org/apache/avro/tool/RecodecTool.java/","org.apache.avro.tool.RecodecTool","yes","4","6","0","1","0","1","0","1","0","0","0","0","yes","3"
"release-1.5.2","/lang/java/avro/src/main/java/org/apache/avro/specific/SpecificRecordBase.java/","org.apache.avro.specific.SpecificRecordBase","yes","0","1","0","1","0","1","0","1","0","0","0","0","yes","3"
"release-1.5.2","/lang/java/avro/src/main/java/org/apache/avro/io/parsing/Symbol.java/","org.apache.avro.io.parsing.Symbol.Fixup","yes","1","1","0","3","0","2","0","2","0","0","0","2","yes","3"
"release-1.5.2","/lang/java/avro/src/main/java/org/apache/avro/file/DataFileReader12.java/","org.apache.avro.file.DataFileReader12","yes","3","5","0","2","0","2","0","2","0","0","0","8","yes","3"
"release-1.5.2","/lang/java/avro/src/main/java/org/apache/avro/Protocol.java/","org.apache.avro.Protocol","yes","8","11","0","1","0","1","0","1","0","0","0","0","yes","3"
"release-1.5.2","/lang/java/avro/src/main/java/org/apache/avro/util/ByteBufferOutputStream.java/","org.apache.avro.util.ByteBufferOutputStream","yes","2","3","0","1","0","1","0","1","0","0","0","4","yes","3"
"release-1.5.2","/lang/java/tools/src/main/java/org/apache/avro/tool/TetherTool.java/","org.apache.avro.tool.TetherTool","yes","0","1","0","2","0","2","0","1","0","0","0","95","yes","3"
"release-1.5.2","/lang/java/tools/src/main/java/org/apache/avro/tool/RpcSendTool.java/","org.apache.avro.tool.RpcSendTool","yes","1","3","0","3","0","3","0","1","0","0","0","6","yes","3"
"release-1.5.2","/lang/java/avro/src/main/java/org/apache/avro/Schema.java/","org.apache.avro.Schema.LongSchema","yes","0","0","1","7","1","6","1","2","21","0","21","47","yes","3"
"release-1.5.2","/lang/java/avro/src/main/java/org/apache/avro/generic/GenericDatumWriter.java/","org.apache.avro.generic.GenericDatumWriter","yes","0","2","0","3","0","2","0","2","0","0","0","8","yes","3"
"release-1.5.2","/lang/java/avro/src/main/java/org/apache/avro/Schema.java/","org.apache.avro.Schema.EnumSchema","yes","7","8","1","7","1","6","1","2","21","0","21","47","yes","3"
"release-1.5.2","/lang/java/avro/src/main/java/org/apache/avro/io/parsing/ResolvingGrammarGenerator.java/","org.apache.avro.io.parsing.ResolvingGrammarGenerator.LitS2","yes","2","3","0","3","0","3","0","2","0","0","0","23","yes","3"
"release-1.5.2","/lang/java/mapred/src/main/java/org/apache/avro/mapred/AvroTextOutputFormat.java/","org.apache.avro.mapred.AvroTextOutputFormat","yes","3","4","1","1","1","1","1","1","134","0","134","134","no","1"
"release-1.5.2","/lang/java/avro/src/main/java/org/apache/avro/util/WeakIdentityHashMap.java/","org.apache.avro.util.WeakIdentityHashMap.IdentityWeakReference","yes","2","2","0","1","0","1","0","1","0","0","0","0","yes","3"
"release-1.5.2","/lang/java/ipc/src/main/java/org/apache/avro/ipc/DatagramTransceiver.java/","org.apache.avro.ipc.DatagramTransceiver","yes","2","3","0","1","0","1","0","1","0","0","0","0","yes","3"
"release-1.5.2","/lang/java/avro/src/main/java/org/apache/avro/io/parsing/Symbol.java/","org.apache.avro.io.parsing.Symbol.ErrorAction","yes","0","0","0","3","0","2","0","2","0","0","0","2","yes","3"
"release-1.5.2","/lang/java/ipc/src/main/java/org/apache/avro/ipc/SaslSocketTransceiver.java/","org.apache.avro.ipc.SaslSocketTransceiver","yes","19","22","0","4","0","3","0","2","0","0","0","39","yes","3"
"release-1.5.2","/lang/java/avro/src/main/java/org/apache/avro/file/DataFileWriter.java/","org.apache.avro.file.DataFileWriter.AppendWriteException","yes","0","0","1","1","1","1","1","1","35","3","38","38","no","1"
"release-1.5.2","/lang/java/avro/src/main/java/org/apache/avro/Schema.java/","org.apache.avro.Schema.IntSchema","yes","0","0","1","7","1","6","1","2","21","0","21","47","yes","3"
"release-1.5.2","/lang/java/avro/src/main/java/org/apache/avro/util/WeakIdentityHashMap.java/","org.apache.avro.util.WeakIdentityHashMap","yes","18","19","0","1","0","1","0","1","0","0","0","0","yes","3"
"release-1.5.2","/lang/java/mapred/src/main/java/org/apache/avro/mapred/tether/TetherJob.java/","org.apache.avro.mapred.tether.TetherJob","yes","0","1","0","2","0","2","0","1","0","0","0","73","yes","3"
"release-1.5.2","/lang/java/avro/src/main/java/org/apache/avro/file/DataFileReader.java/","org.apache.avro.file.DataFileReader","yes","1","3","0","4","0","4","0","2","0","0","0","50","yes","3"
"release-1.5.2","/lang/java/avro/src/main/java/org/apache/avro/io/parsing/Symbol.java/","org.apache.avro.io.parsing.Symbol.ImplicitAction","yes","0","0","0","3","0","2","0","2","0","0","0","2","yes","3"
"release-1.5.2","/lang/java/avro/src/main/java/org/apache/avro/file/DataFileWriter.java/","org.apache.avro.file.DataFileWriter.BufferedFileOutputStream","yes","0","0","1","4","1","4","1","2","35","3","38","73","yes","3"
"release-1.5.2","/lang/java/avro/src/main/java/org/apache/avro/util/Utf8.java/","org.apache.avro.util.Utf8","yes","2","4","0","2","0","2","0","1","0","0","0","16","yes","3"
"release-1.5.2","/lang/java/avro/src/main/java/org/apache/avro/io/DirectBinaryDecoder.java/","org.apache.avro.io.DirectBinaryDecoder.ByteReader","yes","0","2","0","3","0","3","0","2","0","0","0","9","yes","3"
"release-1.5.2","/lang/java/avro/src/main/java/org/apache/avro/io/parsing/Symbol.java/","org.apache.avro.io.parsing.Symbol","yes","22","24","0","3","0","2","0","2","0","0","0","2","yes","3"
"release-1.5.2","/lang/java/mapred/src/main/java/org/apache/avro/mapred/AvroSerialization.java/","org.apache.avro.mapred.AvroSerialization","yes","1","2","0","4","0","4","0","2","0","0","0","25","yes","3"
"release-1.5.2","/lang/java/avro/src/main/java/org/apache/avro/io/parsing/Symbol.java/","org.apache.avro.io.parsing.Symbol.EnumAdjustAction","yes","2","2","0","3","0","2","0","2","0","0","0","2","yes","3"
"release-1.5.2","/lang/java/ipc/src/main/java/org/apache/avro/ipc/generic/GenericRequestor.java/","org.apache.avro.ipc.generic.GenericRequestor","yes","0","1","2","3","2","3","1","2","20","4","24","30","yes","3"
"release-1.5.2","/lang/java/avro/src/main/java/org/apache/avro/file/DataFileWriter.java/","org.apache.avro.file.DataFileWriter","yes","0","2","1","4","1","4","1","2","35","3","38","73","yes","3"
"release-1.5.2","/lang/java/avro/src/main/java/org/apache/avro/io/parsing/Symbol.java/","org.apache.avro.io.parsing.Symbol.Sequence","yes","5","7","0","3","0","2","0","2","0","0","0","2","yes","3"
"release-1.5.2","/lang/java/avro/src/main/java/org/apache/avro/generic/GenericData.java/","org.apache.avro.generic.GenericData.Array","yes","5","7","0","7","0","6","0","2","0","0","0","159","yes","3"
"release-1.5.2","/lang/java/compiler/src/main/java/org/apache/avro/compiler/specific/SpecificCompiler.java/","org.apache.avro.compiler.specific.SpecificCompiler.Slf4jLogChute","yes","3","5","0","1","0","1","0","1","0","0","0","45","yes","3"
"release-1.5.2","/lang/java/avro/src/main/java/org/apache/avro/io/parsing/Symbol.java/","org.apache.avro.io.parsing.Symbol.FieldAdjustAction","yes","0","0","0","3","0","2","0","2","0","0","0","2","yes","3"
"release-1.5.2","/lang/java/avro/src/main/java/org/apache/avro/io/parsing/Symbol.java/","org.apache.avro.io.parsing.Symbol.Root","yes","1","1","0","3","0","2","0","2","0","0","0","2","yes","3"
"release-1.5.2","/lang/java/avro/src/main/java/org/apache/avro/io/BinaryDecoder.java/","org.apache.avro.io.BinaryDecoder","yes","12","15","0","3","0","3","0","2","0","0","0","133","yes","3"
"release-1.5.2","/lang/java/avro/src/main/java/org/apache/avro/io/BinaryDecoder.java/","org.apache.avro.io.BinaryDecoder.ByteArrayByteSource","yes","0","2","0","3","0","3","0","2","0","0","0","133","yes","3"
"release-1.5.2","/lang/java/avro/src/main/java/org/apache/avro/io/JsonDecoder.java/","org.apache.avro.io.JsonDecoder","yes","0","3","0","3","0","3","0","2","0","0","0","89","yes","3"
"release-1.5.2","/lang/java/avro/src/main/java/org/apache/avro/io/parsing/Symbol.java/","org.apache.avro.io.parsing.Symbol.EnumLabelsAction","yes","0","1","0","3","0","2","0","2","0","0","0","2","yes","3"
"release-1.5.2","/lang/java/avro/src/main/java/org/apache/avro/file/SnappyCodec.java/","org.apache.avro.file.SnappyCodec.Option","yes","0","0","1","1","1","1","1","1","21","30","51","51","no","1"
"release-1.5.2","/lang/java/avro/src/main/java/org/apache/avro/Schema.java/","org.apache.avro.Schema.RecordSchema","yes","6","8","1","7","1","6","1","2","21","0","21","47","yes","3"
"release-1.5.2","/lang/java/avro/src/main/java/org/apache/avro/io/parsing/Symbol.java/","org.apache.avro.io.parsing.Symbol.Terminal","yes","1","1","0","3","0","2","0","2","0","0","0","2","yes","3"
"release-1.5.2","/lang/java/avro/src/main/java/org/apache/avro/Schema.java/","org.apache.avro.Schema.DoubleSchema","yes","0","0","1","7","1","6","1","2","21","0","21","47","yes","3"
"release-1.5.2","/lang/java/avro/src/main/java/org/apache/avro/Schema.java/","org.apache.avro.Schema.Props","yes","0","1","1","7","1","6","1","2","21","0","21","47","yes","3"
"release-1.5.2","/lang/java/ipc/src/main/java/org/apache/avro/ipc/SocketServer.java/","org.apache.avro.ipc.SocketServer.Connection","yes","1","2","1","3","1","3","1","2","1","0","1","3","yes","3"
"release-1.5.2","/lang/java/ipc/src/main/java/org/apache/avro/ipc/specific/SpecificResponder.java/","org.apache.avro.ipc.specific.SpecificResponder","yes","0","1","0","2","0","2","0","2","0","0","0","43","yes","3"
"release-1.5.2","/lang/java/avro/src/main/java/org/apache/avro/io/parsing/Symbol.java/","org.apache.avro.io.parsing.Symbol.Alternative","yes","1","3","0","3","0","2","0","2","0","0","0","2","yes","3"
"release-1.5.2","/lang/java/avro/src/main/java/org/apache/avro/Schema.java/","org.apache.avro.Schema.UnionSchema","yes","5","6","1","7","1","6","1","2","21","0","21","47","yes","3"
"release-1.5.2","/lang/java/avro/src/main/java/org/apache/avro/generic/GenericData.java/","org.apache.avro.generic.GenericData.Record","yes","0","1","0","7","0","6","0","2","0","0","0","159","yes","3"
"release-1.5.2","/lang/java/ipc/src/main/java/org/apache/avro/ipc/SocketServer.java/","org.apache.avro.ipc.SocketServer","yes","6","7","1","3","1","3","1","2","1","0","1","3","yes","3"
"release-1.5.2","/lang/java/avro/src/main/java/org/apache/avro/util/ByteBufferInputStream.java/","org.apache.avro.util.ByteBufferInputStream","yes","0","1","0","1","0","1","0","1","0","0","0","4","yes","3"
"release-1.5.3","/lang/java/avro/src/main/java/org/apache/avro/file/DataFileWriter.java/","org.apache.avro.file.DataFileWriter.BufferedFileOutputStream.PositionFilter","yes","0","1","0","4","0","4","0","2","0","0","0","73","yes","4"
"release-1.5.3","/lang/java/mapred/src/main/java/org/apache/avro/mapred/AvroSerialization.java/","org.apache.avro.mapred.AvroSerialization.AvroWrapperSerializer","yes","0","1","0","4","0","4","0","2","0","0","0","25","yes","4"
"release-1.5.3","/lang/java/avro/src/main/java/org/apache/avro/io/DirectBinaryDecoder.java/","org.apache.avro.io.DirectBinaryDecoder.ReuseByteReader","yes","0","0","0","3","0","3","0","2","0","0","0","9","yes","4"
"release-1.5.3","/lang/java/avro/src/main/java/org/apache/avro/generic/GenericDatumReader.java/","org.apache.avro.generic.GenericDatumReader","yes","1","3","0","7","0","5","0","2","0","0","0","51","yes","4"
"release-1.5.3","/lang/java/ipc/src/main/java/org/apache/avro/ipc/Requestor.java/","org.apache.avro.ipc.Requestor","yes","4","6","0","10","0","10","0","2","0","0","0","530","yes","4"
"release-1.5.3","/lang/java/avro/src/main/java/org/apache/avro/Schema.java/","org.apache.avro.Schema.StringSchema","yes","0","0","1","8","1","7","1","2","77","21","98","145","yes","4"
"release-1.5.3","/lang/java/compiler/src/main/java/org/apache/avro/compiler/specific/SpecificCompiler.java/","org.apache.avro.compiler.specific.SpecificCompiler","yes","5","7","1","2","1","2","1","2","26","6","32","77","yes","4"
"release-1.5.3","/lang/java/avro/src/main/java/org/apache/avro/io/BinaryDecoder.java/","org.apache.avro.io.BinaryDecoder.BufferAccessor","yes","2","4","0","3","0","3","0","2","0","0","0","133","yes","4"
"release-1.5.3","/lang/java/mapred/src/main/java/org/apache/avro/mapred/tether/TetheredProcess.java/","org.apache.avro.mapred.tether.TetheredProcess","yes","1","3","0","2","0","2","0","1","0","0","0","4","yes","4"
"release-1.5.3","/lang/java/avro/src/main/java/org/apache/avro/io/parsing/Symbol.java/","org.apache.avro.io.parsing.Symbol.Kind","yes","0","0","0","3","0","2","0","2","0","0","0","2","yes","4"
"release-1.5.3","/lang/java/avro/src/main/java/org/apache/avro/Schema.java/","org.apache.avro.Schema.Names","yes","0","1","1","8","1","7","1","2","77","21","98","145","yes","4"
"release-1.5.3","/lang/java/avro/src/main/java/org/apache/avro/Protocol.java/","org.apache.avro.Protocol.Message","yes","3","5","0","1","0","1","0","1","0","0","0","0","yes","4"
"release-1.5.3","/lang/java/avro/src/main/java/org/apache/avro/io/parsing/Symbol.java/","org.apache.avro.io.parsing.Symbol.ResolvingAction","yes","0","1","0","3","0","2","0","2","0","0","0","2","yes","4"
"release-1.5.3","/lang/java/avro/src/main/java/org/apache/avro/Schema.java/","org.apache.avro.Schema.NamedSchema","yes","9","11","1","8","1","7","1","2","77","21","98","145","yes","4"
"release-1.5.3","/lang/java/tools/src/main/java/org/apache/avro/tool/DataFileReadTool.java/","org.apache.avro.tool.DataFileReadTool","yes","0","1","0","2","0","2","0","1","0","0","0","8","yes","4"
"release-1.5.3","/lang/java/ipc/src/main/java/org/apache/avro/ipc/Requestor.java/","org.apache.avro.ipc.Requestor.Response","yes","0","1","0","3","0","3","0","1","0","0","0","488","yes","2"
"release-1.5.3","/lang/java/avro/src/main/java/org/apache/avro/io/parsing/Symbol.java/","org.apache.avro.io.parsing.Symbol.FieldOrderAction","yes","2","2","0","3","0","2","0","2","0","0","0","2","yes","4"
"release-1.5.3","/lang/java/avro/src/main/java/org/apache/avro/Schema.java/","org.apache.avro.Schema.FixedSchema","yes","4","5","1","8","1","7","1","2","77","21","98","145","yes","4"
"release-1.5.3","/lang/java/tools/src/main/java/org/apache/avro/tool/RpcReceiveTool.java/","org.apache.avro.tool.RpcReceiveTool","yes","1","3","0","3","0","3","0","1","0","0","0","8","yes","4"
"release-1.5.3","/lang/java/ipc/src/main/java/org/apache/avro/ipc/Requestor.java/","org.apache.avro.ipc.Requestor.TransceiverCallback","yes","2","3","0","3","0","3","0","1","0","0","0","488","yes","2"
"release-1.5.3","/lang/java/tools/src/main/java/org/apache/avro/tool/RpcReceiveTool.java/","org.apache.avro.tool.RpcReceiveTool.SinkResponder","yes","0","1","0","3","0","3","0","1","0","0","0","8","yes","4"
"release-1.5.3","/lang/java/tools/src/main/java/org/apache/avro/tool/Util.java/","org.apache.avro.tool.Util","yes","4","5","0","2","0","2","0","2","0","0","0","11","yes","4"
"release-1.5.3","/lang/java/ipc/src/main/java/org/apache/avro/ipc/NettyTransceiver.java/","org.apache.avro.ipc.NettyTransceiver","yes","6","8","0","5","0","5","0","2","0","0","0","463","yes","4"
"release-1.5.3","/lang/java/avro/src/main/java/org/apache/avro/reflect/ReflectData.java/","org.apache.avro.reflect.ReflectData","yes","4","7","0","7","0","6","0","2","0","0","0","21","yes","4"
"release-1.5.3","/lang/java/avro/src/main/java/org/apache/avro/Protocol.java/","org.apache.avro.Protocol.TwoWayMessage","yes","0","2","0","1","0","1","0","1","0","0","0","0","yes","4"
"release-1.5.3","/lang/java/avro/src/main/java/org/apache/avro/Schema.java/","org.apache.avro.Schema.BooleanSchema","yes","0","0","1","8","1","7","1","2","77","21","98","145","yes","4"
"release-1.5.3","/lang/java/avro/src/main/java/org/apache/avro/Schema.java/","org.apache.avro.Schema.BytesSchema","yes","0","0","1","8","1","7","1","2","77","21","98","145","yes","4"
"release-1.5.3","/lang/java/avro/src/main/java/org/apache/avro/Schema.java/","org.apache.avro.Schema.FloatSchema","yes","0","0","1","8","1","7","1","2","77","21","98","145","yes","4"
"release-1.5.3","/lang/java/avro/src/main/java/org/apache/avro/Schema.java/","org.apache.avro.Schema.LockableArrayList","yes","8","8","1","8","1","7","1","2","77","21","98","145","yes","4"
"release-1.5.3","/lang/java/maven-plugin/src/main/java/org/apache/avro/mojo/ProtocolMojo.java/","org.apache.avro.mojo.ProtocolMojo","yes","2","3","0","4","0","3","0","2","0","0","0","72","yes","4"
"release-1.5.3","/lang/java/ipc/src/main/java/org/apache/avro/ipc/SocketTransceiver.java/","org.apache.avro.ipc.SocketTransceiver","yes","2","3","0","1","0","1","0","1","0","0","0","0","yes","4"
"release-1.5.3","/lang/java/avro/src/main/java/org/apache/avro/Schema.java/","org.apache.avro.Schema.MapSchema","yes","4","5","1","8","1","7","1","2","77","21","98","145","yes","4"
"release-1.5.3","/lang/java/avro/src/main/java/org/apache/avro/io/parsing/Symbol.java/","org.apache.avro.io.parsing.Symbol.Repeater","yes","1","2","0","3","0","2","0","2","0","0","0","2","yes","4"
"release-1.5.3","/lang/java/avro/src/main/java/org/apache/avro/reflect/ReflectDatumWriter.java/","org.apache.avro.reflect.ReflectDatumWriter","yes","6","7","0","5","0","4","0","2","0","0","0","12","yes","4"
"release-1.5.3","/lang/java/avro/src/main/java/org/apache/avro/reflect/ReflectData.java/","org.apache.avro.reflect.ReflectData.AllowNull","yes","1","1","0","7","0","6","0","2","0","0","0","21","yes","4"
"release-1.5.3","/lang/java/avro/src/main/java/org/apache/avro/file/DataFileStream.java/","org.apache.avro.file.DataFileStream.DataBlock","yes","1","3","0","5","0","5","0","2","0","0","0","67","yes","4"
"release-1.5.3","/lang/java/mapred/src/main/java/org/apache/avro/mapred/AvroSerialization.java/","org.apache.avro.mapred.AvroSerialization.AvroWrapperDeserializer","yes","1","2","0","4","0","4","0","2","0","0","0","25","yes","4"
"release-1.5.3","/lang/java/tools/src/main/java/org/apache/avro/tool/SpecificCompilerTool.java/","org.apache.avro.tool.SpecificCompilerTool","yes","8","10","1","3","1","3","1","2","74","6","80","144","yes","4"
"release-1.5.3","/lang/java/avro/src/main/java/org/apache/avro/io/parsing/Symbol.java/","org.apache.avro.io.parsing.Symbol.WriterUnionAction","yes","0","0","0","3","0","2","0","2","0","0","0","2","yes","4"
"release-1.5.3","/lang/java/avro/src/main/java/org/apache/avro/file/DataFileStream.java/","org.apache.avro.file.DataFileStream","yes","3","6","0","5","0","5","0","2","0","0","0","67","yes","4"
"release-1.5.3","/lang/java/avro/src/main/java/org/apache/avro/specific/SpecificData.java/","org.apache.avro.specific.SpecificData","yes","1","4","0","6","0","5","0","2","0","0","0","18","yes","4"
"release-1.5.3","/lang/java/ipc/src/main/java/org/apache/avro/ipc/NettyTransceiver.java/","org.apache.avro.ipc.NettyTransceiver.NettyClientAvroHandler","yes","3","4","0","5","0","5","0","2","0","0","0","463","yes","4"
"release-1.5.3","/lang/java/tools/src/main/java/org/apache/avro/tool/FromTextTool.java/","org.apache.avro.tool.FromTextTool","yes","6","8","0","3","0","2","0","2","0","0","0","118","yes","4"
"release-1.5.3","/lang/java/ipc/src/main/java/org/apache/avro/ipc/SaslSocketTransceiver.java/","org.apache.avro.ipc.SaslSocketTransceiver.Status","yes","0","0","0","4","0","3","0","2","0","0","0","39","yes","4"
"release-1.5.3","/lang/java/avro/src/main/java/org/apache/avro/io/parsing/ResolvingGrammarGenerator.java/","org.apache.avro.io.parsing.ResolvingGrammarGenerator","yes","10","14","0","3","0","3","0","2","0","0","0","23","yes","4"
"release-1.5.3","/lang/java/avro/src/main/java/org/apache/avro/io/parsing/JsonGrammarGenerator.java/","org.apache.avro.io.parsing.JsonGrammarGenerator","yes","0","3","0","1","0","1","0","1","0","0","0","0","yes","4"
"release-1.5.3","/lang/java/maven-plugin/src/main/java/org/apache/avro/mojo/SchemaMojo.java/","org.apache.avro.mojo.SchemaMojo","yes","2","3","0","4","0","3","0","2","0","0","0","72","yes","4"
"release-1.5.3","/lang/java/avro/src/main/java/org/apache/avro/Schema.java/","org.apache.avro.Schema.NullSchema","yes","0","0","1","8","1","7","1","2","77","21","98","145","yes","4"
"release-1.5.3","/lang/java/avro/src/main/java/org/apache/avro/io/BinaryDecoder.java/","org.apache.avro.io.BinaryDecoder.InputStreamByteSource","yes","4","6","0","3","0","3","0","2","0","0","0","133","yes","4"
"release-1.5.3","/lang/java/avro/src/main/java/org/apache/avro/generic/GenericData.java/","org.apache.avro.generic.GenericData.EnumSymbol","yes","0","1","0","7","0","6","0","2","0","0","0","159","yes","4"
"release-1.5.3","/lang/java/avro/src/main/java/org/apache/avro/io/parsing/Symbol.java/","org.apache.avro.io.parsing.Symbol.IntCheckAction","yes","0","0","0","3","0","2","0","2","0","0","0","2","yes","4"
"release-1.5.3","/lang/java/tools/src/main/java/org/apache/avro/tool/Main.java/","org.apache.avro.tool.Main","yes","6","8","0","3","0","3","0","1","0","0","0","6","yes","4"
"release-1.5.3","/lang/java/avro/src/main/java/org/apache/avro/Schema.java/","org.apache.avro.Schema.ArraySchema","yes","4","5","1","8","1","7","1","2","77","21","98","145","yes","4"
"release-1.5.3","/lang/java/avro/src/main/java/org/apache/avro/io/BinaryDecoder.java/","org.apache.avro.io.BinaryDecoder.ByteSource","yes","0","2","0","3","0","3","0","2","0","0","0","133","yes","4"
"release-1.5.3","/lang/java/avro/src/main/java/org/apache/avro/file/SnappyCodec.java/","org.apache.avro.file.SnappyCodec","yes","0","1","0","1","0","1","0","1","0","0","0","51","yes","2"
"release-1.5.3","/lang/java/avro/src/main/java/org/apache/avro/generic/GenericData.java/","org.apache.avro.generic.GenericData","yes","10","14","0","7","0","6","0","2","0","0","0","159","yes","4"
"release-1.5.3","/lang/java/tools/src/main/java/org/apache/avro/tool/SpecificCompilerTool.java/","org.apache.avro.tool.SpecificCompilerTool.FileExtensionFilter","yes","0","0","1","1","1","1","1","1","74","6","80","80","no","1"
"release-1.5.3","/lang/java/avro/src/main/java/org/apache/avro/Schema.java/","org.apache.avro.Schema.Field","yes","3","5","1","8","1","7","1","2","77","21","98","145","yes","4"
"release-1.5.3","/lang/java/ipc/src/main/java/org/apache/avro/ipc/HttpTransceiver.java/","org.apache.avro.ipc.HttpTransceiver","yes","0","1","0","1","0","1","0","1","0","0","0","0","yes","4"
"release-1.5.3","/lang/java/avro/src/main/java/org/apache/avro/file/DataFileReader.java/","org.apache.avro.file.DataFileReader.SeekableInputStream","yes","0","1","0","4","0","4","0","2","0","0","0","50","yes","4"
"release-1.5.3","/lang/java/maven-plugin/src/main/java/org/apache/avro/mojo/AbstractAvroMojo.java/","org.apache.avro.mojo.AbstractAvroMojo","yes","1","2","0","1","0","1","0","1","0","0","0","143","yes","4"
"release-1.5.3","/lang/java/avro/src/main/java/org/apache/avro/generic/GenericData.java/","org.apache.avro.generic.GenericData.Fixed","yes","4","6","0","7","0","6","0","2","0","0","0","159","yes","4"
"release-1.5.3","/lang/java/avro/src/main/java/org/apache/avro/Schema.java/","org.apache.avro.Schema.Name","yes","4","6","1","8","1","7","1","2","77","21","98","145","yes","4"
"release-1.5.3","/lang/java/avro/src/main/java/org/apache/avro/io/parsing/Symbol.java/","org.apache.avro.io.parsing.Symbol.SkipAction","yes","0","1","0","3","0","2","0","2","0","0","0","2","yes","4"
"release-1.5.3","/lang/java/tools/src/main/java/org/apache/avro/tool/JsonToBinaryFragmentTool.java/","org.apache.avro.tool.JsonToBinaryFragmentTool","yes","2","4","0","3","0","3","0","2","0","0","0","13","yes","4"
"release-1.5.3","/lang/java/avro/src/main/java/org/apache/avro/Schema.java/","org.apache.avro.Schema.Field.Order","yes","0","0","1","8","1","7","1","2","77","21","98","145","yes","4"
"release-1.5.3","/lang/java/avro/src/main/java/org/apache/avro/io/DirectBinaryDecoder.java/","org.apache.avro.io.DirectBinaryDecoder","yes","3","5","0","3","0","3","0","2","0","0","0","9","yes","4"
"release-1.5.3","/lang/java/ipc/src/main/java/org/apache/avro/ipc/Requestor.java/","org.apache.avro.ipc.Requestor.Request","yes","0","2","0","3","0","3","0","1","0","0","0","488","yes","2"
"release-1.5.3","/lang/java/ipc/src/main/java/org/apache/avro/ipc/SaslSocketTransceiver.java/","org.apache.avro.ipc.SaslSocketTransceiver.SaslParticipant","yes","0","1","0","4","0","3","0","2","0","0","0","39","yes","4"
"release-1.5.3","/lang/java/ipc/src/main/java/org/apache/avro/ipc/specific/SpecificRequestor.java/","org.apache.avro.ipc.specific.SpecificRequestor","yes","0","1","0","4","0","4","0","2","0","0","0","83","yes","4"
"release-1.5.3","/lang/java/mapred/src/main/java/org/apache/avro/mapred/AvroTextOutputFormat.java/","org.apache.avro.mapred.AvroTextOutputFormat.AvroTextRecordWriter","yes","3","4","0","1","0","1","0","1","0","0","0","134","yes","2"
"release-1.5.3","/lang/java/tools/src/main/java/org/apache/avro/tool/DataFileWriteTool.java/","org.apache.avro.tool.DataFileWriteTool","yes","2","4","0","2","0","2","0","2","0","0","0","4","yes","4"
"release-1.5.3","/lang/java/avro/src/main/java/org/apache/avro/AvroRemoteException.java/","org.apache.avro.AvroRemoteException","yes","0","0","0","1","0","1","0","1","0","0","0","2","yes","4"
"release-1.5.3","/lang/java/tools/src/main/java/org/apache/avro/tool/BinaryFragmentToJsonTool.java/","org.apache.avro.tool.BinaryFragmentToJsonTool","yes","2","4","0","3","0","3","0","2","0","0","0","6","yes","4"
"release-1.5.3","/lang/java/avro/src/main/java/org/apache/avro/file/DataFileWriter.java/","org.apache.avro.file.DataFileWriter.NonCopyingByteArrayOutputStream","yes","0","1","0","4","0","4","0","2","0","0","0","73","yes","4"
"release-1.5.3","/lang/java/compiler/src/main/java/org/apache/avro/compiler/specific/SpecificCompiler.java/","org.apache.avro.compiler.specific.SpecificCompiler.OutputFile","yes","1","2","1","2","1","2","1","2","26","6","32","77","yes","4"
"release-1.5.3","/lang/java/avro/src/main/java/org/apache/avro/Schema.java/","org.apache.avro.Schema.Type","yes","0","0","1","8","1","7","1","2","77","21","98","145","yes","4"
"release-1.5.3","/lang/java/avro/src/main/java/org/apache/avro/io/parsing/Symbol.java/","org.apache.avro.io.parsing.Symbol.UnionAdjustAction","yes","0","1","0","3","0","2","0","2","0","0","0","2","yes","4"
"release-1.5.3","/lang/java/avro/src/main/java/org/apache/avro/Schema.java/","org.apache.avro.Schema.SeenPair","yes","2","4","1","8","1","7","1","2","77","21","98","145","yes","4"
"release-1.5.3","/lang/java/avro/src/main/java/org/apache/avro/Schema.java/","org.apache.avro.Schema","yes","84","87","1","8","1","7","1","2","77","21","98","145","yes","4"
"release-1.5.3","/lang/java/avro/src/main/java/org/apache/avro/io/parsing/Symbol.java/","org.apache.avro.io.parsing.Symbol.DefaultStartAction","yes","1","1","0","3","0","2","0","2","0","0","0","2","yes","4"
"release-1.5.3","/lang/java/ipc/src/main/java/org/apache/avro/ipc/SaslSocketTransceiver.java/","org.apache.avro.ipc.SaslSocketTransceiver.AnonymousClient","yes","9","10","0","4","0","3","0","2","0","0","0","39","yes","4"
"release-1.5.3","/lang/java/avro/src/main/java/org/apache/avro/Schema.java/","org.apache.avro.Schema.Parser","yes","1","2","1","1","1","1","1","1","77","21","98","98","no","1"
"release-1.5.3","/lang/java/avro/src/main/java/org/apache/avro/file/DataFileStream.java/","org.apache.avro.file.DataFileStream.Header","yes","0","0","0","5","0","5","0","2","0","0","0","67","yes","4"
"release-1.5.3","/lang/java/avro/src/main/java/org/apache/avro/reflect/ReflectDatumReader.java/","org.apache.avro.reflect.ReflectDatumReader","yes","0","1","0","1","0","1","0","1","0","0","0","0","yes","4"
"release-1.5.3","/lang/java/tools/src/main/java/org/apache/avro/tool/RecodecTool.java/","org.apache.avro.tool.RecodecTool","yes","4","6","0","1","0","1","0","1","0","0","0","0","yes","4"
"release-1.5.3","/lang/java/avro/src/main/java/org/apache/avro/specific/SpecificRecordBase.java/","org.apache.avro.specific.SpecificRecordBase","yes","0","1","0","1","0","1","0","1","0","0","0","0","yes","4"
"release-1.5.3","/lang/java/avro/src/main/java/org/apache/avro/io/parsing/Symbol.java/","org.apache.avro.io.parsing.Symbol.Fixup","yes","1","1","0","3","0","2","0","2","0","0","0","2","yes","4"
"release-1.5.3","/lang/java/avro/src/main/java/org/apache/avro/file/DataFileReader12.java/","org.apache.avro.file.DataFileReader12","yes","3","5","0","2","0","2","0","2","0","0","0","8","yes","4"
"release-1.5.3","/lang/java/avro/src/main/java/org/apache/avro/Protocol.java/","org.apache.avro.Protocol","yes","8","11","0","1","0","1","0","1","0","0","0","0","yes","4"
"release-1.5.3","/lang/java/avro/src/main/java/org/apache/avro/util/ByteBufferOutputStream.java/","org.apache.avro.util.ByteBufferOutputStream","yes","2","3","0","1","0","1","0","1","0","0","0","4","yes","4"
"release-1.5.3","/lang/java/tools/src/main/java/org/apache/avro/tool/TetherTool.java/","org.apache.avro.tool.TetherTool","yes","0","1","0","2","0","2","0","1","0","0","0","95","yes","4"
"release-1.5.3","/lang/java/tools/src/main/java/org/apache/avro/tool/RpcSendTool.java/","org.apache.avro.tool.RpcSendTool","yes","1","3","0","3","0","3","0","1","0","0","0","6","yes","4"
"release-1.5.3","/lang/java/avro/src/main/java/org/apache/avro/Schema.java/","org.apache.avro.Schema.LongSchema","yes","0","0","1","8","1","7","1","2","77","21","98","145","yes","4"
"release-1.5.3","/lang/java/avro/src/main/java/org/apache/avro/generic/GenericDatumWriter.java/","org.apache.avro.generic.GenericDatumWriter","yes","0","2","0","3","0","2","0","2","0","0","0","8","yes","4"
"release-1.5.3","/lang/java/avro/src/main/java/org/apache/avro/Schema.java/","org.apache.avro.Schema.EnumSchema","yes","7","8","1","8","1","7","1","2","77","21","98","145","yes","4"
"release-1.5.3","/lang/java/avro/src/main/java/org/apache/avro/io/parsing/ResolvingGrammarGenerator.java/","org.apache.avro.io.parsing.ResolvingGrammarGenerator.LitS2","yes","2","3","0","3","0","3","0","2","0","0","0","23","yes","4"
"release-1.5.3","/lang/java/mapred/src/main/java/org/apache/avro/mapred/AvroTextOutputFormat.java/","org.apache.avro.mapred.AvroTextOutputFormat","yes","3","4","0","1","0","1","0","1","0","0","0","134","yes","2"
"release-1.5.3","/lang/java/avro/src/main/java/org/apache/avro/util/WeakIdentityHashMap.java/","org.apache.avro.util.WeakIdentityHashMap.IdentityWeakReference","yes","2","2","0","1","0","1","0","1","0","0","0","0","yes","4"
"release-1.5.3","/lang/java/ipc/src/main/java/org/apache/avro/ipc/DatagramTransceiver.java/","org.apache.avro.ipc.DatagramTransceiver","yes","2","3","0","1","0","1","0","1","0","0","0","0","yes","4"
"release-1.5.3","/lang/java/avro/src/main/java/org/apache/avro/io/parsing/Symbol.java/","org.apache.avro.io.parsing.Symbol.ErrorAction","yes","0","0","0","3","0","2","0","2","0","0","0","2","yes","4"
"release-1.5.3","/lang/java/ipc/src/main/java/org/apache/avro/ipc/SaslSocketTransceiver.java/","org.apache.avro.ipc.SaslSocketTransceiver","yes","19","22","0","4","0","3","0","2","0","0","0","39","yes","4"
"release-1.5.3","/lang/java/avro/src/main/java/org/apache/avro/file/DataFileWriter.java/","org.apache.avro.file.DataFileWriter.AppendWriteException","yes","0","0","0","1","0","1","0","1","0","0","0","38","yes","2"
"release-1.5.3","/lang/java/avro/src/main/java/org/apache/avro/Schema.java/","org.apache.avro.Schema.IntSchema","yes","0","0","1","8","1","7","1","2","77","21","98","145","yes","4"
"release-1.5.3","/lang/java/avro/src/main/java/org/apache/avro/util/WeakIdentityHashMap.java/","org.apache.avro.util.WeakIdentityHashMap","yes","18","19","0","1","0","1","0","1","0","0","0","0","yes","4"
"release-1.5.3","/lang/java/mapred/src/main/java/org/apache/avro/mapred/tether/TetherJob.java/","org.apache.avro.mapred.tether.TetherJob","yes","0","1","0","2","0","2","0","1","0","0","0","73","yes","4"
"release-1.5.3","/lang/java/avro/src/main/java/org/apache/avro/file/DataFileReader.java/","org.apache.avro.file.DataFileReader","yes","1","3","0","4","0","4","0","2","0","0","0","50","yes","4"
"release-1.5.3","/lang/java/avro/src/main/java/org/apache/avro/io/parsing/Symbol.java/","org.apache.avro.io.parsing.Symbol.ImplicitAction","yes","0","0","0","3","0","2","0","2","0","0","0","2","yes","4"
"release-1.5.3","/lang/java/avro/src/main/java/org/apache/avro/file/DataFileWriter.java/","org.apache.avro.file.DataFileWriter.BufferedFileOutputStream","yes","0","0","0","4","0","4","0","2","0","0","0","73","yes","4"
"release-1.5.3","/lang/java/avro/src/main/java/org/apache/avro/util/Utf8.java/","org.apache.avro.util.Utf8","yes","2","4","0","2","0","2","0","1","0","0","0","16","yes","4"
"release-1.5.3","/lang/java/avro/src/main/java/org/apache/avro/io/DirectBinaryDecoder.java/","org.apache.avro.io.DirectBinaryDecoder.ByteReader","yes","0","2","0","3","0","3","0","2","0","0","0","9","yes","4"
"release-1.5.3","/lang/java/avro/src/main/java/org/apache/avro/io/parsing/Symbol.java/","org.apache.avro.io.parsing.Symbol","yes","22","24","0","3","0","2","0","2","0","0","0","2","yes","4"
"release-1.5.3","/lang/java/mapred/src/main/java/org/apache/avro/mapred/AvroSerialization.java/","org.apache.avro.mapred.AvroSerialization","yes","1","2","0","4","0","4","0","2","0","0","0","25","yes","4"
"release-1.5.3","/lang/java/avro/src/main/java/org/apache/avro/io/parsing/Symbol.java/","org.apache.avro.io.parsing.Symbol.EnumAdjustAction","yes","2","2","0","3","0","2","0","2","0","0","0","2","yes","4"
"release-1.5.3","/lang/java/ipc/src/main/java/org/apache/avro/ipc/generic/GenericRequestor.java/","org.apache.avro.ipc.generic.GenericRequestor","yes","0","1","0","3","0","3","0","2","0","0","0","30","yes","4"
"release-1.5.3","/lang/java/avro/src/main/java/org/apache/avro/file/DataFileWriter.java/","org.apache.avro.file.DataFileWriter","yes","0","2","0","4","0","4","0","2","0","0","0","73","yes","4"
"release-1.5.3","/lang/java/avro/src/main/java/org/apache/avro/io/parsing/Symbol.java/","org.apache.avro.io.parsing.Symbol.Sequence","yes","5","7","0","3","0","2","0","2","0","0","0","2","yes","4"
"release-1.5.3","/lang/java/avro/src/main/java/org/apache/avro/generic/GenericData.java/","org.apache.avro.generic.GenericData.Array","yes","5","7","0","7","0","6","0","2","0","0","0","159","yes","4"
"release-1.5.3","/lang/java/compiler/src/main/java/org/apache/avro/compiler/specific/SpecificCompiler.java/","org.apache.avro.compiler.specific.SpecificCompiler.Slf4jLogChute","yes","3","5","1","2","1","2","1","2","26","6","32","77","yes","4"
"release-1.5.3","/lang/java/avro/src/main/java/org/apache/avro/io/parsing/Symbol.java/","org.apache.avro.io.parsing.Symbol.FieldAdjustAction","yes","0","0","0","3","0","2","0","2","0","0","0","2","yes","4"
"release-1.5.3","/lang/java/avro/src/main/java/org/apache/avro/io/parsing/Symbol.java/","org.apache.avro.io.parsing.Symbol.Root","yes","1","1","0","3","0","2","0","2","0","0","0","2","yes","4"
"release-1.5.3","/lang/java/avro/src/main/java/org/apache/avro/io/BinaryDecoder.java/","org.apache.avro.io.BinaryDecoder","yes","12","15","0","3","0","3","0","2","0","0","0","133","yes","4"
"release-1.5.3","/lang/java/avro/src/main/java/org/apache/avro/io/BinaryDecoder.java/","org.apache.avro.io.BinaryDecoder.ByteArrayByteSource","yes","0","2","0","3","0","3","0","2","0","0","0","133","yes","4"
"release-1.5.3","/lang/java/avro/src/main/java/org/apache/avro/io/JsonDecoder.java/","org.apache.avro.io.JsonDecoder","yes","0","3","0","3","0","3","0","2","0","0","0","89","yes","4"
"release-1.5.3","/lang/java/avro/src/main/java/org/apache/avro/io/parsing/Symbol.java/","org.apache.avro.io.parsing.Symbol.EnumLabelsAction","yes","0","1","0","3","0","2","0","2","0","0","0","2","yes","4"
"release-1.5.3","/lang/java/avro/src/main/java/org/apache/avro/file/SnappyCodec.java/","org.apache.avro.file.SnappyCodec.Option","yes","0","0","0","1","0","1","0","1","0","0","0","51","yes","2"
"release-1.5.3","/lang/java/avro/src/main/java/org/apache/avro/Schema.java/","org.apache.avro.Schema.RecordSchema","yes","6","8","1","8","1","7","1","2","77","21","98","145","yes","4"
"release-1.5.3","/lang/java/avro/src/main/java/org/apache/avro/io/parsing/Symbol.java/","org.apache.avro.io.parsing.Symbol.Terminal","yes","1","1","0","3","0","2","0","2","0","0","0","2","yes","4"
"release-1.5.3","/lang/java/avro/src/main/java/org/apache/avro/Schema.java/","org.apache.avro.Schema.DoubleSchema","yes","0","0","1","8","1","7","1","2","77","21","98","145","yes","4"
"release-1.5.3","/lang/java/avro/src/main/java/org/apache/avro/Schema.java/","org.apache.avro.Schema.Props","yes","0","1","1","8","1","7","1","2","77","21","98","145","yes","4"
"release-1.5.3","/lang/java/ipc/src/main/java/org/apache/avro/ipc/SocketServer.java/","org.apache.avro.ipc.SocketServer.Connection","yes","1","2","0","3","0","3","0","2","0","0","0","3","yes","4"
"release-1.5.3","/lang/java/ipc/src/main/java/org/apache/avro/ipc/specific/SpecificResponder.java/","org.apache.avro.ipc.specific.SpecificResponder","yes","0","1","0","2","0","2","0","2","0","0","0","43","yes","4"
"release-1.5.3","/lang/java/avro/src/main/java/org/apache/avro/io/parsing/Symbol.java/","org.apache.avro.io.parsing.Symbol.Alternative","yes","1","3","0","3","0","2","0","2","0","0","0","2","yes","4"
"release-1.5.3","/lang/java/avro/src/main/java/org/apache/avro/Schema.java/","org.apache.avro.Schema.UnionSchema","yes","5","6","1","8","1","7","1","2","77","21","98","145","yes","4"
"release-1.5.3","/lang/java/avro/src/main/java/org/apache/avro/generic/GenericData.java/","org.apache.avro.generic.GenericData.Record","yes","0","1","0","7","0","6","0","2","0","0","0","159","yes","4"
"release-1.5.3","/lang/java/ipc/src/main/java/org/apache/avro/ipc/SocketServer.java/","org.apache.avro.ipc.SocketServer","yes","6","7","0","3","0","3","0","2","0","0","0","3","yes","4"
"release-1.5.3","/lang/java/avro/src/main/java/org/apache/avro/util/ByteBufferInputStream.java/","org.apache.avro.util.ByteBufferInputStream","yes","0","1","0","1","0","1","0","1","0","0","0","4","yes","4"
"release-1.5.4","/lang/java/avro/src/main/java/org/apache/avro/file/DataFileWriter.java/","org.apache.avro.file.DataFileWriter.BufferedFileOutputStream.PositionFilter","yes","0","1","0","4","0","4","0","2","0","0","0","73","yes","5"
"release-1.5.4","/lang/java/mapred/src/main/java/org/apache/avro/mapred/AvroSerialization.java/","org.apache.avro.mapred.AvroSerialization.AvroWrapperSerializer","yes","0","1","0","4","0","4","0","2","0","0","0","25","yes","5"
"release-1.5.4","/lang/java/avro/src/main/java/org/apache/avro/io/DirectBinaryDecoder.java/","org.apache.avro.io.DirectBinaryDecoder.ReuseByteReader","yes","0","0","0","3","0","3","0","2","0","0","0","9","yes","5"
"release-1.5.4","/lang/java/avro/src/main/java/org/apache/avro/generic/GenericDatumReader.java/","org.apache.avro.generic.GenericDatumReader","yes","1","3","0","7","0","5","0","2","0","0","0","51","yes","5"
"release-1.5.4","/lang/java/ipc/src/main/java/org/apache/avro/ipc/Requestor.java/","org.apache.avro.ipc.Requestor","yes","4","7","1","11","1","11","1","2","10","0","10","540","yes","5"
"release-1.5.4","/lang/java/avro/src/main/java/org/apache/avro/Schema.java/","org.apache.avro.Schema.StringSchema","yes","0","0","0","8","0","7","0","2","0","0","0","145","yes","5"
"release-1.5.4","/lang/java/compiler/src/main/java/org/apache/avro/compiler/specific/SpecificCompiler.java/","org.apache.avro.compiler.specific.SpecificCompiler","yes","5","7","0","2","0","2","0","2","0","0","0","77","yes","5"
"release-1.5.4","/lang/java/avro/src/main/java/org/apache/avro/io/BinaryDecoder.java/","org.apache.avro.io.BinaryDecoder.BufferAccessor","yes","2","4","0","3","0","3","0","2","0","0","0","133","yes","5"
"release-1.5.4","/lang/java/mapred/src/main/java/org/apache/avro/mapred/tether/TetheredProcess.java/","org.apache.avro.mapred.tether.TetheredProcess","yes","1","3","0","2","0","2","0","1","0","0","0","4","yes","5"
"release-1.5.4","/lang/java/avro/src/main/java/org/apache/avro/io/parsing/Symbol.java/","org.apache.avro.io.parsing.Symbol.Kind","yes","0","0","0","3","0","2","0","2","0","0","0","2","yes","5"
"release-1.5.4","/lang/java/avro/src/main/java/org/apache/avro/Schema.java/","org.apache.avro.Schema.Names","yes","0","1","0","8","0","7","0","2","0","0","0","145","yes","5"
"release-1.5.4","/lang/java/avro/src/main/java/org/apache/avro/Protocol.java/","org.apache.avro.Protocol.Message","yes","3","5","0","1","0","1","0","1","0","0","0","0","yes","5"
"release-1.5.4","/lang/java/avro/src/main/java/org/apache/avro/io/parsing/Symbol.java/","org.apache.avro.io.parsing.Symbol.ResolvingAction","yes","0","1","0","3","0","2","0","2","0","0","0","2","yes","5"
"release-1.5.4","/lang/java/avro/src/main/java/org/apache/avro/Schema.java/","org.apache.avro.Schema.NamedSchema","yes","9","11","0","8","0","7","0","2","0","0","0","145","yes","5"
"release-1.5.4","/lang/java/tools/src/main/java/org/apache/avro/tool/DataFileReadTool.java/","org.apache.avro.tool.DataFileReadTool","yes","0","1","0","2","0","2","0","1","0","0","0","8","yes","5"
"release-1.5.4","/lang/java/ipc/src/main/java/org/apache/avro/ipc/Requestor.java/","org.apache.avro.ipc.Requestor.Response","yes","0","1","1","4","1","4","1","1","10","0","10","498","yes","3"
"release-1.5.4","/lang/java/avro/src/main/java/org/apache/avro/io/parsing/Symbol.java/","org.apache.avro.io.parsing.Symbol.FieldOrderAction","yes","2","2","0","3","0","2","0","2","0","0","0","2","yes","5"
"release-1.5.4","/lang/java/avro/src/main/java/org/apache/avro/Schema.java/","org.apache.avro.Schema.FixedSchema","yes","4","5","0","8","0","7","0","2","0","0","0","145","yes","5"
"release-1.5.4","/lang/java/tools/src/main/java/org/apache/avro/tool/RpcReceiveTool.java/","org.apache.avro.tool.RpcReceiveTool","yes","1","3","0","3","0","3","0","1","0","0","0","8","yes","5"
"release-1.5.4","/lang/java/ipc/src/main/java/org/apache/avro/ipc/Requestor.java/","org.apache.avro.ipc.Requestor.TransceiverCallback","yes","2","3","1","4","1","4","1","1","10","0","10","498","yes","3"
"release-1.5.4","/lang/java/tools/src/main/java/org/apache/avro/tool/RpcReceiveTool.java/","org.apache.avro.tool.RpcReceiveTool.SinkResponder","yes","0","1","0","3","0","3","0","1","0","0","0","8","yes","5"
"release-1.5.4","/lang/java/mapred/src/main/java/org/apache/avro/mapred/Pair.java/","org.apache.avro.mapred.Pair","yes","0","2","0","2","0","2","0","2","0","0","0","70","no","5"
"release-1.5.4","/lang/java/tools/src/main/java/org/apache/avro/tool/Util.java/","org.apache.avro.tool.Util","yes","4","5","0","2","0","2","0","2","0","0","0","11","yes","5"
"release-1.5.4","/lang/java/ipc/src/main/java/org/apache/avro/ipc/NettyTransceiver.java/","org.apache.avro.ipc.NettyTransceiver","yes","6","8","0","5","0","5","0","2","0","0","0","463","yes","5"
"release-1.5.4","/lang/java/ipc/src/main/java/org/apache/avro/ipc/NettyServer.java/","org.apache.avro.ipc.NettyServer.NettyServerAvroHandler","yes","2","3","0","3","0","3","0","2","0","0","0","29","no","5"
"release-1.5.4","/lang/java/ipc/src/main/java/org/apache/avro/ipc/NettyServer.java/","org.apache.avro.ipc.NettyServer","yes","2","3","0","3","0","3","0","2","0","0","0","29","no","5"
"release-1.5.4","/lang/java/avro/src/main/java/org/apache/avro/reflect/ReflectData.java/","org.apache.avro.reflect.ReflectData","yes","4","7","0","7","0","6","0","2","0","0","0","21","yes","5"
"release-1.5.4","/lang/java/avro/src/main/java/org/apache/avro/Protocol.java/","org.apache.avro.Protocol.TwoWayMessage","yes","0","2","0","1","0","1","0","1","0","0","0","0","yes","5"
"release-1.5.4","/lang/java/avro/src/main/java/org/apache/avro/Schema.java/","org.apache.avro.Schema.BooleanSchema","yes","0","0","0","8","0","7","0","2","0","0","0","145","yes","5"
"release-1.5.4","/lang/java/avro/src/main/java/org/apache/avro/Schema.java/","org.apache.avro.Schema.BytesSchema","yes","0","0","0","8","0","7","0","2","0","0","0","145","yes","5"
"release-1.5.4","/lang/java/avro/src/main/java/org/apache/avro/Schema.java/","org.apache.avro.Schema.FloatSchema","yes","0","0","0","8","0","7","0","2","0","0","0","145","yes","5"
"release-1.5.4","/lang/java/avro/src/main/java/org/apache/avro/Schema.java/","org.apache.avro.Schema.LockableArrayList","yes","8","8","0","8","0","7","0","2","0","0","0","145","yes","5"
"release-1.5.4","/lang/java/maven-plugin/src/main/java/org/apache/avro/mojo/ProtocolMojo.java/","org.apache.avro.mojo.ProtocolMojo","yes","2","3","0","4","0","3","0","2","0","0","0","72","yes","5"
"release-1.5.4","/lang/java/ipc/src/main/java/org/apache/avro/ipc/SocketTransceiver.java/","org.apache.avro.ipc.SocketTransceiver","yes","2","3","0","1","0","1","0","1","0","0","0","0","yes","5"
"release-1.5.4","/lang/java/avro/src/main/java/org/apache/avro/Schema.java/","org.apache.avro.Schema.MapSchema","yes","4","5","0","8","0","7","0","2","0","0","0","145","yes","5"
"release-1.5.4","/lang/java/avro/src/main/java/org/apache/avro/io/parsing/Symbol.java/","org.apache.avro.io.parsing.Symbol.Repeater","yes","1","2","0","3","0","2","0","2","0","0","0","2","yes","5"
"release-1.5.4","/lang/java/avro/src/main/java/org/apache/avro/reflect/ReflectDatumWriter.java/","org.apache.avro.reflect.ReflectDatumWriter","yes","6","7","0","5","0","4","0","2","0","0","0","12","yes","5"
"release-1.5.4","/lang/java/avro/src/main/java/org/apache/avro/reflect/ReflectData.java/","org.apache.avro.reflect.ReflectData.AllowNull","yes","1","1","0","7","0","6","0","2","0","0","0","21","yes","5"
"release-1.5.4","/lang/java/avro/src/main/java/org/apache/avro/file/DataFileStream.java/","org.apache.avro.file.DataFileStream.DataBlock","yes","1","3","0","5","0","5","0","2","0","0","0","67","yes","5"
"release-1.5.4","/lang/java/mapred/src/main/java/org/apache/avro/mapred/AvroSerialization.java/","org.apache.avro.mapred.AvroSerialization.AvroWrapperDeserializer","yes","1","2","0","4","0","4","0","2","0","0","0","25","yes","5"
"release-1.5.4","/lang/java/tools/src/main/java/org/apache/avro/tool/SpecificCompilerTool.java/","org.apache.avro.tool.SpecificCompilerTool","yes","8","10","0","3","0","3","0","2","0","0","0","144","yes","5"
"release-1.5.4","/lang/java/avro/src/main/java/org/apache/avro/io/parsing/Symbol.java/","org.apache.avro.io.parsing.Symbol.WriterUnionAction","yes","0","0","0","3","0","2","0","2","0","0","0","2","yes","5"
"release-1.5.4","/lang/java/avro/src/main/java/org/apache/avro/file/DataFileStream.java/","org.apache.avro.file.DataFileStream","yes","3","6","0","5","0","5","0","2","0","0","0","67","yes","5"
"release-1.5.4","/lang/java/avro/src/main/java/org/apache/avro/specific/SpecificData.java/","org.apache.avro.specific.SpecificData","yes","1","4","0","6","0","5","0","2","0","0","0","18","yes","5"
"release-1.5.4","/lang/java/ipc/src/main/java/org/apache/avro/ipc/NettyTransceiver.java/","org.apache.avro.ipc.NettyTransceiver.NettyClientAvroHandler","yes","3","4","0","5","0","5","0","2","0","0","0","463","yes","5"
"release-1.5.4","/lang/java/tools/src/main/java/org/apache/avro/tool/FromTextTool.java/","org.apache.avro.tool.FromTextTool","yes","6","8","0","3","0","2","0","2","0","0","0","118","yes","5"
"release-1.5.4","/lang/java/ipc/src/main/java/org/apache/avro/ipc/SaslSocketTransceiver.java/","org.apache.avro.ipc.SaslSocketTransceiver.Status","yes","0","0","0","4","0","3","0","2","0","0","0","39","yes","5"
"release-1.5.4","/lang/java/avro/src/main/java/org/apache/avro/io/parsing/ResolvingGrammarGenerator.java/","org.apache.avro.io.parsing.ResolvingGrammarGenerator","yes","10","14","0","3","0","3","0","2","0","0","0","23","yes","5"
"release-1.5.4","/lang/java/avro/src/main/java/org/apache/avro/io/parsing/JsonGrammarGenerator.java/","org.apache.avro.io.parsing.JsonGrammarGenerator","yes","0","3","0","1","0","1","0","1","0","0","0","0","yes","5"
"release-1.5.4","/lang/java/maven-plugin/src/main/java/org/apache/avro/mojo/SchemaMojo.java/","org.apache.avro.mojo.SchemaMojo","yes","2","3","0","4","0","3","0","2","0","0","0","72","yes","5"
"release-1.5.4","/lang/java/avro/src/main/java/org/apache/avro/Schema.java/","org.apache.avro.Schema.NullSchema","yes","0","0","0","8","0","7","0","2","0","0","0","145","yes","5"
"release-1.5.4","/lang/java/avro/src/main/java/org/apache/avro/io/BinaryDecoder.java/","org.apache.avro.io.BinaryDecoder.InputStreamByteSource","yes","4","6","0","3","0","3","0","2","0","0","0","133","yes","5"
"release-1.5.4","/lang/java/avro/src/main/java/org/apache/avro/generic/GenericData.java/","org.apache.avro.generic.GenericData.EnumSymbol","yes","0","1","0","7","0","6","0","2","0","0","0","159","yes","5"
"release-1.5.4","/lang/java/avro/src/main/java/org/apache/avro/io/parsing/Symbol.java/","org.apache.avro.io.parsing.Symbol.IntCheckAction","yes","0","0","0","3","0","2","0","2","0","0","0","2","yes","5"
"release-1.5.4","/lang/java/tools/src/main/java/org/apache/avro/tool/Main.java/","org.apache.avro.tool.Main","yes","6","8","0","3","0","3","0","1","0","0","0","6","yes","5"
"release-1.5.4","/lang/java/avro/src/main/java/org/apache/avro/Schema.java/","org.apache.avro.Schema.ArraySchema","yes","4","5","0","8","0","7","0","2","0","0","0","145","yes","5"
"release-1.5.4","/lang/java/avro/src/main/java/org/apache/avro/io/BinaryDecoder.java/","org.apache.avro.io.BinaryDecoder.ByteSource","yes","0","2","0","3","0","3","0","2","0","0","0","133","yes","5"
"release-1.5.4","/lang/java/avro/src/main/java/org/apache/avro/file/SnappyCodec.java/","org.apache.avro.file.SnappyCodec","yes","0","1","0","1","0","1","0","1","0","0","0","51","yes","3"
"release-1.5.4","/lang/java/avro/src/main/java/org/apache/avro/generic/GenericData.java/","org.apache.avro.generic.GenericData","yes","10","14","0","7","0","6","0","2","0","0","0","159","yes","5"
"release-1.5.4","/lang/java/tools/src/main/java/org/apache/avro/tool/SpecificCompilerTool.java/","org.apache.avro.tool.SpecificCompilerTool.FileExtensionFilter","yes","0","0","0","1","0","1","0","1","0","0","0","80","yes","2"
"release-1.5.4","/lang/java/avro/src/main/java/org/apache/avro/Schema.java/","org.apache.avro.Schema.Field","yes","3","5","0","8","0","7","0","2","0","0","0","145","yes","5"
"release-1.5.4","/lang/java/ipc/src/main/java/org/apache/avro/ipc/HttpTransceiver.java/","org.apache.avro.ipc.HttpTransceiver","yes","0","1","0","1","0","1","0","1","0","0","0","0","yes","5"
"release-1.5.4","/lang/java/avro/src/main/java/org/apache/avro/file/DataFileReader.java/","org.apache.avro.file.DataFileReader.SeekableInputStream","yes","0","1","0","4","0","4","0","2","0","0","0","50","yes","5"
"release-1.5.4","/lang/java/maven-plugin/src/main/java/org/apache/avro/mojo/AbstractAvroMojo.java/","org.apache.avro.mojo.AbstractAvroMojo","yes","1","2","0","1","0","1","0","1","0","0","0","143","yes","5"
"release-1.5.4","/lang/java/avro/src/main/java/org/apache/avro/generic/GenericData.java/","org.apache.avro.generic.GenericData.Fixed","yes","4","6","0","7","0","6","0","2","0","0","0","159","yes","5"
"release-1.5.4","/lang/java/avro/src/main/java/org/apache/avro/Schema.java/","org.apache.avro.Schema.Name","yes","4","6","0","8","0","7","0","2","0","0","0","145","yes","5"
"release-1.5.4","/lang/java/avro/src/main/java/org/apache/avro/io/parsing/Symbol.java/","org.apache.avro.io.parsing.Symbol.SkipAction","yes","0","1","0","3","0","2","0","2","0","0","0","2","yes","5"
"release-1.5.4","/lang/java/tools/src/main/java/org/apache/avro/tool/JsonToBinaryFragmentTool.java/","org.apache.avro.tool.JsonToBinaryFragmentTool","yes","2","4","0","3","0","3","0","2","0","0","0","13","yes","5"
"release-1.5.4","/lang/java/avro/src/main/java/org/apache/avro/Schema.java/","org.apache.avro.Schema.Field.Order","yes","0","0","0","8","0","7","0","2","0","0","0","145","yes","5"
"release-1.5.4","/lang/java/avro/src/main/java/org/apache/avro/io/DirectBinaryDecoder.java/","org.apache.avro.io.DirectBinaryDecoder","yes","3","5","0","3","0","3","0","2","0","0","0","9","yes","5"
"release-1.5.4","/lang/java/ipc/src/main/java/org/apache/avro/ipc/Requestor.java/","org.apache.avro.ipc.Requestor.Request","yes","0","2","1","4","1","4","1","1","10","0","10","498","yes","3"
"release-1.5.4","/lang/java/ipc/src/main/java/org/apache/avro/ipc/SaslSocketTransceiver.java/","org.apache.avro.ipc.SaslSocketTransceiver.SaslParticipant","yes","0","1","0","4","0","3","0","2","0","0","0","39","yes","5"
"release-1.5.4","/lang/java/ipc/src/main/java/org/apache/avro/ipc/specific/SpecificRequestor.java/","org.apache.avro.ipc.specific.SpecificRequestor","yes","0","1","0","4","0","4","0","2","0","0","0","83","yes","5"
"release-1.5.4","/lang/java/mapred/src/main/java/org/apache/avro/mapred/AvroTextOutputFormat.java/","org.apache.avro.mapred.AvroTextOutputFormat.AvroTextRecordWriter","yes","3","4","0","1","0","1","0","1","0","0","0","134","yes","3"
"release-1.5.4","/lang/java/tools/src/main/java/org/apache/avro/tool/DataFileWriteTool.java/","org.apache.avro.tool.DataFileWriteTool","yes","2","4","0","2","0","2","0","2","0","0","0","4","yes","5"
"release-1.5.4","/lang/java/avro/src/main/java/org/apache/avro/AvroRemoteException.java/","org.apache.avro.AvroRemoteException","yes","0","0","0","1","0","1","0","1","0","0","0","2","yes","5"
"release-1.5.4","/lang/java/tools/src/main/java/org/apache/avro/tool/BinaryFragmentToJsonTool.java/","org.apache.avro.tool.BinaryFragmentToJsonTool","yes","2","4","0","3","0","3","0","2","0","0","0","6","yes","5"
"release-1.5.4","/lang/java/avro/src/main/java/org/apache/avro/file/DataFileWriter.java/","org.apache.avro.file.DataFileWriter.NonCopyingByteArrayOutputStream","yes","0","1","0","4","0","4","0","2","0","0","0","73","yes","5"
"release-1.5.4","/lang/java/compiler/src/main/java/org/apache/avro/compiler/specific/SpecificCompiler.java/","org.apache.avro.compiler.specific.SpecificCompiler.OutputFile","yes","1","2","0","2","0","2","0","2","0","0","0","77","yes","5"
"release-1.5.4","/lang/java/avro/src/main/java/org/apache/avro/Schema.java/","org.apache.avro.Schema.Type","yes","0","0","0","8","0","7","0","2","0","0","0","145","yes","5"
"release-1.5.4","/lang/java/avro/src/main/java/org/apache/avro/io/parsing/Symbol.java/","org.apache.avro.io.parsing.Symbol.UnionAdjustAction","yes","0","1","0","3","0","2","0","2","0","0","0","2","yes","5"
"release-1.5.4","/lang/java/avro/src/main/java/org/apache/avro/Schema.java/","org.apache.avro.Schema.SeenPair","yes","2","4","0","8","0","7","0","2","0","0","0","145","yes","5"
"release-1.5.4","/lang/java/avro/src/main/java/org/apache/avro/Schema.java/","org.apache.avro.Schema","yes","84","87","0","8","0","7","0","2","0","0","0","145","yes","5"
"release-1.5.4","/lang/java/avro/src/main/java/org/apache/avro/io/parsing/Symbol.java/","org.apache.avro.io.parsing.Symbol.DefaultStartAction","yes","1","1","0","3","0","2","0","2","0","0","0","2","yes","5"
"release-1.5.4","/lang/java/ipc/src/main/java/org/apache/avro/ipc/SaslSocketTransceiver.java/","org.apache.avro.ipc.SaslSocketTransceiver.AnonymousClient","yes","9","10","0","4","0","3","0","2","0","0","0","39","yes","5"
"release-1.5.4","/lang/java/avro/src/main/java/org/apache/avro/Schema.java/","org.apache.avro.Schema.Parser","yes","1","2","0","1","0","1","0","1","0","0","0","98","yes","2"
"release-1.5.4","/lang/java/avro/src/main/java/org/apache/avro/file/DataFileStream.java/","org.apache.avro.file.DataFileStream.Header","yes","0","0","0","5","0","5","0","2","0","0","0","67","yes","5"
"release-1.5.4","/lang/java/avro/src/main/java/org/apache/avro/reflect/ReflectDatumReader.java/","org.apache.avro.reflect.ReflectDatumReader","yes","0","1","0","1","0","1","0","1","0","0","0","0","yes","5"
"release-1.5.4","/lang/java/tools/src/main/java/org/apache/avro/tool/RecodecTool.java/","org.apache.avro.tool.RecodecTool","yes","4","6","0","1","0","1","0","1","0","0","0","0","yes","5"
"release-1.5.4","/lang/java/avro/src/main/java/org/apache/avro/specific/SpecificRecordBase.java/","org.apache.avro.specific.SpecificRecordBase","yes","0","1","0","1","0","1","0","1","0","0","0","0","yes","5"
"release-1.5.4","/lang/java/avro/src/main/java/org/apache/avro/io/parsing/Symbol.java/","org.apache.avro.io.parsing.Symbol.Fixup","yes","1","1","0","3","0","2","0","2","0","0","0","2","yes","5"
"release-1.5.4","/lang/java/avro/src/main/java/org/apache/avro/io/JsonEncoder.java/","org.apache.avro.io.JsonEncoder","yes","0","2","0","3","0","3","0","2","0","0","0","75","no","5"
"release-1.5.4","/lang/java/avro/src/main/java/org/apache/avro/file/DataFileReader12.java/","org.apache.avro.file.DataFileReader12","yes","3","5","0","2","0","2","0","2","0","0","0","8","yes","5"
"release-1.5.4","/lang/java/avro/src/main/java/org/apache/avro/Protocol.java/","org.apache.avro.Protocol","yes","8","11","0","1","0","1","0","1","0","0","0","0","yes","5"
"release-1.5.4","/lang/java/avro/src/main/java/org/apache/avro/util/ByteBufferOutputStream.java/","org.apache.avro.util.ByteBufferOutputStream","yes","2","3","0","1","0","1","0","1","0","0","0","4","yes","5"
"release-1.5.4","/lang/java/tools/src/main/java/org/apache/avro/tool/TetherTool.java/","org.apache.avro.tool.TetherTool","yes","0","1","0","2","0","2","0","1","0","0","0","95","yes","5"
"release-1.5.4","/lang/java/tools/src/main/java/org/apache/avro/tool/RpcSendTool.java/","org.apache.avro.tool.RpcSendTool","yes","1","3","0","3","0","3","0","1","0","0","0","6","yes","5"
"release-1.5.4","/lang/java/avro/src/main/java/org/apache/avro/Schema.java/","org.apache.avro.Schema.LongSchema","yes","0","0","0","8","0","7","0","2","0","0","0","145","yes","5"
"release-1.5.4","/lang/java/avro/src/main/java/org/apache/avro/generic/GenericDatumWriter.java/","org.apache.avro.generic.GenericDatumWriter","yes","0","2","0","3","0","2","0","2","0","0","0","8","yes","5"
"release-1.5.4","/lang/java/avro/src/main/java/org/apache/avro/Schema.java/","org.apache.avro.Schema.EnumSchema","yes","7","8","0","8","0","7","0","2","0","0","0","145","yes","5"
"release-1.5.4","/lang/java/avro/src/main/java/org/apache/avro/io/parsing/ResolvingGrammarGenerator.java/","org.apache.avro.io.parsing.ResolvingGrammarGenerator.LitS2","yes","2","3","0","3","0","3","0","2","0","0","0","23","yes","5"
"release-1.5.4","/lang/java/mapred/src/main/java/org/apache/avro/mapred/AvroTextOutputFormat.java/","org.apache.avro.mapred.AvroTextOutputFormat","yes","3","4","0","1","0","1","0","1","0","0","0","134","yes","3"
"release-1.5.4","/lang/java/avro/src/main/java/org/apache/avro/util/WeakIdentityHashMap.java/","org.apache.avro.util.WeakIdentityHashMap.IdentityWeakReference","yes","2","2","0","1","0","1","0","1","0","0","0","0","yes","5"
"release-1.5.4","/lang/java/ipc/src/main/java/org/apache/avro/ipc/DatagramTransceiver.java/","org.apache.avro.ipc.DatagramTransceiver","yes","2","3","0","1","0","1","0","1","0","0","0","0","yes","5"
"release-1.5.4","/lang/java/avro/src/main/java/org/apache/avro/io/parsing/Symbol.java/","org.apache.avro.io.parsing.Symbol.ErrorAction","yes","0","0","0","3","0","2","0","2","0","0","0","2","yes","5"
"release-1.5.4","/lang/java/ipc/src/main/java/org/apache/avro/ipc/SaslSocketTransceiver.java/","org.apache.avro.ipc.SaslSocketTransceiver","yes","19","22","0","4","0","3","0","2","0","0","0","39","yes","5"
"release-1.5.4","/lang/java/avro/src/main/java/org/apache/avro/file/DataFileWriter.java/","org.apache.avro.file.DataFileWriter.AppendWriteException","yes","0","0","0","1","0","1","0","1","0","0","0","38","yes","3"
"release-1.5.4","/lang/java/avro/src/main/java/org/apache/avro/Schema.java/","org.apache.avro.Schema.IntSchema","yes","0","0","0","8","0","7","0","2","0","0","0","145","yes","5"
"release-1.5.4","/lang/java/avro/src/main/java/org/apache/avro/util/WeakIdentityHashMap.java/","org.apache.avro.util.WeakIdentityHashMap","yes","18","19","0","1","0","1","0","1","0","0","0","0","yes","5"
"release-1.5.4","/lang/java/mapred/src/main/java/org/apache/avro/mapred/tether/TetherJob.java/","org.apache.avro.mapred.tether.TetherJob","yes","0","1","0","2","0","2","0","1","0","0","0","73","yes","5"
"release-1.5.4","/lang/java/avro/src/main/java/org/apache/avro/file/DataFileReader.java/","org.apache.avro.file.DataFileReader","yes","1","3","0","4","0","4","0","2","0","0","0","50","yes","5"
"release-1.5.4","/lang/java/avro/src/main/java/org/apache/avro/io/parsing/Symbol.java/","org.apache.avro.io.parsing.Symbol.ImplicitAction","yes","0","0","0","3","0","2","0","2","0","0","0","2","yes","5"
"release-1.5.4","/lang/java/avro/src/main/java/org/apache/avro/file/DataFileWriter.java/","org.apache.avro.file.DataFileWriter.BufferedFileOutputStream","yes","0","0","0","4","0","4","0","2","0","0","0","73","yes","5"
"release-1.5.4","/lang/java/avro/src/main/java/org/apache/avro/util/Utf8.java/","org.apache.avro.util.Utf8","yes","2","4","0","2","0","2","0","1","0","0","0","16","yes","5"
"release-1.5.4","/lang/java/avro/src/main/java/org/apache/avro/io/DirectBinaryDecoder.java/","org.apache.avro.io.DirectBinaryDecoder.ByteReader","yes","0","2","0","3","0","3","0","2","0","0","0","9","yes","5"
"release-1.5.4","/lang/java/avro/src/main/java/org/apache/avro/io/parsing/Symbol.java/","org.apache.avro.io.parsing.Symbol","yes","22","24","0","3","0","2","0","2","0","0","0","2","yes","5"
"release-1.5.4","/lang/java/mapred/src/main/java/org/apache/avro/mapred/AvroSerialization.java/","org.apache.avro.mapred.AvroSerialization","yes","1","2","0","4","0","4","0","2","0","0","0","25","yes","5"
"release-1.5.4","/lang/java/avro/src/main/java/org/apache/avro/io/parsing/Symbol.java/","org.apache.avro.io.parsing.Symbol.EnumAdjustAction","yes","2","2","0","3","0","2","0","2","0","0","0","2","yes","5"
"release-1.5.4","/lang/java/ipc/src/main/java/org/apache/avro/ipc/generic/GenericRequestor.java/","org.apache.avro.ipc.generic.GenericRequestor","yes","0","1","0","3","0","3","0","2","0","0","0","30","yes","5"
"release-1.5.4","/lang/java/avro/src/main/java/org/apache/avro/file/DataFileWriter.java/","org.apache.avro.file.DataFileWriter","yes","0","2","0","4","0","4","0","2","0","0","0","73","yes","5"
"release-1.5.4","/lang/java/avro/src/main/java/org/apache/avro/io/parsing/Symbol.java/","org.apache.avro.io.parsing.Symbol.Sequence","yes","5","7","0","3","0","2","0","2","0","0","0","2","yes","5"
"release-1.5.4","/lang/java/avro/src/main/java/org/apache/avro/generic/GenericData.java/","org.apache.avro.generic.GenericData.Array","yes","5","7","0","7","0","6","0","2","0","0","0","159","yes","5"
"release-1.5.4","/lang/java/compiler/src/main/java/org/apache/avro/compiler/specific/SpecificCompiler.java/","org.apache.avro.compiler.specific.SpecificCompiler.Slf4jLogChute","yes","3","5","0","2","0","2","0","2","0","0","0","77","yes","5"
"release-1.5.4","/lang/java/avro/src/main/java/org/apache/avro/io/parsing/Symbol.java/","org.apache.avro.io.parsing.Symbol.FieldAdjustAction","yes","0","0","0","3","0","2","0","2","0","0","0","2","yes","5"
"release-1.5.4","/lang/java/avro/src/main/java/org/apache/avro/io/parsing/Symbol.java/","org.apache.avro.io.parsing.Symbol.Root","yes","1","1","0","3","0","2","0","2","0","0","0","2","yes","5"
"release-1.5.4","/lang/java/avro/src/main/java/org/apache/avro/io/BinaryDecoder.java/","org.apache.avro.io.BinaryDecoder","yes","12","15","0","3","0","3","0","2","0","0","0","133","yes","5"
"release-1.5.4","/lang/java/avro/src/main/java/org/apache/avro/io/BinaryDecoder.java/","org.apache.avro.io.BinaryDecoder.ByteArrayByteSource","yes","0","2","0","3","0","3","0","2","0","0","0","133","yes","5"
"release-1.5.4","/lang/java/avro/src/main/java/org/apache/avro/io/JsonDecoder.java/","org.apache.avro.io.JsonDecoder","yes","0","3","0","3","0","3","0","2","0","0","0","89","yes","5"
"release-1.5.4","/lang/java/avro/src/main/java/org/apache/avro/io/parsing/Symbol.java/","org.apache.avro.io.parsing.Symbol.EnumLabelsAction","yes","0","1","0","3","0","2","0","2","0","0","0","2","yes","5"
"release-1.5.4","/lang/java/avro/src/main/java/org/apache/avro/file/SnappyCodec.java/","org.apache.avro.file.SnappyCodec.Option","yes","0","0","0","1","0","1","0","1","0","0","0","51","yes","3"
"release-1.5.4","/lang/java/avro/src/main/java/org/apache/avro/Schema.java/","org.apache.avro.Schema.RecordSchema","yes","6","8","0","8","0","7","0","2","0","0","0","145","yes","5"
"release-1.5.4","/lang/java/avro/src/main/java/org/apache/avro/io/parsing/Symbol.java/","org.apache.avro.io.parsing.Symbol.Terminal","yes","1","1","0","3","0","2","0","2","0","0","0","2","yes","5"
"release-1.5.4","/lang/java/avro/src/main/java/org/apache/avro/Schema.java/","org.apache.avro.Schema.DoubleSchema","yes","0","0","0","8","0","7","0","2","0","0","0","145","yes","5"
"release-1.5.4","/lang/java/avro/src/main/java/org/apache/avro/Schema.java/","org.apache.avro.Schema.Props","yes","0","1","0","8","0","7","0","2","0","0","0","145","yes","5"
"release-1.5.4","/lang/java/ipc/src/main/java/org/apache/avro/ipc/SocketServer.java/","org.apache.avro.ipc.SocketServer.Connection","yes","1","2","0","3","0","3","0","2","0","0","0","3","yes","5"
"release-1.5.4","/lang/java/ipc/src/main/java/org/apache/avro/ipc/specific/SpecificResponder.java/","org.apache.avro.ipc.specific.SpecificResponder","yes","0","1","0","2","0","2","0","2","0","0","0","43","yes","5"
"release-1.5.4","/lang/java/avro/src/main/java/org/apache/avro/io/parsing/Symbol.java/","org.apache.avro.io.parsing.Symbol.Alternative","yes","1","3","0","3","0","2","0","2","0","0","0","2","yes","5"
"release-1.5.4","/lang/java/avro/src/main/java/org/apache/avro/Schema.java/","org.apache.avro.Schema.UnionSchema","yes","5","6","0","8","0","7","0","2","0","0","0","145","yes","5"
"release-1.5.4","/lang/java/avro/src/main/java/org/apache/avro/generic/GenericData.java/","org.apache.avro.generic.GenericData.Record","yes","0","1","0","7","0","6","0","2","0","0","0","159","yes","5"
"release-1.5.4","/lang/java/ipc/src/main/java/org/apache/avro/ipc/SocketServer.java/","org.apache.avro.ipc.SocketServer","yes","6","7","0","3","0","3","0","2","0","0","0","3","yes","5"
"release-1.5.4","/lang/java/avro/src/main/java/org/apache/avro/util/ByteBufferInputStream.java/","org.apache.avro.util.ByteBufferInputStream","yes","0","1","0","1","0","1","0","1","0","0","0","4","yes","5"
