"Project","ReleaseId","Path","Class","isLongMethod","isGodClass","isFeatureEnvy","isDuplicatedCode","CodeSmells","NSmells","Buggy"
"avro","release-1.3.2","/lang/java/src/java/org/apache/avro/ipc/ByteBufferOutputStream.java/","org.apache.avro.ipc.ByteBufferOutputStream","0","0","1","0","4","5","no"
"avro","release-1.3.2","/lang/java/src/java/org/apache/avro/io/ResolvingDecoder.java/","org.apache.avro.io.ResolvingDecoder","0","1","1","1","0","3","yes"
"avro","release-1.3.2","/lang/java/src/java/org/apache/avro/file/DeflateCodec.java/","org.apache.avro.file.DeflateCodec.Option","0","0","0","0","0","0","yes"
"avro","release-1.3.2","/lang/java/src/java/org/apache/avro/ipc/LocalTransceiver.java/","org.apache.avro.ipc.LocalTransceiver","0","0","1","0","0","1","no"
"avro","release-1.3.2","/lang/java/src/java/org/apache/avro/generic/GenericContainer.java/","org.apache.avro.generic.GenericContainer","0","0","0","0","0","0","no"
"avro","release-1.3.2","/lang/java/src/java/org/apache/avro/ipc/ResponderServlet.java/","org.apache.avro.ipc.ResponderServlet","0","0","1","0","0","1","no"
"avro","release-1.3.2","/lang/java/src/java/org/apache/avro/io/parsing/Symbol.java/","org.apache.avro.io.parsing.Symbol.EnumLabelsAction","0","0","1","0","0","1","no"
"avro","release-1.3.2","/lang/java/src/java/org/apache/avro/io/Decoder.java/","org.apache.avro.io.Decoder","0","1","1","0","0","2","no"
"avro","release-1.3.2","/lang/java/src/java/org/apache/avro/generic/GenericDatumWriter.java/","org.apache.avro.generic.GenericDatumWriter","0","1","1","0","0","2","no"
"avro","release-1.3.2","/lang/java/src/java/org/apache/avro/generic/GenericFixed.java/","org.apache.avro.generic.GenericFixed","0","0","0","0","0","0","no"
"avro","release-1.3.2","/lang/java/src/java/org/apache/avro/Schema.java/","org.apache.avro.Schema.FixedSchema","0","0","1","0","4","5","yes"
"avro","release-1.3.2","/lang/java/src/java/org/apache/avro/specific/SpecificData.java/","org.apache.avro.specific.SpecificData","1","1","1","0","1","4","no"
"avro","release-1.3.2","/lang/java/src/java/org/apache/avro/ipc/stats/Histogram.java/","org.apache.avro.ipc.stats.Histogram.Entry","0","0","0","0","0","0","no"
"avro","release-1.3.2","/lang/java/src/java/org/apache/avro/Schema.java/","org.apache.avro.Schema.RecordSchema","0","1","1","0","6","8","yes"
"avro","release-1.3.2","/lang/java/src/java/org/apache/avro/specific/SpecificDatumWriter.java/","org.apache.avro.specific.SpecificDatumWriter","0","0","1","0","0","1","no"
"avro","release-1.3.2","/lang/java/src/java/org/apache/avro/ipc/DatagramServer.java/","org.apache.avro.ipc.DatagramServer","0","0","1","0","2","3","no"
"avro","release-1.3.2","/lang/java/src/java/org/apache/avro/Schema.java/","org.apache.avro.Schema.MapSchema","0","0","1","0","4","5","yes"
"avro","release-1.3.2","/lang/java/src/java/org/apache/avro/io/parsing/Symbol.java/","org.apache.avro.io.parsing.Symbol.Terminal","0","0","0","0","1","1","no"
"avro","release-1.3.2","/lang/java/src/java/org/apache/avro/reflect/ReflectData.java/","org.apache.avro.reflect.ReflectData","1","1","1","0","3","6","yes"
"avro","release-1.3.2","/lang/java/src/java/org/apache/avro/io/BinaryData.java/","org.apache.avro.io.BinaryData","1","1","1","0","5","8","no"
"avro","release-1.3.2","/lang/java/src/java/org/apache/avro/Schema.java/","org.apache.avro.Schema.DoubleSchema","0","0","0","0","0","0","yes"
"avro","release-1.3.2","/lang/java/src/java/org/apache/avro/Schema.java/","org.apache.avro.Schema.LongSchema","0","0","0","0","0","0","yes"
"avro","release-1.3.2","/lang/java/src/java/org/apache/avro/ipc/Server.java/","org.apache.avro.ipc.Server","0","0","0","0","0","0","no"
"avro","release-1.3.2","/lang/java/src/java/org/apache/avro/io/parsing/Symbol.java/","org.apache.avro.io.parsing.Symbol.Kind","0","0","0","0","0","0","no"
"avro","release-1.3.2","/lang/java/src/java/org/apache/avro/SchemaParseException.java/","org.apache.avro.SchemaParseException","0","0","0","0","0","0","no"
"avro","release-1.3.2","/lang/java/src/java/org/apache/avro/io/parsing/Symbol.java/","org.apache.avro.io.parsing.Symbol","0","1","1","0","22","24","no"
"avro","release-1.3.2","/lang/java/src/java/org/apache/avro/file/SeekableFileInput.java/","org.apache.avro.file.SeekableFileInput","0","0","1","0","0","1","no"
"avro","release-1.3.2","/lang/java/src/java/org/apache/avro/Schema.java/","org.apache.avro.Schema.SeenPair","0","1","1","0","2","4","yes"
"avro","release-1.3.2","/lang/java/src/java/org/apache/avro/tool/JsonToBinaryFragmentTool.java/","org.apache.avro.tool.JsonToBinaryFragmentTool","0","0","1","1","2","4","yes"
"avro","release-1.3.2","/lang/java/src/java/org/apache/avro/ipc/stats/Stopwatch.java/","org.apache.avro.ipc.stats.Stopwatch.Ticks","0","0","0","0","0","0","no"
"avro","release-1.3.2","/lang/java/src/java/org/apache/avro/file/DeflateCodec.java/","org.apache.avro.file.DeflateCodec","0","0","1","0","0","1","yes"
"avro","release-1.3.2","/lang/java/src/java/org/apache/avro/io/parsing/JsonGrammarGenerator.java/","org.apache.avro.io.parsing.JsonGrammarGenerator","0","1","1","1","0","3","no"
"avro","release-1.3.2","/lang/java/src/java/org/apache/avro/file/NullCodec.java/","org.apache.avro.file.NullCodec.Option","0","0","0","0","0","0","no"
"avro","release-1.3.2","/lang/java/src/java/org/apache/avro/Schema.java/","org.apache.avro.Schema.Field.Order","0","0","0","0","0","0","yes"
"avro","release-1.3.2","/lang/java/src/java/org/apache/avro/io/parsing/Symbol.java/","org.apache.avro.io.parsing.Symbol.WriterUnionAction","0","0","0","0","0","0","no"
"avro","release-1.3.2","/lang/java/src/java/org/apache/avro/Schema.java/","org.apache.avro.Schema.BooleanSchema","0","0","0","0","0","0","yes"
"avro","release-1.3.2","/lang/java/src/java/org/apache/avro/io/parsing/Symbol.java/","org.apache.avro.io.parsing.Symbol.EnumAdjustAction","0","0","0","0","2","2","no"
"avro","release-1.3.2","/lang/java/src/java/org/apache/avro/io/parsing/Symbol.java/","org.apache.avro.io.parsing.Symbol.ImplicitAction","0","0","0","0","0","0","no"
"avro","release-1.3.2","/lang/java/src/java/org/apache/avro/Schema.java/","org.apache.avro.Schema.LockableArrayList","0","0","0","0","8","8","yes"
"avro","release-1.3.2","/lang/java/src/java/org/apache/avro/file/DataFileWriter.java/","org.apache.avro.file.DataFileWriter.BufferedFileOutputStream.PositionFilter","0","0","1","0","1","2","yes"
"avro","release-1.3.2","/lang/java/src/java/org/apache/avro/io/parsing/Parser.java/","org.apache.avro.io.parsing.Parser.ActionHandler","0","0","0","0","0","0","no"
"avro","release-1.3.2","/lang/java/src/java/org/apache/avro/ipc/stats/Histogram.java/","org.apache.avro.ipc.stats.Histogram.Segmenter","0","0","0","0","0","0","no"
"avro","release-1.3.2","/lang/java/src/java/org/apache/avro/ipc/HttpTransceiver.java/","org.apache.avro.ipc.HttpTransceiver","0","0","1","0","0","1","no"
"avro","release-1.3.2","/lang/java/src/java/org/apache/avro/Schema.java/","org.apache.avro.Schema.NamedSchema","0","1","1","0","7","9","yes"
"avro","release-1.3.2","/lang/java/src/java/org/apache/avro/io/BinaryDecoder.java/","org.apache.avro.io.BinaryDecoder.ByteSource","0","1","1","0","0","2","no"
"avro","release-1.3.2","/lang/java/src/java/org/apache/avro/specific/SpecificCompiler.java/","org.apache.avro.specific.SpecificCompiler.OutputFile","0","0","1","0","1","2","yes"
"avro","release-1.3.2","/lang/java/src/java/org/apache/avro/reflect/ReflectRequestor.java/","org.apache.avro.reflect.ReflectRequestor","0","0","1","0","0","1","no"
"avro","release-1.3.2","/lang/java/src/java/org/apache/avro/util/Utf8.java/","org.apache.avro.util.Utf8","0","1","1","0","6","8","no"
"avro","release-1.3.2","/lang/java/src/java/org/apache/avro/io/DecoderFactory.java/","org.apache.avro.io.DecoderFactory","0","0","1","0","1","2","no"
"avro","release-1.3.2","/lang/java/src/java/org/apache/avro/io/DatumReader.java/","org.apache.avro.io.DatumReader","0","0","0","0","0","0","no"
"avro","release-1.3.2","/lang/java/src/java/org/apache/avro/AvroTypeException.java/","org.apache.avro.AvroTypeException","0","0","0","0","0","0","no"
"avro","release-1.3.2","/lang/java/src/java/org/apache/avro/ipc/Transceiver.java/","org.apache.avro.ipc.Transceiver","0","0","0","0","1","1","no"
"avro","release-1.3.2","/lang/java/src/java/org/apache/avro/file/CodecFactory.java/","org.apache.avro.file.CodecFactory","0","0","1","0","0","1","no"
"avro","release-1.3.2","/lang/java/src/java/org/apache/avro/reflect/ReflectDatumWriter.java/","org.apache.avro.reflect.ReflectDatumWriter","0","0","1","0","5","6","no"
"avro","release-1.3.2","/lang/java/src/java/org/apache/avro/reflect/Nullable.java/","org.apache.avro.reflect.Nullable","0","0","0","0","0","0","no"
"avro","release-1.3.2","/lang/java/src/java/org/apache/avro/file/DataFileReader.java/","org.apache.avro.file.DataFileReader","0","0","1","0","1","2","yes"
"avro","release-1.3.2","/lang/java/src/java/org/apache/avro/ipc/Responder.java/","org.apache.avro.ipc.Responder","1","1","1","0","0","3","yes"
"avro","release-1.3.2","/lang/java/src/java/org/apache/avro/generic/GenericArray.java/","org.apache.avro.generic.GenericArray","0","0","0","0","0","0","no"
"avro","release-1.3.2","/lang/java/src/java/org/apache/avro/specific/SpecificCompiler.java/","org.apache.avro.specific.SpecificCompiler","1","1","1","0","4","7","yes"
"avro","release-1.3.2","/lang/java/src/java/org/apache/avro/ipc/DatagramTransceiver.java/","org.apache.avro.ipc.DatagramTransceiver","0","0","1","0","2","3","no"
"avro","release-1.3.2","/lang/java/src/java/org/apache/avro/Schema.java/","org.apache.avro.Schema.BytesSchema","0","0","0","0","0","0","yes"
"avro","release-1.3.2","/lang/java/src/java/org/apache/avro/io/BinaryEncoder.java/","org.apache.avro.io.BinaryEncoder.ReuseByteWriter","0","0","1","0","0","1","no"
"avro","release-1.3.2","/lang/java/src/java/org/apache/avro/generic/GenericData.java/","org.apache.avro.generic.GenericData.Record","0","0","1","0","0","1","no"
"avro","release-1.3.2","/lang/java/src/java/org/apache/avro/specific/SpecificResponder.java/","org.apache.avro.specific.SpecificResponder","0","0","1","0","0","1","no"
"avro","release-1.3.2","/lang/java/src/java/org/apache/avro/io/parsing/Symbol.java/","org.apache.avro.io.parsing.Symbol.SkipAction","0","0","1","0","0","1","no"
"avro","release-1.3.2","/lang/java/src/java/org/apache/avro/file/SeekableInput.java/","org.apache.avro.file.SeekableInput","0","0","0","0","0","0","no"
"avro","release-1.3.2","/lang/java/src/java/org/apache/avro/ipc/stats/StatsPlugin.java/","org.apache.avro.ipc.stats.StatsPlugin","0","0","1","0","0","1","no"
"avro","release-1.3.2","/lang/java/src/java/org/apache/avro/ipc/SocketServer.java/","org.apache.avro.ipc.SocketServer.Connection","0","0","1","0","1","2","no"
"avro","release-1.3.2","/lang/java/src/java/org/apache/avro/reflect/ReflectData.java/","org.apache.avro.reflect.ReflectData.AllowNull","0","0","0","0","1","1","yes"
"avro","release-1.3.2","/lang/java/src/java/org/apache/avro/specific/SpecificFixed.java/","org.apache.avro.specific.SpecificFixed","0","0","0","0","0","0","no"
"avro","release-1.3.2","/lang/java/src/java/org/apache/avro/Schema.java/","org.apache.avro.Schema.IntSchema","0","0","0","0","0","0","yes"
"avro","release-1.3.2","/lang/java/src/java/org/apache/avro/generic/IndexedRecord.java/","org.apache.avro.generic.IndexedRecord","0","0","0","0","0","0","no"
"avro","release-1.3.2","/lang/java/src/java/org/apache/avro/tool/GenAvroTool.java/","org.apache.avro.tool.GenAvroTool","0","0","1","0","3","4","no"
"avro","release-1.3.2","/lang/java/src/java/org/apache/avro/io/parsing/Symbol.java/","org.apache.avro.io.parsing.Symbol.UnionAdjustAction","0","0","1","0","0","1","no"
"avro","release-1.3.2","/lang/java/src/java/org/apache/avro/Schema.java/","org.apache.avro.Schema.ArraySchema","0","0","1","0","4","5","yes"
"avro","release-1.3.2","/lang/java/src/java/org/apache/avro/tool/RpcSendTool.java/","org.apache.avro.tool.RpcSendTool","0","0","1","1","1","3","no"
"avro","release-1.3.2","/lang/java/src/java/org/apache/avro/io/DirectBinaryDecoder.java/","org.apache.avro.io.DirectBinaryDecoder.ByteReader","0","0","1","1","0","2","no"
"avro","release-1.3.2","/lang/java/src/java/org/apache/avro/ipc/SocketServer.java/","org.apache.avro.ipc.SocketServer","0","0","1","0","5","6","no"
"avro","release-1.3.2","/lang/java/src/java/org/apache/avro/file/DataFileStream.java/","org.apache.avro.file.DataFileStream.DataBlock","0","0","0","0","0","0","yes"
"avro","release-1.3.2","/lang/java/src/java/org/apache/avro/specific/SpecificCompiler.java/","org.apache.avro.specific.SpecificCompiler.SpecificCompilerTool","0","0","1","0","2","3","yes"
"avro","release-1.3.2","/lang/java/src/java/org/apache/avro/specific/ProtocolTask.java/","org.apache.avro.specific.ProtocolTask","0","0","1","0","4","5","no"
"avro","release-1.3.2","/lang/java/src/java/org/apache/avro/ipc/SocketTransceiver.java/","org.apache.avro.ipc.SocketTransceiver","0","0","1","0","2","3","no"
"avro","release-1.3.2","/lang/java/src/java/org/apache/avro/io/BlockingBinaryEncoder.java/","org.apache.avro.io.BlockingBinaryEncoder","1","1","1","0","2","5","no"
"avro","release-1.3.2","/lang/java/src/java/org/apache/avro/reflect/Stringable.java/","org.apache.avro.reflect.Stringable","0","0","0","0","0","0","no"
"avro","release-1.3.2","/lang/java/src/java/org/apache/avro/io/parsing/Symbol.java/","org.apache.avro.io.parsing.Symbol.Alternative","0","1","1","0","1","3","no"
"avro","release-1.3.2","/lang/java/src/java/org/apache/avro/io/parsing/Symbol.java/","org.apache.avro.io.parsing.Symbol.Root","0","0","0","0","1","1","no"
"avro","release-1.3.2","/lang/java/src/java/org/apache/avro/file/DataFileStream.java/","org.apache.avro.file.DataFileStream","0","1","1","0","7","9","yes"
"avro","release-1.3.2","/lang/java/src/java/org/apache/avro/ipc/ByteBufferInputStream.java/","org.apache.avro.ipc.ByteBufferInputStream","0","0","1","0","2","3","no"
"avro","release-1.3.2","/lang/java/src/java/org/apache/avro/io/JsonDecoder.java/","org.apache.avro.io.JsonDecoder","0","1","1","1","0","3","no"
"avro","release-1.3.2","/lang/java/src/java/org/apache/avro/specific/SchemaTask.java/","org.apache.avro.specific.SchemaTask","0","0","1","0","0","1","no"
"avro","release-1.3.2","/lang/java/src/java/org/apache/avro/tool/DataFileGetSchemaTool.java/","org.apache.avro.tool.DataFileGetSchemaTool","0","0","1","0","0","1","no"
"avro","release-1.3.2","/lang/java/src/java/org/apache/avro/file/Codec.java/","org.apache.avro.file.Codec","0","0","0","0","0","0","no"
"avro","release-1.3.2","/lang/java/src/java/org/apache/avro/generic/GenericRequestor.java/","org.apache.avro.generic.GenericRequestor","0","0","1","0","0","1","yes"
"avro","release-1.3.2","/lang/java/src/java/org/apache/avro/specific/SpecificRecordBase.java/","org.apache.avro.specific.SpecificRecordBase","0","0","1","0","0","1","no"
"avro","release-1.3.2","/lang/java/src/java/org/apache/avro/io/parsing/ResolvingGrammarGenerator.java/","org.apache.avro.io.parsing.ResolvingGrammarGenerator","1","1","1","1","9","13","yes"
"avro","release-1.3.2","/lang/java/src/java/org/apache/avro/tool/Main.java/","org.apache.avro.tool.Main","0","1","1","0","6","8","no"
"avro","release-1.3.2","/lang/java/src/java/org/apache/avro/ipc/stats/Stopwatch.java/","org.apache.avro.ipc.stats.Stopwatch","0","0","1","0","0","1","no"
"avro","release-1.3.2","/lang/java/src/java/org/apache/avro/tool/DataFileWriteTool.java/","org.apache.avro.tool.DataFileWriteTool","0","0","1","0","1","2","no"
"avro","release-1.3.2","/lang/java/src/java/org/apache/avro/io/parsing/Symbol.java/","org.apache.avro.io.parsing.Symbol.Repeater","0","0","1","0","1","2","no"
"avro","release-1.3.2","/lang/java/src/java/org/apache/avro/io/BinaryDecoder.java/","org.apache.avro.io.BinaryDecoder.ByteArrayByteSource","0","1","1","0","0","2","no"
"avro","release-1.3.2","/lang/java/src/java/org/apache/avro/ipc/AvroRemoteException.java/","org.apache.avro.ipc.AvroRemoteException","0","0","0","0","0","0","no"
"avro","release-1.3.2","/lang/java/src/java/org/apache/avro/Schema.java/","org.apache.avro.Schema.Names","0","0","1","0","0","1","yes"
"avro","release-1.3.2","/lang/java/src/java/org/apache/avro/io/ParsingDecoder.java/","org.apache.avro.io.ParsingDecoder","0","1","1","0","0","2","no"
"avro","release-1.3.2","/lang/java/src/java/org/apache/avro/generic/GenericData.java/","org.apache.avro.generic.GenericData.Array","0","0","1","0","7","8","no"
"avro","release-1.3.2","/lang/java/src/java/org/apache/avro/Schema.java/","org.apache.avro.Schema.Name","0","1","1","0","4","6","yes"
"avro","release-1.3.2","/lang/java/src/java/org/apache/avro/ipc/HttpServer.java/","org.apache.avro.ipc.HttpServer","0","0","1","0","0","1","no"
"avro","release-1.3.2","/lang/java/src/java/org/apache/avro/file/NullCodec.java/","org.apache.avro.file.NullCodec","0","0","1","0","0","1","no"
"avro","release-1.3.2","/lang/java/src/java/org/apache/avro/Schema.java/","org.apache.avro.Schema.FloatSchema","0","0","0","0","0","0","yes"
"avro","release-1.3.2","/lang/java/src/java/org/apache/avro/Protocol.java/","org.apache.avro.Protocol","0","1","1","0","8","10","no"
"avro","release-1.3.2","/lang/java/src/java/org/apache/avro/reflect/ReflectResponder.java/","org.apache.avro.reflect.ReflectResponder","0","0","0","0","0","0","yes"
"avro","release-1.3.2","/lang/java/src/java/org/apache/avro/io/BinaryEncoder.java/","org.apache.avro.io.BinaryEncoder.ByteWriter","0","0","0","0","0","0","no"
"avro","release-1.3.2","/lang/java/src/java/org/apache/avro/tool/Util.java/","org.apache.avro.tool.Util","0","0","1","0","1","2","no"
"avro","release-1.3.2","/lang/java/src/java/org/apache/avro/reflect/Union.java/","org.apache.avro.reflect.Union","0","0","0","0","0","0","no"
"avro","release-1.3.2","/lang/java/src/java/org/apache/avro/generic/GenericData.java/","org.apache.avro.generic.GenericData","1","1","1","1","13","17","no"
"avro","release-1.3.2","/lang/java/src/java/org/apache/avro/io/BinaryEncoder.java/","org.apache.avro.io.BinaryEncoder","0","1","1","1","5","8","no"
"avro","release-1.3.2","/lang/java/src/java/org/apache/avro/ipc/stats/Histogram.java/","org.apache.avro.ipc.stats.Histogram.EntryIterator","0","0","1","0","0","1","no"
"avro","release-1.3.2","/lang/java/src/java/org/apache/avro/tool/DataFileReadTool.java/","org.apache.avro.tool.DataFileReadTool","0","0","1","0","0","1","no"
"avro","release-1.3.2","/lang/java/src/java/org/apache/avro/tool/Tool.java/","org.apache.avro.tool.Tool","0","0","0","0","0","0","no"
"avro","release-1.3.2","/lang/java/src/java/org/apache/avro/ipc/RPCContext.java/","org.apache.avro.ipc.RPCContext","0","0","0","0","2","2","yes"
"avro","release-1.3.2","/lang/java/src/java/org/apache/avro/io/BinaryData.java/","org.apache.avro.io.BinaryData.Decoders","0","1","0","0","2","3","no"
"avro","release-1.3.2","/lang/java/src/java/org/apache/avro/io/parsing/Symbol.java/","org.apache.avro.io.parsing.Symbol.Sequence","0","1","1","0","5","7","no"
"avro","release-1.3.2","/lang/java/src/java/org/apache/avro/tool/RpcReceiveTool.java/","org.apache.avro.tool.RpcReceiveTool","0","0","1","1","2","4","no"
"avro","release-1.3.2","/lang/java/src/java/org/apache/avro/ipc/stats/StatsServlet.java/","org.apache.avro.ipc.stats.StatsServlet","0","1","1","0","0","2","no"
"avro","release-1.3.2","/lang/java/src/java/org/apache/avro/io/parsing/Symbol.java/","org.apache.avro.io.parsing.Symbol.FieldOrderAction","0","0","0","0","2","2","no"
"avro","release-1.3.2","/lang/java/src/java/org/apache/avro/file/DataFileWriter.java/","org.apache.avro.file.DataFileWriter","0","1","1","0","3","5","yes"
"avro","release-1.3.2","/lang/java/src/java/org/apache/avro/io/ValidatingEncoder.java/","org.apache.avro.io.ValidatingEncoder","0","1","1","0","0","2","no"
"avro","release-1.3.2","/lang/java/src/java/org/apache/avro/io/parsing/SkipParser.java/","org.apache.avro.io.parsing.SkipParser","0","1","1","0","0","2","no"
"avro","release-1.3.2","/lang/java/src/java/org/apache/avro/file/DataFileWriter.java/","org.apache.avro.file.DataFileWriter.BufferedFileOutputStream","0","0","0","0","1","1","yes"
"avro","release-1.3.2","/lang/java/src/java/org/apache/avro/io/DatumWriter.java/","org.apache.avro.io.DatumWriter","0","0","0","0","0","0","no"
"avro","release-1.3.2","/lang/java/src/java/org/apache/avro/Schema.java/","org.apache.avro.Schema.Field","0","1","1","0","2","4","yes"
"avro","release-1.3.2","/lang/java/src/java/org/apache/avro/io/parsing/Symbol.java/","org.apache.avro.io.parsing.Symbol.DefaultStartAction","0","0","0","0","1","1","no"
"avro","release-1.3.2","/lang/java/src/java/org/apache/avro/Schema.java/","org.apache.avro.Schema.EnumSchema","0","0","1","0","7","8","yes"
"avro","release-1.3.2","/lang/java/src/java/org/apache/avro/AvroRuntimeException.java/","org.apache.avro.AvroRuntimeException","0","0","0","0","0","0","no"
"avro","release-1.3.2","/lang/java/src/java/org/apache/avro/file/LengthLimitedInputStream.java/","org.apache.avro.file.LengthLimitedInputStream","0","0","1","0","1","2","no"
"avro","release-1.3.2","/lang/java/src/java/org/apache/avro/file/DataFileConstants.java/","org.apache.avro.file.DataFileConstants","0","0","0","0","0","0","no"
"avro","release-1.3.2","/lang/java/src/java/org/apache/avro/generic/GenericDatumReader.java/","org.apache.avro.generic.GenericDatumReader","0","1","1","0","0","2","yes"
"avro","release-1.3.2","/lang/java/src/java/org/apache/avro/file/DataFileReader.java/","org.apache.avro.file.DataFileReader.SeekableInputStream","0","0","1","0","0","1","yes"
"avro","release-1.3.2","/lang/java/src/java/org/apache/avro/Schema.java/","org.apache.avro.Schema.StringSchema","0","0","0","0","0","0","yes"
"avro","release-1.3.2","/lang/java/src/java/org/apache/avro/generic/GenericResponder.java/","org.apache.avro.generic.GenericResponder","0","0","1","0","1","2","no"
"avro","release-1.3.2","/lang/java/src/java/org/apache/avro/Protocol.java/","org.apache.avro.Protocol.Message","0","1","1","0","3","5","no"
"avro","release-1.3.2","/lang/java/src/java/org/apache/avro/io/ParsingEncoder.java/","org.apache.avro.io.ParsingEncoder","0","0","1","0","0","1","no"
"avro","release-1.3.2","/lang/java/src/java/org/apache/avro/io/BlockingBinaryEncoder.java/","org.apache.avro.io.BlockingBinaryEncoder.BlockedValue","0","1","1","0","0","2","no"
"avro","release-1.3.2","/lang/java/src/java/org/apache/avro/ipc/stats/Histogram.java/","org.apache.avro.ipc.stats.Histogram.TreeMapSegmenter","0","0","1","0","2","3","no"
"avro","release-1.3.2","/lang/java/src/java/org/apache/avro/io/parsing/Symbol.java/","org.apache.avro.io.parsing.Symbol.IntCheckAction","0","0","0","0","0","0","no"
"avro","release-1.3.2","/lang/java/src/java/org/apache/avro/io/DirectBinaryDecoder.java/","org.apache.avro.io.DirectBinaryDecoder","0","1","1","0","3","5","no"
"avro","release-1.3.2","/lang/java/src/java/org/apache/avro/io/BinaryDecoder.java/","org.apache.avro.io.BinaryDecoder.BufferAccessor","0","1","1","0","2","4","no"
"avro","release-1.3.2","/lang/java/src/java/org/apache/avro/generic/GenericRecord.java/","org.apache.avro.generic.GenericRecord","0","0","0","0","0","0","no"
"avro","release-1.3.2","/lang/java/src/java/org/apache/avro/io/parsing/ResolvingGrammarGenerator.java/","org.apache.avro.io.parsing.ResolvingGrammarGenerator.LitS2","0","0","1","0","2","3","yes"
"avro","release-1.3.2","/lang/java/src/java/org/apache/avro/Schema.java/","org.apache.avro.Schema","1","1","1","0","75","78","yes"
"avro","release-1.3.2","/lang/java/src/java/org/apache/avro/io/parsing/Symbol.java/","org.apache.avro.io.parsing.Symbol.ResolvingAction","0","0","1","0","0","1","no"
"avro","release-1.3.2","/lang/java/src/java/org/apache/avro/specific/SpecificRequestor.java/","org.apache.avro.specific.SpecificRequestor","0","0","1","0","0","1","yes"
"avro","release-1.3.2","/lang/java/src/java/org/apache/avro/ipc/stats/Histogram.java/","org.apache.avro.ipc.stats.Histogram.SegmenterException","0","0","0","0","0","0","no"
"avro","release-1.3.2","/lang/java/src/java/org/apache/avro/ipc/stats/FloatHistogram.java/","org.apache.avro.ipc.stats.FloatHistogram","0","0","1","0","0","1","no"
"avro","release-1.3.2","/lang/java/src/java/org/apache/avro/file/DataFileWriter.java/","org.apache.avro.file.DataFileWriter.NonCopyingByteArrayOutputStream","0","0","1","0","0","1","yes"
"avro","release-1.3.2","/lang/java/src/java/org/apache/avro/io/parsing/Symbol.java/","org.apache.avro.io.parsing.Symbol.FieldAdjustAction","0","0","0","0","0","0","no"
"avro","release-1.3.2","/lang/java/src/java/org/apache/avro/specific/SpecificDatumReader.java/","org.apache.avro.specific.SpecificDatumReader","0","0","1","0","0","1","no"
"avro","release-1.3.2","/lang/java/src/java/org/apache/avro/Schema.java/","org.apache.avro.Schema.Type","0","0","0","0","0","0","yes"
"avro","release-1.3.2","/lang/java/src/java/org/apache/avro/io/DecoderFactory.java/","org.apache.avro.io.DecoderFactory.DefaultDecoderFactory","0","0","0","0","0","0","no"
"avro","release-1.3.2","/lang/java/src/java/org/apache/avro/ipc/RPCPlugin.java/","org.apache.avro.ipc.RPCPlugin","0","0","0","0","0","0","no"
"avro","release-1.3.2","/lang/java/src/java/org/apache/avro/io/BlockingBinaryEncoder.java/","org.apache.avro.io.BlockingBinaryEncoder.BlockedValue.State","0","0","0","0","0","0","no"
"avro","release-1.3.2","/lang/java/src/java/org/apache/avro/specific/SpecificExceptionBase.java/","org.apache.avro.specific.SpecificExceptionBase","0","0","1","0","2","3","no"
"avro","release-1.3.2","/lang/java/src/java/org/apache/avro/Schema.java/","org.apache.avro.Schema.NullSchema","0","0","0","0","0","0","yes"
"avro","release-1.3.2","/lang/java/src/java/org/apache/avro/reflect/ReflectDatumReader.java/","org.apache.avro.reflect.ReflectDatumReader","0","0","1","0","0","1","no"
"avro","release-1.3.2","/lang/java/src/java/org/apache/avro/io/parsing/ValidatingGrammarGenerator.java/","org.apache.avro.io.parsing.ValidatingGrammarGenerator","1","1","1","1","2","6","no"
"avro","release-1.3.2","/lang/java/src/java/org/apache/avro/io/Encoder.java/","org.apache.avro.io.Encoder","0","1","1","0","0","2","no"
"avro","release-1.3.2","/lang/java/src/java/org/apache/avro/generic/GenericData.java/","org.apache.avro.generic.GenericData.Fixed","0","1","1","0","6","8","no"
"avro","release-1.3.2","/lang/java/src/java/org/apache/avro/io/BlockingBinaryEncoder.java/","org.apache.avro.io.BlockingBinaryEncoder.EncoderBuffer","0","0","0","0","1","1","no"
"avro","release-1.3.2","/lang/java/src/java/org/apache/avro/io/DirectBinaryDecoder.java/","org.apache.avro.io.DirectBinaryDecoder.ReuseByteReader","0","0","0","0","0","0","no"
"avro","release-1.3.2","/lang/java/src/java/org/apache/avro/io/ValidatingDecoder.java/","org.apache.avro.io.ValidatingDecoder","0","1","1","0","2","4","no"
"avro","release-1.3.2","/lang/java/src/java/org/apache/avro/specific/FixedSize.java/","org.apache.avro.specific.FixedSize","0","0","0","0","0","0","no"
"avro","release-1.3.2","/lang/java/src/java/org/apache/avro/ipc/Requestor.java/","org.apache.avro.ipc.Requestor","1","1","1","0","0","3","yes"
"avro","release-1.3.2","/lang/java/src/java/org/apache/avro/tool/RpcReceiveTool.java/","org.apache.avro.tool.RpcReceiveTool.SinkResponder","0","0","1","0","1","2","no"
"avro","release-1.3.2","/lang/java/src/java/org/apache/avro/io/parsing/Parser.java/","org.apache.avro.io.parsing.Parser","0","1","1","0","0","2","no"
"avro","release-1.3.2","/lang/java/src/java/org/apache/avro/reflect/InduceSchemaTool.java/","org.apache.avro.reflect.InduceSchemaTool","0","0","1","0","4","5","no"
"avro","release-1.3.2","/lang/java/src/java/org/apache/avro/io/parsing/Symbol.java/","org.apache.avro.io.parsing.Symbol.ErrorAction","0","0","0","0","0","0","no"
"avro","release-1.3.2","/lang/java/src/java/org/apache/avro/io/JsonEncoder.java/","org.apache.avro.io.JsonEncoder","0","1","1","0","0","2","no"
"avro","release-1.3.2","/lang/java/src/java/org/apache/avro/io/BinaryEncoder.java/","org.apache.avro.io.BinaryEncoder.SimpleByteWriter","0","0","1","0","0","1","no"
"avro","release-1.3.2","/lang/java/src/java/org/apache/avro/io/BinaryDecoder.java/","org.apache.avro.io.BinaryDecoder","1","1","1","1","11","15","no"
"avro","release-1.3.2","/lang/java/src/java/org/apache/avro/Schema.java/","org.apache.avro.Schema.UnionSchema","0","0","1","0","5","6","yes"
"avro","release-1.3.2","/lang/java/src/java/org/apache/avro/tool/BinaryFragmentToJsonTool.java/","org.apache.avro.tool.BinaryFragmentToJsonTool","0","0","1","1","2","4","no"
"avro","release-1.3.2","/lang/java/src/java/org/apache/avro/io/parsing/Symbol.java/","org.apache.avro.io.parsing.Symbol.Fixup","0","0","0","0","1","1","no"
"avro","release-1.3.2","/lang/java/src/java/org/apache/avro/ipc/stats/Histogram.java/","org.apache.avro.ipc.stats.Histogram","0","0","1","0","4","5","no"
"avro","release-1.3.2","/lang/java/src/java/org/apache/avro/specific/SpecificRecord.java/","org.apache.avro.specific.SpecificRecord","0","0","0","0","0","0","no"
"avro","release-1.3.2","/lang/java/src/java/org/apache/avro/io/parsing/SkipParser.java/","org.apache.avro.io.parsing.SkipParser.SkipHandler","0","0","0","0","0","0","no"
"avro","release-1.3.2","/lang/java/src/java/org/apache/avro/ipc/stats/Stopwatch.java/","org.apache.avro.ipc.stats.Stopwatch.SystemTicks","0","0","1","0","0","1","no"
"avro","release-1.3.2","/lang/java/src/java/org/apache/avro/io/parsing/ValidatingGrammarGenerator.java/","org.apache.avro.io.parsing.ValidatingGrammarGenerator.LitS","0","0","1","0","2","3","no"
"avro","release-1.3.2","/lang/java/src/java/org/apache/avro/io/BinaryDecoder.java/","org.apache.avro.io.BinaryDecoder.InputStreamByteSource","0","1","1","0","4","6","no"
"avro","release-1.3.1","/lang/java/src/java/org/apache/avro/ipc/ByteBufferOutputStream.java/","org.apache.avro.ipc.ByteBufferOutputStream","0","0","1","0","4","5","no"
"avro","release-1.3.1","/lang/java/src/java/org/apache/avro/io/ResolvingDecoder.java/","org.apache.avro.io.ResolvingDecoder","0","1","1","1","0","3","yes"
"avro","release-1.3.1","/lang/java/src/java/org/apache/avro/file/DeflateCodec.java/","org.apache.avro.file.DeflateCodec.Option","0","0","0","0","0","0","yes"
"avro","release-1.3.1","/lang/java/src/java/org/apache/avro/ipc/LocalTransceiver.java/","org.apache.avro.ipc.LocalTransceiver","0","0","1","0","0","1","no"
"avro","release-1.3.1","/lang/java/src/java/org/apache/avro/generic/GenericContainer.java/","org.apache.avro.generic.GenericContainer","0","0","0","0","0","0","no"
"avro","release-1.3.1","/lang/java/src/java/org/apache/avro/ipc/ResponderServlet.java/","org.apache.avro.ipc.ResponderServlet","0","0","1","0","0","1","no"
"avro","release-1.3.1","/lang/java/src/java/org/apache/avro/io/parsing/Symbol.java/","org.apache.avro.io.parsing.Symbol.EnumLabelsAction","0","0","1","0","0","1","no"
"avro","release-1.3.1","/lang/java/src/java/org/apache/avro/io/Decoder.java/","org.apache.avro.io.Decoder","0","1","1","0","0","2","no"
"avro","release-1.3.1","/lang/java/src/java/org/apache/avro/generic/GenericDatumWriter.java/","org.apache.avro.generic.GenericDatumWriter","0","1","1","0","0","2","no"
"avro","release-1.3.1","/lang/java/src/java/org/apache/avro/generic/GenericFixed.java/","org.apache.avro.generic.GenericFixed","0","0","0","0","0","0","no"
"avro","release-1.3.1","/lang/java/src/java/org/apache/avro/Schema.java/","org.apache.avro.Schema.FixedSchema","0","0","1","0","4","5","yes"
"avro","release-1.3.1","/lang/java/src/java/org/apache/avro/specific/SpecificData.java/","org.apache.avro.specific.SpecificData","1","1","1","0","1","4","no"
"avro","release-1.3.1","/lang/java/src/java/org/apache/avro/ipc/stats/Histogram.java/","org.apache.avro.ipc.stats.Histogram.Entry","0","0","0","0","0","0","no"
"avro","release-1.3.1","/lang/java/src/java/org/apache/avro/Schema.java/","org.apache.avro.Schema.RecordSchema","0","1","1","0","6","8","yes"
"avro","release-1.3.1","/lang/java/src/java/org/apache/avro/specific/SpecificDatumWriter.java/","org.apache.avro.specific.SpecificDatumWriter","0","0","1","0","0","1","no"
"avro","release-1.3.1","/lang/java/src/java/org/apache/avro/ipc/DatagramServer.java/","org.apache.avro.ipc.DatagramServer","0","0","1","0","2","3","no"
"avro","release-1.3.1","/lang/java/src/java/org/apache/avro/Schema.java/","org.apache.avro.Schema.MapSchema","0","0","1","0","4","5","yes"
"avro","release-1.3.1","/lang/java/src/java/org/apache/avro/io/parsing/Symbol.java/","org.apache.avro.io.parsing.Symbol.Terminal","0","0","0","0","1","1","no"
"avro","release-1.3.1","/lang/java/src/java/org/apache/avro/reflect/ReflectData.java/","org.apache.avro.reflect.ReflectData","1","1","1","0","3","6","yes"
"avro","release-1.3.1","/lang/java/src/java/org/apache/avro/io/BinaryData.java/","org.apache.avro.io.BinaryData","1","1","1","0","5","8","no"
"avro","release-1.3.1","/lang/java/src/java/org/apache/avro/Schema.java/","org.apache.avro.Schema.DoubleSchema","0","0","0","0","0","0","yes"
"avro","release-1.3.1","/lang/java/src/java/org/apache/avro/Schema.java/","org.apache.avro.Schema.LongSchema","0","0","0","0","0","0","yes"
"avro","release-1.3.1","/lang/java/src/java/org/apache/avro/ipc/Server.java/","org.apache.avro.ipc.Server","0","0","0","0","0","0","no"
"avro","release-1.3.1","/lang/java/src/java/org/apache/avro/io/parsing/Symbol.java/","org.apache.avro.io.parsing.Symbol.Kind","0","0","0","0","0","0","no"
"avro","release-1.3.1","/lang/java/src/java/org/apache/avro/SchemaParseException.java/","org.apache.avro.SchemaParseException","0","0","0","0","0","0","no"
"avro","release-1.3.1","/lang/java/src/java/org/apache/avro/io/parsing/Symbol.java/","org.apache.avro.io.parsing.Symbol","0","1","1","0","22","24","no"
"avro","release-1.3.1","/lang/java/src/java/org/apache/avro/file/SeekableFileInput.java/","org.apache.avro.file.SeekableFileInput","0","0","1","0","0","1","no"
"avro","release-1.3.1","/lang/java/src/java/org/apache/avro/Schema.java/","org.apache.avro.Schema.SeenPair","0","1","1","0","2","4","yes"
"avro","release-1.3.1","/lang/java/src/java/org/apache/avro/tool/JsonToBinaryFragmentTool.java/","org.apache.avro.tool.JsonToBinaryFragmentTool","0","0","1","1","2","4","yes"
"avro","release-1.3.1","/lang/java/src/java/org/apache/avro/ipc/stats/Stopwatch.java/","org.apache.avro.ipc.stats.Stopwatch.Ticks","0","0","0","0","0","0","no"
"avro","release-1.3.1","/lang/java/src/java/org/apache/avro/file/DeflateCodec.java/","org.apache.avro.file.DeflateCodec","0","0","1","0","0","1","yes"
"avro","release-1.3.1","/lang/java/src/java/org/apache/avro/io/parsing/JsonGrammarGenerator.java/","org.apache.avro.io.parsing.JsonGrammarGenerator","0","1","1","1","0","3","no"
"avro","release-1.3.1","/lang/java/src/java/org/apache/avro/file/NullCodec.java/","org.apache.avro.file.NullCodec.Option","0","0","0","0","0","0","no"
"avro","release-1.3.1","/lang/java/src/java/org/apache/avro/Schema.java/","org.apache.avro.Schema.Field.Order","0","0","0","0","0","0","yes"
"avro","release-1.3.1","/lang/java/src/java/org/apache/avro/io/parsing/Symbol.java/","org.apache.avro.io.parsing.Symbol.WriterUnionAction","0","0","0","0","0","0","no"
"avro","release-1.3.1","/lang/java/src/java/org/apache/avro/Schema.java/","org.apache.avro.Schema.BooleanSchema","0","0","0","0","0","0","yes"
"avro","release-1.3.1","/lang/java/src/java/org/apache/avro/io/parsing/Symbol.java/","org.apache.avro.io.parsing.Symbol.EnumAdjustAction","0","0","0","0","2","2","no"
"avro","release-1.3.1","/lang/java/src/java/org/apache/avro/io/parsing/Symbol.java/","org.apache.avro.io.parsing.Symbol.ImplicitAction","0","0","0","0","0","0","no"
"avro","release-1.3.1","/lang/java/src/java/org/apache/avro/Schema.java/","org.apache.avro.Schema.LockableArrayList","0","0","0","0","8","8","yes"
"avro","release-1.3.1","/lang/java/src/java/org/apache/avro/file/DataFileWriter.java/","org.apache.avro.file.DataFileWriter.BufferedFileOutputStream.PositionFilter","0","0","1","0","1","2","yes"
"avro","release-1.3.1","/lang/java/src/java/org/apache/avro/io/parsing/Parser.java/","org.apache.avro.io.parsing.Parser.ActionHandler","0","0","0","0","0","0","no"
"avro","release-1.3.1","/lang/java/src/java/org/apache/avro/ipc/stats/Histogram.java/","org.apache.avro.ipc.stats.Histogram.Segmenter","0","0","0","0","0","0","no"
"avro","release-1.3.1","/lang/java/src/java/org/apache/avro/ipc/HttpTransceiver.java/","org.apache.avro.ipc.HttpTransceiver","0","0","1","0","0","1","no"
"avro","release-1.3.1","/lang/java/src/java/org/apache/avro/Schema.java/","org.apache.avro.Schema.NamedSchema","0","1","1","0","7","9","yes"
"avro","release-1.3.1","/lang/java/src/java/org/apache/avro/io/BinaryDecoder.java/","org.apache.avro.io.BinaryDecoder.ByteSource","0","1","1","0","0","2","no"
"avro","release-1.3.1","/lang/java/src/java/org/apache/avro/specific/SpecificCompiler.java/","org.apache.avro.specific.SpecificCompiler.OutputFile","0","0","1","0","1","2","yes"
"avro","release-1.3.1","/lang/java/src/java/org/apache/avro/reflect/ReflectRequestor.java/","org.apache.avro.reflect.ReflectRequestor","0","0","1","0","0","1","no"
"avro","release-1.3.1","/lang/java/src/java/org/apache/avro/util/Utf8.java/","org.apache.avro.util.Utf8","0","1","1","0","6","8","no"
"avro","release-1.3.1","/lang/java/src/java/org/apache/avro/io/DecoderFactory.java/","org.apache.avro.io.DecoderFactory","0","0","1","0","1","2","no"
"avro","release-1.3.1","/lang/java/src/java/org/apache/avro/io/DatumReader.java/","org.apache.avro.io.DatumReader","0","0","0","0","0","0","no"
"avro","release-1.3.1","/lang/java/src/java/org/apache/avro/AvroTypeException.java/","org.apache.avro.AvroTypeException","0","0","0","0","0","0","no"
"avro","release-1.3.1","/lang/java/src/java/org/apache/avro/ipc/Transceiver.java/","org.apache.avro.ipc.Transceiver","0","0","0","0","1","1","no"
"avro","release-1.3.1","/lang/java/src/java/org/apache/avro/file/CodecFactory.java/","org.apache.avro.file.CodecFactory","0","0","1","0","0","1","no"
"avro","release-1.3.1","/lang/java/src/java/org/apache/avro/reflect/ReflectDatumWriter.java/","org.apache.avro.reflect.ReflectDatumWriter","0","0","1","0","5","6","no"
"avro","release-1.3.1","/lang/java/src/java/org/apache/avro/reflect/Nullable.java/","org.apache.avro.reflect.Nullable","0","0","0","0","0","0","no"
"avro","release-1.3.1","/lang/java/src/java/org/apache/avro/file/DataFileReader.java/","org.apache.avro.file.DataFileReader","0","0","1","0","1","2","yes"
"avro","release-1.3.1","/lang/java/src/java/org/apache/avro/ipc/Responder.java/","org.apache.avro.ipc.Responder","1","1","1","0","0","3","yes"
"avro","release-1.3.1","/lang/java/src/java/org/apache/avro/generic/GenericArray.java/","org.apache.avro.generic.GenericArray","0","0","0","0","0","0","no"
"avro","release-1.3.1","/lang/java/src/java/org/apache/avro/specific/SpecificCompiler.java/","org.apache.avro.specific.SpecificCompiler","1","1","1","0","4","7","yes"
"avro","release-1.3.1","/lang/java/src/java/org/apache/avro/ipc/DatagramTransceiver.java/","org.apache.avro.ipc.DatagramTransceiver","0","0","1","0","2","3","no"
"avro","release-1.3.1","/lang/java/src/java/org/apache/avro/Schema.java/","org.apache.avro.Schema.BytesSchema","0","0","0","0","0","0","yes"
"avro","release-1.3.1","/lang/java/src/java/org/apache/avro/io/BinaryEncoder.java/","org.apache.avro.io.BinaryEncoder.ReuseByteWriter","0","0","1","0","0","1","no"
"avro","release-1.3.1","/lang/java/src/java/org/apache/avro/generic/GenericData.java/","org.apache.avro.generic.GenericData.Record","0","0","1","0","0","1","no"
"avro","release-1.3.1","/lang/java/src/java/org/apache/avro/specific/SpecificResponder.java/","org.apache.avro.specific.SpecificResponder","0","0","1","0","0","1","no"
"avro","release-1.3.1","/lang/java/src/java/org/apache/avro/io/parsing/Symbol.java/","org.apache.avro.io.parsing.Symbol.SkipAction","0","0","1","0","0","1","no"
"avro","release-1.3.1","/lang/java/src/java/org/apache/avro/file/SeekableInput.java/","org.apache.avro.file.SeekableInput","0","0","0","0","0","0","no"
"avro","release-1.3.1","/lang/java/src/java/org/apache/avro/ipc/stats/StatsPlugin.java/","org.apache.avro.ipc.stats.StatsPlugin","0","0","1","0","0","1","no"
"avro","release-1.3.1","/lang/java/src/java/org/apache/avro/ipc/SocketServer.java/","org.apache.avro.ipc.SocketServer.Connection","0","0","1","0","1","2","no"
"avro","release-1.3.1","/lang/java/src/java/org/apache/avro/reflect/ReflectData.java/","org.apache.avro.reflect.ReflectData.AllowNull","0","0","0","0","1","1","yes"
"avro","release-1.3.1","/lang/java/src/java/org/apache/avro/specific/SpecificFixed.java/","org.apache.avro.specific.SpecificFixed","0","0","0","0","0","0","no"
"avro","release-1.3.1","/lang/java/src/java/org/apache/avro/Schema.java/","org.apache.avro.Schema.IntSchema","0","0","0","0","0","0","yes"
"avro","release-1.3.1","/lang/java/src/java/org/apache/avro/generic/IndexedRecord.java/","org.apache.avro.generic.IndexedRecord","0","0","0","0","0","0","no"
"avro","release-1.3.1","/lang/java/src/java/org/apache/avro/tool/GenAvroTool.java/","org.apache.avro.tool.GenAvroTool","0","0","1","0","3","4","no"
"avro","release-1.3.1","/lang/java/src/java/org/apache/avro/io/parsing/Symbol.java/","org.apache.avro.io.parsing.Symbol.UnionAdjustAction","0","0","1","0","0","1","no"
"avro","release-1.3.1","/lang/java/src/java/org/apache/avro/Schema.java/","org.apache.avro.Schema.ArraySchema","0","0","1","0","4","5","yes"
"avro","release-1.3.1","/lang/java/src/java/org/apache/avro/tool/RpcSendTool.java/","org.apache.avro.tool.RpcSendTool","0","0","1","1","1","3","no"
"avro","release-1.3.1","/lang/java/src/java/org/apache/avro/io/DirectBinaryDecoder.java/","org.apache.avro.io.DirectBinaryDecoder.ByteReader","0","0","1","1","0","2","no"
"avro","release-1.3.1","/lang/java/src/java/org/apache/avro/ipc/SocketServer.java/","org.apache.avro.ipc.SocketServer","0","0","1","0","5","6","no"
"avro","release-1.3.1","/lang/java/src/java/org/apache/avro/file/DataFileStream.java/","org.apache.avro.file.DataFileStream.DataBlock","0","0","0","0","0","0","yes"
"avro","release-1.3.1","/lang/java/src/java/org/apache/avro/specific/SpecificCompiler.java/","org.apache.avro.specific.SpecificCompiler.SpecificCompilerTool","0","0","1","0","2","3","yes"
"avro","release-1.3.1","/lang/java/src/java/org/apache/avro/specific/ProtocolTask.java/","org.apache.avro.specific.ProtocolTask","0","0","1","0","4","5","no"
"avro","release-1.3.1","/lang/java/src/java/org/apache/avro/ipc/SocketTransceiver.java/","org.apache.avro.ipc.SocketTransceiver","0","0","1","0","2","3","no"
"avro","release-1.3.1","/lang/java/src/java/org/apache/avro/io/BlockingBinaryEncoder.java/","org.apache.avro.io.BlockingBinaryEncoder","1","1","1","0","2","5","no"
"avro","release-1.3.1","/lang/java/src/java/org/apache/avro/reflect/Stringable.java/","org.apache.avro.reflect.Stringable","0","0","0","0","0","0","no"
"avro","release-1.3.1","/lang/java/src/java/org/apache/avro/io/parsing/Symbol.java/","org.apache.avro.io.parsing.Symbol.Alternative","0","1","1","0","1","3","no"
"avro","release-1.3.1","/lang/java/src/java/org/apache/avro/io/parsing/Symbol.java/","org.apache.avro.io.parsing.Symbol.Root","0","0","0","0","1","1","no"
"avro","release-1.3.1","/lang/java/src/java/org/apache/avro/file/DataFileStream.java/","org.apache.avro.file.DataFileStream","0","1","1","0","7","9","yes"
"avro","release-1.3.1","/lang/java/src/java/org/apache/avro/ipc/ByteBufferInputStream.java/","org.apache.avro.ipc.ByteBufferInputStream","0","0","1","0","2","3","no"
"avro","release-1.3.1","/lang/java/src/java/org/apache/avro/io/JsonDecoder.java/","org.apache.avro.io.JsonDecoder","0","1","1","1","0","3","no"
"avro","release-1.3.1","/lang/java/src/java/org/apache/avro/specific/SchemaTask.java/","org.apache.avro.specific.SchemaTask","0","0","1","0","0","1","no"
"avro","release-1.3.1","/lang/java/src/java/org/apache/avro/tool/DataFileGetSchemaTool.java/","org.apache.avro.tool.DataFileGetSchemaTool","0","0","1","0","0","1","no"
"avro","release-1.3.1","/lang/java/src/java/org/apache/avro/file/Codec.java/","org.apache.avro.file.Codec","0","0","0","0","0","0","no"
"avro","release-1.3.1","/lang/java/src/java/org/apache/avro/generic/GenericRequestor.java/","org.apache.avro.generic.GenericRequestor","0","0","1","0","0","1","yes"
"avro","release-1.3.1","/lang/java/src/java/org/apache/avro/specific/SpecificRecordBase.java/","org.apache.avro.specific.SpecificRecordBase","0","0","1","0","0","1","no"
"avro","release-1.3.1","/lang/java/src/java/org/apache/avro/io/parsing/ResolvingGrammarGenerator.java/","org.apache.avro.io.parsing.ResolvingGrammarGenerator","1","1","1","1","9","13","yes"
"avro","release-1.3.1","/lang/java/src/java/org/apache/avro/tool/Main.java/","org.apache.avro.tool.Main","0","1","1","0","6","8","no"
"avro","release-1.3.1","/lang/java/src/java/org/apache/avro/ipc/stats/Stopwatch.java/","org.apache.avro.ipc.stats.Stopwatch","0","0","1","0","0","1","no"
"avro","release-1.3.1","/lang/java/src/java/org/apache/avro/tool/DataFileWriteTool.java/","org.apache.avro.tool.DataFileWriteTool","0","0","1","0","1","2","no"
"avro","release-1.3.1","/lang/java/src/java/org/apache/avro/io/parsing/Symbol.java/","org.apache.avro.io.parsing.Symbol.Repeater","0","0","1","0","1","2","no"
"avro","release-1.3.1","/lang/java/src/java/org/apache/avro/io/BinaryDecoder.java/","org.apache.avro.io.BinaryDecoder.ByteArrayByteSource","0","1","1","0","0","2","no"
"avro","release-1.3.1","/lang/java/src/java/org/apache/avro/ipc/AvroRemoteException.java/","org.apache.avro.ipc.AvroRemoteException","0","0","0","0","0","0","no"
"avro","release-1.3.1","/lang/java/src/java/org/apache/avro/Schema.java/","org.apache.avro.Schema.Names","0","0","1","0","0","1","yes"
"avro","release-1.3.1","/lang/java/src/java/org/apache/avro/io/ParsingDecoder.java/","org.apache.avro.io.ParsingDecoder","0","1","1","0","0","2","no"
"avro","release-1.3.1","/lang/java/src/java/org/apache/avro/generic/GenericData.java/","org.apache.avro.generic.GenericData.Array","0","0","1","0","7","8","no"
"avro","release-1.3.1","/lang/java/src/java/org/apache/avro/Schema.java/","org.apache.avro.Schema.Name","0","1","1","0","4","6","yes"
"avro","release-1.3.1","/lang/java/src/java/org/apache/avro/ipc/HttpServer.java/","org.apache.avro.ipc.HttpServer","0","0","1","0","0","1","no"
"avro","release-1.3.1","/lang/java/src/java/org/apache/avro/file/NullCodec.java/","org.apache.avro.file.NullCodec","0","0","1","0","0","1","no"
"avro","release-1.3.1","/lang/java/src/java/org/apache/avro/Schema.java/","org.apache.avro.Schema.FloatSchema","0","0","0","0","0","0","yes"
"avro","release-1.3.1","/lang/java/src/java/org/apache/avro/Protocol.java/","org.apache.avro.Protocol","0","1","1","0","8","10","no"
"avro","release-1.3.1","/lang/java/src/java/org/apache/avro/reflect/ReflectResponder.java/","org.apache.avro.reflect.ReflectResponder","0","0","0","0","0","0","yes"
"avro","release-1.3.1","/lang/java/src/java/org/apache/avro/io/BinaryEncoder.java/","org.apache.avro.io.BinaryEncoder.ByteWriter","0","0","0","0","0","0","no"
"avro","release-1.3.1","/lang/java/src/java/org/apache/avro/tool/Util.java/","org.apache.avro.tool.Util","0","0","1","0","1","2","no"
"avro","release-1.3.1","/lang/java/src/java/org/apache/avro/reflect/Union.java/","org.apache.avro.reflect.Union","0","0","0","0","0","0","no"
"avro","release-1.3.1","/lang/java/src/java/org/apache/avro/generic/GenericData.java/","org.apache.avro.generic.GenericData","1","1","1","1","13","17","no"
"avro","release-1.3.1","/lang/java/src/java/org/apache/avro/io/BinaryEncoder.java/","org.apache.avro.io.BinaryEncoder","0","1","1","1","5","8","no"
"avro","release-1.3.1","/lang/java/src/java/org/apache/avro/ipc/stats/Histogram.java/","org.apache.avro.ipc.stats.Histogram.EntryIterator","0","0","1","0","0","1","no"
"avro","release-1.3.1","/lang/java/src/java/org/apache/avro/tool/DataFileReadTool.java/","org.apache.avro.tool.DataFileReadTool","0","0","1","0","0","1","no"
"avro","release-1.3.1","/lang/java/src/java/org/apache/avro/tool/Tool.java/","org.apache.avro.tool.Tool","0","0","0","0","0","0","no"
"avro","release-1.3.1","/lang/java/src/java/org/apache/avro/ipc/RPCContext.java/","org.apache.avro.ipc.RPCContext","0","0","0","0","2","2","yes"
"avro","release-1.3.1","/lang/java/src/java/org/apache/avro/io/BinaryData.java/","org.apache.avro.io.BinaryData.Decoders","0","1","0","0","2","3","no"
"avro","release-1.3.1","/lang/java/src/java/org/apache/avro/io/parsing/Symbol.java/","org.apache.avro.io.parsing.Symbol.Sequence","0","1","1","0","5","7","no"
"avro","release-1.3.1","/lang/java/src/java/org/apache/avro/tool/RpcReceiveTool.java/","org.apache.avro.tool.RpcReceiveTool","0","0","1","1","2","4","no"
"avro","release-1.3.1","/lang/java/src/java/org/apache/avro/ipc/stats/StatsServlet.java/","org.apache.avro.ipc.stats.StatsServlet","0","1","1","0","0","2","no"
"avro","release-1.3.1","/lang/java/src/java/org/apache/avro/io/parsing/Symbol.java/","org.apache.avro.io.parsing.Symbol.FieldOrderAction","0","0","0","0","2","2","no"
"avro","release-1.3.1","/lang/java/src/java/org/apache/avro/file/DataFileWriter.java/","org.apache.avro.file.DataFileWriter","0","1","1","0","3","5","yes"
"avro","release-1.3.1","/lang/java/src/java/org/apache/avro/io/ValidatingEncoder.java/","org.apache.avro.io.ValidatingEncoder","0","1","1","0","0","2","no"
"avro","release-1.3.1","/lang/java/src/java/org/apache/avro/io/parsing/SkipParser.java/","org.apache.avro.io.parsing.SkipParser","0","1","1","0","0","2","no"
"avro","release-1.3.1","/lang/java/src/java/org/apache/avro/file/DataFileWriter.java/","org.apache.avro.file.DataFileWriter.BufferedFileOutputStream","0","0","0","0","1","1","yes"
"avro","release-1.3.1","/lang/java/src/java/org/apache/avro/io/DatumWriter.java/","org.apache.avro.io.DatumWriter","0","0","0","0","0","0","no"
"avro","release-1.3.1","/lang/java/src/java/org/apache/avro/Schema.java/","org.apache.avro.Schema.Field","0","1","1","0","2","4","yes"
"avro","release-1.3.1","/lang/java/src/java/org/apache/avro/io/parsing/Symbol.java/","org.apache.avro.io.parsing.Symbol.DefaultStartAction","0","0","0","0","1","1","no"
"avro","release-1.3.1","/lang/java/src/java/org/apache/avro/Schema.java/","org.apache.avro.Schema.EnumSchema","0","0","1","0","7","8","yes"
"avro","release-1.3.1","/lang/java/src/java/org/apache/avro/AvroRuntimeException.java/","org.apache.avro.AvroRuntimeException","0","0","0","0","0","0","no"
"avro","release-1.3.1","/lang/java/src/java/org/apache/avro/file/LengthLimitedInputStream.java/","org.apache.avro.file.LengthLimitedInputStream","0","0","1","0","1","2","no"
"avro","release-1.3.1","/lang/java/src/java/org/apache/avro/file/DataFileConstants.java/","org.apache.avro.file.DataFileConstants","0","0","0","0","0","0","no"
"avro","release-1.3.1","/lang/java/src/java/org/apache/avro/generic/GenericDatumReader.java/","org.apache.avro.generic.GenericDatumReader","0","1","1","0","0","2","yes"
"avro","release-1.3.1","/lang/java/src/java/org/apache/avro/file/DataFileReader.java/","org.apache.avro.file.DataFileReader.SeekableInputStream","0","0","1","0","0","1","yes"
"avro","release-1.3.1","/lang/java/src/java/org/apache/avro/Schema.java/","org.apache.avro.Schema.StringSchema","0","0","0","0","0","0","yes"
"avro","release-1.3.1","/lang/java/src/java/org/apache/avro/generic/GenericResponder.java/","org.apache.avro.generic.GenericResponder","0","0","1","0","1","2","no"
"avro","release-1.3.1","/lang/java/src/java/org/apache/avro/Protocol.java/","org.apache.avro.Protocol.Message","0","1","1","0","3","5","no"
"avro","release-1.3.1","/lang/java/src/java/org/apache/avro/io/ParsingEncoder.java/","org.apache.avro.io.ParsingEncoder","0","0","1","0","0","1","no"
"avro","release-1.3.1","/lang/java/src/java/org/apache/avro/io/BlockingBinaryEncoder.java/","org.apache.avro.io.BlockingBinaryEncoder.BlockedValue","0","1","1","0","0","2","no"
"avro","release-1.3.1","/lang/java/src/java/org/apache/avro/ipc/stats/Histogram.java/","org.apache.avro.ipc.stats.Histogram.TreeMapSegmenter","0","0","1","0","2","3","no"
"avro","release-1.3.1","/lang/java/src/java/org/apache/avro/io/parsing/Symbol.java/","org.apache.avro.io.parsing.Symbol.IntCheckAction","0","0","0","0","0","0","no"
"avro","release-1.3.1","/lang/java/src/java/org/apache/avro/io/DirectBinaryDecoder.java/","org.apache.avro.io.DirectBinaryDecoder","0","1","1","0","3","5","no"
"avro","release-1.3.1","/lang/java/src/java/org/apache/avro/io/BinaryDecoder.java/","org.apache.avro.io.BinaryDecoder.BufferAccessor","0","1","1","0","2","4","no"
"avro","release-1.3.1","/lang/java/src/java/org/apache/avro/generic/GenericRecord.java/","org.apache.avro.generic.GenericRecord","0","0","0","0","0","0","no"
"avro","release-1.3.1","/lang/java/src/java/org/apache/avro/io/parsing/ResolvingGrammarGenerator.java/","org.apache.avro.io.parsing.ResolvingGrammarGenerator.LitS2","0","0","1","0","2","3","yes"
"avro","release-1.3.1","/lang/java/src/java/org/apache/avro/Schema.java/","org.apache.avro.Schema","1","1","1","0","75","78","yes"
"avro","release-1.3.1","/lang/java/src/java/org/apache/avro/io/parsing/Symbol.java/","org.apache.avro.io.parsing.Symbol.ResolvingAction","0","0","1","0","0","1","no"
"avro","release-1.3.1","/lang/java/src/java/org/apache/avro/specific/SpecificRequestor.java/","org.apache.avro.specific.SpecificRequestor","0","0","1","0","0","1","yes"
"avro","release-1.3.1","/lang/java/src/java/org/apache/avro/ipc/stats/Histogram.java/","org.apache.avro.ipc.stats.Histogram.SegmenterException","0","0","0","0","0","0","no"
"avro","release-1.3.1","/lang/java/src/java/org/apache/avro/ipc/stats/FloatHistogram.java/","org.apache.avro.ipc.stats.FloatHistogram","0","0","1","0","0","1","no"
"avro","release-1.3.1","/lang/java/src/java/org/apache/avro/file/DataFileWriter.java/","org.apache.avro.file.DataFileWriter.NonCopyingByteArrayOutputStream","0","0","1","0","0","1","yes"
"avro","release-1.3.1","/lang/java/src/java/org/apache/avro/io/parsing/Symbol.java/","org.apache.avro.io.parsing.Symbol.FieldAdjustAction","0","0","0","0","0","0","no"
"avro","release-1.3.1","/lang/java/src/java/org/apache/avro/specific/SpecificDatumReader.java/","org.apache.avro.specific.SpecificDatumReader","0","0","1","0","0","1","no"
"avro","release-1.3.1","/lang/java/src/java/org/apache/avro/Schema.java/","org.apache.avro.Schema.Type","0","0","0","0","0","0","yes"
"avro","release-1.3.1","/lang/java/src/java/org/apache/avro/io/DecoderFactory.java/","org.apache.avro.io.DecoderFactory.DefaultDecoderFactory","0","0","0","0","0","0","no"
"avro","release-1.3.1","/lang/java/src/java/org/apache/avro/ipc/RPCPlugin.java/","org.apache.avro.ipc.RPCPlugin","0","0","0","0","0","0","no"
"avro","release-1.3.1","/lang/java/src/java/org/apache/avro/io/BlockingBinaryEncoder.java/","org.apache.avro.io.BlockingBinaryEncoder.BlockedValue.State","0","0","0","0","0","0","no"
"avro","release-1.3.1","/lang/java/src/java/org/apache/avro/specific/SpecificExceptionBase.java/","org.apache.avro.specific.SpecificExceptionBase","0","0","1","0","2","3","no"
"avro","release-1.3.1","/lang/java/src/java/org/apache/avro/Schema.java/","org.apache.avro.Schema.NullSchema","0","0","0","0","0","0","yes"
"avro","release-1.3.1","/lang/java/src/java/org/apache/avro/reflect/ReflectDatumReader.java/","org.apache.avro.reflect.ReflectDatumReader","0","0","1","0","0","1","no"
"avro","release-1.3.1","/lang/java/src/java/org/apache/avro/io/parsing/ValidatingGrammarGenerator.java/","org.apache.avro.io.parsing.ValidatingGrammarGenerator","1","1","1","1","2","6","no"
"avro","release-1.3.1","/lang/java/src/java/org/apache/avro/io/Encoder.java/","org.apache.avro.io.Encoder","0","1","1","0","0","2","no"
"avro","release-1.3.1","/lang/java/src/java/org/apache/avro/generic/GenericData.java/","org.apache.avro.generic.GenericData.Fixed","0","1","1","0","6","8","no"
"avro","release-1.3.1","/lang/java/src/java/org/apache/avro/io/BlockingBinaryEncoder.java/","org.apache.avro.io.BlockingBinaryEncoder.EncoderBuffer","0","0","0","0","1","1","no"
"avro","release-1.3.1","/lang/java/src/java/org/apache/avro/io/DirectBinaryDecoder.java/","org.apache.avro.io.DirectBinaryDecoder.ReuseByteReader","0","0","0","0","0","0","no"
"avro","release-1.3.1","/lang/java/src/java/org/apache/avro/io/ValidatingDecoder.java/","org.apache.avro.io.ValidatingDecoder","0","1","1","0","2","4","no"
"avro","release-1.3.1","/lang/java/src/java/org/apache/avro/specific/FixedSize.java/","org.apache.avro.specific.FixedSize","0","0","0","0","0","0","no"
"avro","release-1.3.1","/lang/java/src/java/org/apache/avro/ipc/Requestor.java/","org.apache.avro.ipc.Requestor","1","1","1","0","0","3","yes"
"avro","release-1.3.1","/lang/java/src/java/org/apache/avro/tool/RpcReceiveTool.java/","org.apache.avro.tool.RpcReceiveTool.SinkResponder","0","0","1","0","1","2","no"
"avro","release-1.3.1","/lang/java/src/java/org/apache/avro/io/parsing/Parser.java/","org.apache.avro.io.parsing.Parser","0","1","1","0","0","2","no"
"avro","release-1.3.1","/lang/java/src/java/org/apache/avro/reflect/InduceSchemaTool.java/","org.apache.avro.reflect.InduceSchemaTool","0","0","1","0","4","5","no"
"avro","release-1.3.1","/lang/java/src/java/org/apache/avro/io/parsing/Symbol.java/","org.apache.avro.io.parsing.Symbol.ErrorAction","0","0","0","0","0","0","no"
"avro","release-1.3.1","/lang/java/src/java/org/apache/avro/io/JsonEncoder.java/","org.apache.avro.io.JsonEncoder","0","1","1","0","0","2","no"
"avro","release-1.3.1","/lang/java/src/java/org/apache/avro/io/BinaryEncoder.java/","org.apache.avro.io.BinaryEncoder.SimpleByteWriter","0","0","1","0","0","1","no"
"avro","release-1.3.1","/lang/java/src/java/org/apache/avro/io/BinaryDecoder.java/","org.apache.avro.io.BinaryDecoder","1","1","1","1","11","15","no"
"avro","release-1.3.1","/lang/java/src/java/org/apache/avro/Schema.java/","org.apache.avro.Schema.UnionSchema","0","0","1","0","5","6","yes"
"avro","release-1.3.1","/lang/java/src/java/org/apache/avro/tool/BinaryFragmentToJsonTool.java/","org.apache.avro.tool.BinaryFragmentToJsonTool","0","0","1","1","2","4","no"
"avro","release-1.3.1","/lang/java/src/java/org/apache/avro/io/parsing/Symbol.java/","org.apache.avro.io.parsing.Symbol.Fixup","0","0","0","0","1","1","no"
"avro","release-1.3.1","/lang/java/src/java/org/apache/avro/ipc/stats/Histogram.java/","org.apache.avro.ipc.stats.Histogram","0","0","1","0","4","5","no"
"avro","release-1.3.1","/lang/java/src/java/org/apache/avro/specific/SpecificRecord.java/","org.apache.avro.specific.SpecificRecord","0","0","0","0","0","0","no"
"avro","release-1.3.1","/lang/java/src/java/org/apache/avro/io/parsing/SkipParser.java/","org.apache.avro.io.parsing.SkipParser.SkipHandler","0","0","0","0","0","0","no"
"avro","release-1.3.1","/lang/java/src/java/org/apache/avro/ipc/stats/Stopwatch.java/","org.apache.avro.ipc.stats.Stopwatch.SystemTicks","0","0","1","0","0","1","no"
"avro","release-1.3.1","/lang/java/src/java/org/apache/avro/io/parsing/ValidatingGrammarGenerator.java/","org.apache.avro.io.parsing.ValidatingGrammarGenerator.LitS","0","0","1","0","2","3","no"
"avro","release-1.3.1","/lang/java/src/java/org/apache/avro/io/BinaryDecoder.java/","org.apache.avro.io.BinaryDecoder.InputStreamByteSource","0","1","1","0","4","6","no"
"avro","release-1.3.0","/lang/java/src/java/org/apache/avro/ipc/ByteBufferOutputStream.java/","org.apache.avro.ipc.ByteBufferOutputStream","0","0","1","0","4","5","no"
"avro","release-1.3.0","/lang/java/src/java/org/apache/avro/io/ResolvingDecoder.java/","org.apache.avro.io.ResolvingDecoder","0","1","1","1","0","3","yes"
"avro","release-1.3.0","/lang/java/src/java/org/apache/avro/file/DeflateCodec.java/","org.apache.avro.file.DeflateCodec.Option","0","0","0","0","0","0","yes"
"avro","release-1.3.0","/lang/java/src/java/org/apache/avro/ipc/LocalTransceiver.java/","org.apache.avro.ipc.LocalTransceiver","0","0","1","0","0","1","no"
"avro","release-1.3.0","/lang/java/src/java/org/apache/avro/generic/GenericContainer.java/","org.apache.avro.generic.GenericContainer","0","0","0","0","0","0","no"
"avro","release-1.3.0","/lang/java/src/java/org/apache/avro/ipc/ResponderServlet.java/","org.apache.avro.ipc.ResponderServlet","0","0","1","0","0","1","no"
"avro","release-1.3.0","/lang/java/src/java/org/apache/avro/io/parsing/Symbol.java/","org.apache.avro.io.parsing.Symbol.EnumLabelsAction","0","0","1","0","0","1","no"
"avro","release-1.3.0","/lang/java/src/java/org/apache/avro/io/Decoder.java/","org.apache.avro.io.Decoder","0","1","1","0","0","2","no"
"avro","release-1.3.0","/lang/java/src/java/org/apache/avro/generic/GenericDatumWriter.java/","org.apache.avro.generic.GenericDatumWriter","0","1","1","0","0","2","no"
"avro","release-1.3.0","/lang/java/src/java/org/apache/avro/generic/GenericFixed.java/","org.apache.avro.generic.GenericFixed","0","0","0","0","0","0","no"
"avro","release-1.3.0","/lang/java/src/java/org/apache/avro/Schema.java/","org.apache.avro.Schema.FixedSchema","0","0","1","0","4","5","yes"
"avro","release-1.3.0","/lang/java/src/java/org/apache/avro/specific/SpecificData.java/","org.apache.avro.specific.SpecificData","1","1","1","0","2","5","no"
"avro","release-1.3.0","/lang/java/src/java/org/apache/avro/ipc/stats/Histogram.java/","org.apache.avro.ipc.stats.Histogram.Entry","0","0","0","0","0","0","no"
"avro","release-1.3.0","/lang/java/src/java/org/apache/avro/Schema.java/","org.apache.avro.Schema.RecordSchema","0","1","1","0","6","8","yes"
"avro","release-1.3.0","/lang/java/src/java/org/apache/avro/specific/SpecificDatumWriter.java/","org.apache.avro.specific.SpecificDatumWriter","0","0","1","0","0","1","no"
"avro","release-1.3.0","/lang/java/src/java/org/apache/avro/ipc/DatagramServer.java/","org.apache.avro.ipc.DatagramServer","0","0","1","0","2","3","no"
"avro","release-1.3.0","/lang/java/src/java/org/apache/avro/Schema.java/","org.apache.avro.Schema.MapSchema","0","0","1","0","4","5","yes"
"avro","release-1.3.0","/lang/java/src/java/org/apache/avro/io/parsing/Symbol.java/","org.apache.avro.io.parsing.Symbol.Terminal","0","0","0","0","1","1","no"
"avro","release-1.3.0","/lang/java/src/java/org/apache/avro/reflect/ReflectData.java/","org.apache.avro.reflect.ReflectData","1","1","1","0","4","7","yes"
"avro","release-1.3.0","/lang/java/src/java/org/apache/avro/io/BinaryData.java/","org.apache.avro.io.BinaryData","1","1","1","0","5","8","no"
"avro","release-1.3.0","/lang/java/src/java/org/apache/avro/Schema.java/","org.apache.avro.Schema.DoubleSchema","0","0","0","0","0","0","yes"
"avro","release-1.3.0","/lang/java/src/java/org/apache/avro/Schema.java/","org.apache.avro.Schema.LongSchema","0","0","0","0","0","0","yes"
"avro","release-1.3.0","/lang/java/src/java/org/apache/avro/ipc/Server.java/","org.apache.avro.ipc.Server","0","0","0","0","0","0","no"
"avro","release-1.3.0","/lang/java/src/java/org/apache/avro/io/parsing/Symbol.java/","org.apache.avro.io.parsing.Symbol.Kind","0","0","0","0","0","0","no"
"avro","release-1.3.0","/lang/java/src/java/org/apache/avro/SchemaParseException.java/","org.apache.avro.SchemaParseException","0","0","0","0","0","0","no"
"avro","release-1.3.0","/lang/java/src/java/org/apache/avro/io/parsing/Symbol.java/","org.apache.avro.io.parsing.Symbol","0","1","1","0","22","24","no"
"avro","release-1.3.0","/lang/java/src/java/org/apache/avro/file/SeekableFileInput.java/","org.apache.avro.file.SeekableFileInput","0","0","1","0","0","1","no"
"avro","release-1.3.0","/lang/java/src/java/org/apache/avro/Schema.java/","org.apache.avro.Schema.SeenPair","0","1","1","0","2","4","yes"
"avro","release-1.3.0","/lang/java/src/java/org/apache/avro/tool/JsonToBinaryFragmentTool.java/","org.apache.avro.tool.JsonToBinaryFragmentTool","0","0","1","1","2","4","yes"
"avro","release-1.3.0","/lang/java/src/java/org/apache/avro/ipc/stats/Stopwatch.java/","org.apache.avro.ipc.stats.Stopwatch.Ticks","0","0","0","0","0","0","no"
"avro","release-1.3.0","/lang/java/src/java/org/apache/avro/file/DeflateCodec.java/","org.apache.avro.file.DeflateCodec","0","0","1","0","0","1","yes"
"avro","release-1.3.0","/lang/java/src/java/org/apache/avro/io/parsing/JsonGrammarGenerator.java/","org.apache.avro.io.parsing.JsonGrammarGenerator","0","1","1","1","0","3","no"
"avro","release-1.3.0","/lang/java/src/java/org/apache/avro/file/NullCodec.java/","org.apache.avro.file.NullCodec.Option","0","0","0","0","0","0","no"
"avro","release-1.3.0","/lang/java/src/java/org/apache/avro/Schema.java/","org.apache.avro.Schema.Field.Order","0","0","0","0","0","0","yes"
"avro","release-1.3.0","/lang/java/src/java/org/apache/avro/io/parsing/Symbol.java/","org.apache.avro.io.parsing.Symbol.WriterUnionAction","0","0","0","0","0","0","no"
"avro","release-1.3.0","/lang/java/src/java/org/apache/avro/Schema.java/","org.apache.avro.Schema.BooleanSchema","0","0","0","0","0","0","yes"
"avro","release-1.3.0","/lang/java/src/java/org/apache/avro/io/parsing/Symbol.java/","org.apache.avro.io.parsing.Symbol.EnumAdjustAction","0","0","0","0","2","2","no"
"avro","release-1.3.0","/lang/java/src/java/org/apache/avro/io/parsing/Symbol.java/","org.apache.avro.io.parsing.Symbol.ImplicitAction","0","0","0","0","0","0","no"
"avro","release-1.3.0","/lang/java/src/java/org/apache/avro/Schema.java/","org.apache.avro.Schema.LockableArrayList","0","0","0","0","8","8","yes"
"avro","release-1.3.0","/lang/java/src/java/org/apache/avro/file/DataFileWriter.java/","org.apache.avro.file.DataFileWriter.BufferedFileOutputStream.PositionFilter","0","0","1","0","1","2","yes"
"avro","release-1.3.0","/lang/java/src/java/org/apache/avro/io/parsing/Parser.java/","org.apache.avro.io.parsing.Parser.ActionHandler","0","0","0","0","0","0","no"
"avro","release-1.3.0","/lang/java/src/java/org/apache/avro/ipc/stats/Histogram.java/","org.apache.avro.ipc.stats.Histogram.Segmenter","0","0","0","0","0","0","no"
"avro","release-1.3.0","/lang/java/src/java/org/apache/avro/ipc/HttpTransceiver.java/","org.apache.avro.ipc.HttpTransceiver","0","0","1","0","0","1","no"
"avro","release-1.3.0","/lang/java/src/java/org/apache/avro/Schema.java/","org.apache.avro.Schema.NamedSchema","0","1","1","0","7","9","yes"
"avro","release-1.3.0","/lang/java/src/java/org/apache/avro/io/BinaryDecoder.java/","org.apache.avro.io.BinaryDecoder.ByteSource","0","1","1","0","0","2","no"
"avro","release-1.3.0","/lang/java/src/java/org/apache/avro/specific/SpecificCompiler.java/","org.apache.avro.specific.SpecificCompiler.OutputFile","0","0","1","0","1","2","yes"
"avro","release-1.3.0","/lang/java/src/java/org/apache/avro/reflect/ReflectRequestor.java/","org.apache.avro.reflect.ReflectRequestor","0","0","1","0","0","1","no"
"avro","release-1.3.0","/lang/java/src/java/org/apache/avro/util/Utf8.java/","org.apache.avro.util.Utf8","0","1","1","0","6","8","no"
"avro","release-1.3.0","/lang/java/src/java/org/apache/avro/io/DecoderFactory.java/","org.apache.avro.io.DecoderFactory","0","0","1","0","1","2","no"
"avro","release-1.3.0","/lang/java/src/java/org/apache/avro/io/DatumReader.java/","org.apache.avro.io.DatumReader","0","0","0","0","0","0","no"
"avro","release-1.3.0","/lang/java/src/java/org/apache/avro/AvroTypeException.java/","org.apache.avro.AvroTypeException","0","0","0","0","0","0","no"
"avro","release-1.3.0","/lang/java/src/java/org/apache/avro/ipc/Transceiver.java/","org.apache.avro.ipc.Transceiver","0","0","0","0","1","1","no"
"avro","release-1.3.0","/lang/java/src/java/org/apache/avro/file/CodecFactory.java/","org.apache.avro.file.CodecFactory","0","0","1","0","0","1","no"
"avro","release-1.3.0","/lang/java/src/java/org/apache/avro/reflect/ReflectDatumWriter.java/","org.apache.avro.reflect.ReflectDatumWriter","0","0","1","0","5","6","no"
"avro","release-1.3.0","/lang/java/src/java/org/apache/avro/file/DataFileReader.java/","org.apache.avro.file.DataFileReader","0","0","1","0","1","2","yes"
"avro","release-1.3.0","/lang/java/src/java/org/apache/avro/ipc/Responder.java/","org.apache.avro.ipc.Responder","1","1","1","0","0","3","yes"
"avro","release-1.3.0","/lang/java/src/java/org/apache/avro/generic/GenericArray.java/","org.apache.avro.generic.GenericArray","0","0","0","0","0","0","no"
"avro","release-1.3.0","/lang/java/src/java/org/apache/avro/specific/SpecificCompiler.java/","org.apache.avro.specific.SpecificCompiler","1","1","1","0","4","7","yes"
"avro","release-1.3.0","/lang/java/src/java/org/apache/avro/ipc/DatagramTransceiver.java/","org.apache.avro.ipc.DatagramTransceiver","0","0","1","0","2","3","no"
"avro","release-1.3.0","/lang/java/src/java/org/apache/avro/Schema.java/","org.apache.avro.Schema.BytesSchema","0","0","0","0","0","0","yes"
"avro","release-1.3.0","/lang/java/src/java/org/apache/avro/io/BinaryEncoder.java/","org.apache.avro.io.BinaryEncoder.ReuseByteWriter","0","0","1","0","0","1","no"
"avro","release-1.3.0","/lang/java/src/java/org/apache/avro/generic/GenericData.java/","org.apache.avro.generic.GenericData.Record","0","0","1","0","0","1","no"
"avro","release-1.3.0","/lang/java/src/java/org/apache/avro/specific/SpecificResponder.java/","org.apache.avro.specific.SpecificResponder","0","0","1","0","0","1","no"
"avro","release-1.3.0","/lang/java/src/java/org/apache/avro/io/parsing/Symbol.java/","org.apache.avro.io.parsing.Symbol.SkipAction","0","0","1","0","0","1","no"
"avro","release-1.3.0","/lang/java/src/java/org/apache/avro/file/SeekableInput.java/","org.apache.avro.file.SeekableInput","0","0","0","0","0","0","no"
"avro","release-1.3.0","/lang/java/src/java/org/apache/avro/ipc/stats/StatsPlugin.java/","org.apache.avro.ipc.stats.StatsPlugin","0","0","1","0","0","1","no"
"avro","release-1.3.0","/lang/java/src/java/org/apache/avro/ipc/SocketServer.java/","org.apache.avro.ipc.SocketServer.Connection","0","0","1","0","1","2","no"
"avro","release-1.3.0","/lang/java/src/java/org/apache/avro/reflect/ReflectData.java/","org.apache.avro.reflect.ReflectData.AllowNull","0","0","1","0","2","3","yes"
"avro","release-1.3.0","/lang/java/src/java/org/apache/avro/specific/SpecificFixed.java/","org.apache.avro.specific.SpecificFixed","0","0","0","0","0","0","no"
"avro","release-1.3.0","/lang/java/src/java/org/apache/avro/Schema.java/","org.apache.avro.Schema.IntSchema","0","0","0","0","0","0","yes"
"avro","release-1.3.0","/lang/java/src/java/org/apache/avro/generic/IndexedRecord.java/","org.apache.avro.generic.IndexedRecord","0","0","0","0","0","0","no"
"avro","release-1.3.0","/lang/java/src/java/org/apache/avro/tool/GenAvroTool.java/","org.apache.avro.tool.GenAvroTool","0","0","1","0","3","4","no"
"avro","release-1.3.0","/lang/java/src/java/org/apache/avro/io/parsing/Symbol.java/","org.apache.avro.io.parsing.Symbol.UnionAdjustAction","0","0","1","0","0","1","no"
"avro","release-1.3.0","/lang/java/src/java/org/apache/avro/Schema.java/","org.apache.avro.Schema.ArraySchema","0","0","1","0","4","5","yes"
"avro","release-1.3.0","/lang/java/src/java/org/apache/avro/tool/RpcSendTool.java/","org.apache.avro.tool.RpcSendTool","0","0","1","1","1","3","no"
"avro","release-1.3.0","/lang/java/src/java/org/apache/avro/io/DirectBinaryDecoder.java/","org.apache.avro.io.DirectBinaryDecoder.ByteReader","0","0","1","1","0","2","no"
"avro","release-1.3.0","/lang/java/src/java/org/apache/avro/ipc/SocketServer.java/","org.apache.avro.ipc.SocketServer","0","0","1","0","5","6","no"
"avro","release-1.3.0","/lang/java/src/java/org/apache/avro/file/DataFileStream.java/","org.apache.avro.file.DataFileStream.DataBlock","0","0","0","0","0","0","yes"
"avro","release-1.3.0","/lang/java/src/java/org/apache/avro/specific/SpecificCompiler.java/","org.apache.avro.specific.SpecificCompiler.SpecificCompilerTool","0","0","1","0","2","3","yes"
"avro","release-1.3.0","/lang/java/src/java/org/apache/avro/specific/ProtocolTask.java/","org.apache.avro.specific.ProtocolTask","0","0","1","0","4","5","no"
"avro","release-1.3.0","/lang/java/src/java/org/apache/avro/ipc/SocketTransceiver.java/","org.apache.avro.ipc.SocketTransceiver","0","0","1","0","2","3","no"
"avro","release-1.3.0","/lang/java/src/java/org/apache/avro/io/BlockingBinaryEncoder.java/","org.apache.avro.io.BlockingBinaryEncoder","1","1","1","0","2","5","no"
"avro","release-1.3.0","/lang/java/src/java/org/apache/avro/reflect/Stringable.java/","org.apache.avro.reflect.Stringable","0","0","0","0","0","0","no"
"avro","release-1.3.0","/lang/java/src/java/org/apache/avro/io/parsing/Symbol.java/","org.apache.avro.io.parsing.Symbol.Alternative","0","1","1","0","1","3","no"
"avro","release-1.3.0","/lang/java/src/java/org/apache/avro/io/parsing/Symbol.java/","org.apache.avro.io.parsing.Symbol.Root","0","0","0","0","1","1","no"
"avro","release-1.3.0","/lang/java/src/java/org/apache/avro/file/DataFileStream.java/","org.apache.avro.file.DataFileStream","0","1","1","0","6","8","yes"
"avro","release-1.3.0","/lang/java/src/java/org/apache/avro/ipc/ByteBufferInputStream.java/","org.apache.avro.ipc.ByteBufferInputStream","0","0","1","0","2","3","no"
"avro","release-1.3.0","/lang/java/src/java/org/apache/avro/io/JsonDecoder.java/","org.apache.avro.io.JsonDecoder","0","1","1","1","0","3","no"
"avro","release-1.3.0","/lang/java/src/java/org/apache/avro/specific/SchemaTask.java/","org.apache.avro.specific.SchemaTask","0","0","1","0","0","1","no"
"avro","release-1.3.0","/lang/java/src/java/org/apache/avro/tool/DataFileGetSchemaTool.java/","org.apache.avro.tool.DataFileGetSchemaTool","0","0","1","0","0","1","no"
"avro","release-1.3.0","/lang/java/src/java/org/apache/avro/file/Codec.java/","org.apache.avro.file.Codec","0","0","0","0","0","0","no"
"avro","release-1.3.0","/lang/java/src/java/org/apache/avro/generic/GenericRequestor.java/","org.apache.avro.generic.GenericRequestor","0","0","1","0","0","1","yes"
"avro","release-1.3.0","/lang/java/src/java/org/apache/avro/specific/SpecificRecordBase.java/","org.apache.avro.specific.SpecificRecordBase","0","0","1","0","0","1","no"
"avro","release-1.3.0","/lang/java/src/java/org/apache/avro/io/parsing/ResolvingGrammarGenerator.java/","org.apache.avro.io.parsing.ResolvingGrammarGenerator","1","1","1","1","9","13","yes"
"avro","release-1.3.0","/lang/java/src/java/org/apache/avro/tool/Main.java/","org.apache.avro.tool.Main","0","1","1","0","6","8","no"
"avro","release-1.3.0","/lang/java/src/java/org/apache/avro/ipc/stats/Stopwatch.java/","org.apache.avro.ipc.stats.Stopwatch","0","0","1","0","0","1","no"
"avro","release-1.3.0","/lang/java/src/java/org/apache/avro/tool/DataFileWriteTool.java/","org.apache.avro.tool.DataFileWriteTool","0","0","1","0","1","2","no"
"avro","release-1.3.0","/lang/java/src/java/org/apache/avro/io/parsing/Symbol.java/","org.apache.avro.io.parsing.Symbol.Repeater","0","0","1","0","1","2","no"
"avro","release-1.3.0","/lang/java/src/java/org/apache/avro/io/BinaryDecoder.java/","org.apache.avro.io.BinaryDecoder.ByteArrayByteSource","0","1","1","0","0","2","no"
"avro","release-1.3.0","/lang/java/src/java/org/apache/avro/ipc/AvroRemoteException.java/","org.apache.avro.ipc.AvroRemoteException","0","0","0","0","0","0","no"
"avro","release-1.3.0","/lang/java/src/java/org/apache/avro/Schema.java/","org.apache.avro.Schema.Names","0","0","1","0","0","1","yes"
"avro","release-1.3.0","/lang/java/src/java/org/apache/avro/io/ParsingDecoder.java/","org.apache.avro.io.ParsingDecoder","0","1","1","0","0","2","no"
"avro","release-1.3.0","/lang/java/src/java/org/apache/avro/generic/GenericData.java/","org.apache.avro.generic.GenericData.Array","0","0","1","0","7","8","no"
"avro","release-1.3.0","/lang/java/src/java/org/apache/avro/Schema.java/","org.apache.avro.Schema.Name","0","1","1","0","4","6","yes"
"avro","release-1.3.0","/lang/java/src/java/org/apache/avro/ipc/HttpServer.java/","org.apache.avro.ipc.HttpServer","0","0","1","0","0","1","no"
"avro","release-1.3.0","/lang/java/src/java/org/apache/avro/file/NullCodec.java/","org.apache.avro.file.NullCodec","0","0","1","0","0","1","no"
"avro","release-1.3.0","/lang/java/src/java/org/apache/avro/Schema.java/","org.apache.avro.Schema.FloatSchema","0","0","0","0","0","0","yes"
"avro","release-1.3.0","/lang/java/src/java/org/apache/avro/Protocol.java/","org.apache.avro.Protocol","0","1","1","0","8","10","no"
"avro","release-1.3.0","/lang/java/src/java/org/apache/avro/reflect/ReflectResponder.java/","org.apache.avro.reflect.ReflectResponder","0","0","0","0","0","0","yes"
"avro","release-1.3.0","/lang/java/src/java/org/apache/avro/io/BinaryEncoder.java/","org.apache.avro.io.BinaryEncoder.ByteWriter","0","0","0","0","0","0","no"
"avro","release-1.3.0","/lang/java/src/java/org/apache/avro/tool/Util.java/","org.apache.avro.tool.Util","0","0","1","0","1","2","no"
"avro","release-1.3.0","/lang/java/src/java/org/apache/avro/reflect/Union.java/","org.apache.avro.reflect.Union","0","0","0","0","0","0","no"
"avro","release-1.3.0","/lang/java/src/java/org/apache/avro/generic/GenericData.java/","org.apache.avro.generic.GenericData","1","1","1","1","13","17","no"
"avro","release-1.3.0","/lang/java/src/java/org/apache/avro/io/BinaryEncoder.java/","org.apache.avro.io.BinaryEncoder","0","1","1","1","5","8","no"
"avro","release-1.3.0","/lang/java/src/java/org/apache/avro/ipc/stats/Histogram.java/","org.apache.avro.ipc.stats.Histogram.EntryIterator","0","0","1","0","0","1","no"
"avro","release-1.3.0","/lang/java/src/java/org/apache/avro/tool/DataFileReadTool.java/","org.apache.avro.tool.DataFileReadTool","0","0","1","0","0","1","no"
"avro","release-1.3.0","/lang/java/src/java/org/apache/avro/tool/Tool.java/","org.apache.avro.tool.Tool","0","0","0","0","0","0","no"
"avro","release-1.3.0","/lang/java/src/java/org/apache/avro/ipc/RPCContext.java/","org.apache.avro.ipc.RPCContext","0","0","0","0","2","2","yes"
"avro","release-1.3.0","/lang/java/src/java/org/apache/avro/io/BinaryData.java/","org.apache.avro.io.BinaryData.Decoders","0","1","0","0","2","3","no"
"avro","release-1.3.0","/lang/java/src/java/org/apache/avro/io/parsing/Symbol.java/","org.apache.avro.io.parsing.Symbol.Sequence","0","1","1","0","5","7","no"
"avro","release-1.3.0","/lang/java/src/java/org/apache/avro/tool/RpcReceiveTool.java/","org.apache.avro.tool.RpcReceiveTool","0","0","1","1","2","4","no"
"avro","release-1.3.0","/lang/java/src/java/org/apache/avro/ipc/stats/StatsServlet.java/","org.apache.avro.ipc.stats.StatsServlet","0","1","1","0","0","2","no"
"avro","release-1.3.0","/lang/java/src/java/org/apache/avro/io/parsing/Symbol.java/","org.apache.avro.io.parsing.Symbol.FieldOrderAction","0","0","0","0","2","2","no"
"avro","release-1.3.0","/lang/java/src/java/org/apache/avro/file/DataFileWriter.java/","org.apache.avro.file.DataFileWriter","0","1","1","0","3","5","yes"
"avro","release-1.3.0","/lang/java/src/java/org/apache/avro/io/ValidatingEncoder.java/","org.apache.avro.io.ValidatingEncoder","0","1","1","0","0","2","no"
"avro","release-1.3.0","/lang/java/src/java/org/apache/avro/io/parsing/SkipParser.java/","org.apache.avro.io.parsing.SkipParser","0","1","1","0","0","2","no"
"avro","release-1.3.0","/lang/java/src/java/org/apache/avro/file/DataFileWriter.java/","org.apache.avro.file.DataFileWriter.BufferedFileOutputStream","0","0","0","0","1","1","yes"
"avro","release-1.3.0","/lang/java/src/java/org/apache/avro/io/DatumWriter.java/","org.apache.avro.io.DatumWriter","0","0","0","0","0","0","no"
"avro","release-1.3.0","/lang/java/src/java/org/apache/avro/Schema.java/","org.apache.avro.Schema.Field","0","1","1","0","2","4","yes"
"avro","release-1.3.0","/lang/java/src/java/org/apache/avro/io/parsing/Symbol.java/","org.apache.avro.io.parsing.Symbol.DefaultStartAction","0","0","0","0","1","1","no"
"avro","release-1.3.0","/lang/java/src/java/org/apache/avro/Schema.java/","org.apache.avro.Schema.EnumSchema","0","0","1","0","7","8","yes"
"avro","release-1.3.0","/lang/java/src/java/org/apache/avro/AvroRuntimeException.java/","org.apache.avro.AvroRuntimeException","0","0","0","0","0","0","no"
"avro","release-1.3.0","/lang/java/src/java/org/apache/avro/file/LengthLimitedInputStream.java/","org.apache.avro.file.LengthLimitedInputStream","0","0","1","0","1","2","no"
"avro","release-1.3.0","/lang/java/src/java/org/apache/avro/file/DataFileConstants.java/","org.apache.avro.file.DataFileConstants","0","0","0","0","0","0","no"
"avro","release-1.3.0","/lang/java/src/java/org/apache/avro/generic/GenericDatumReader.java/","org.apache.avro.generic.GenericDatumReader","0","1","1","0","0","2","yes"
"avro","release-1.3.0","/lang/java/src/java/org/apache/avro/file/DataFileReader.java/","org.apache.avro.file.DataFileReader.SeekableInputStream","0","0","1","0","0","1","yes"
"avro","release-1.3.0","/lang/java/src/java/org/apache/avro/Schema.java/","org.apache.avro.Schema.StringSchema","0","0","0","0","0","0","yes"
"avro","release-1.3.0","/lang/java/src/java/org/apache/avro/generic/GenericResponder.java/","org.apache.avro.generic.GenericResponder","0","0","1","0","0","1","no"
"avro","release-1.3.0","/lang/java/src/java/org/apache/avro/Protocol.java/","org.apache.avro.Protocol.Message","0","1","1","0","3","5","no"
"avro","release-1.3.0","/lang/java/src/java/org/apache/avro/io/ParsingEncoder.java/","org.apache.avro.io.ParsingEncoder","0","0","1","0","0","1","no"
"avro","release-1.3.0","/lang/java/src/java/org/apache/avro/io/BlockingBinaryEncoder.java/","org.apache.avro.io.BlockingBinaryEncoder.BlockedValue","0","1","1","0","0","2","no"
"avro","release-1.3.0","/lang/java/src/java/org/apache/avro/ipc/stats/Histogram.java/","org.apache.avro.ipc.stats.Histogram.TreeMapSegmenter","0","0","1","0","2","3","no"
"avro","release-1.3.0","/lang/java/src/java/org/apache/avro/io/parsing/Symbol.java/","org.apache.avro.io.parsing.Symbol.IntCheckAction","0","0","0","0","0","0","no"
"avro","release-1.3.0","/lang/java/src/java/org/apache/avro/io/DirectBinaryDecoder.java/","org.apache.avro.io.DirectBinaryDecoder","0","1","1","0","3","5","no"
"avro","release-1.3.0","/lang/java/src/java/org/apache/avro/io/BinaryDecoder.java/","org.apache.avro.io.BinaryDecoder.BufferAccessor","0","1","1","0","2","4","no"
"avro","release-1.3.0","/lang/java/src/java/org/apache/avro/generic/GenericRecord.java/","org.apache.avro.generic.GenericRecord","0","0","0","0","0","0","no"
"avro","release-1.3.0","/lang/java/src/java/org/apache/avro/io/parsing/ResolvingGrammarGenerator.java/","org.apache.avro.io.parsing.ResolvingGrammarGenerator.LitS2","0","0","1","0","2","3","yes"
"avro","release-1.3.0","/lang/java/src/java/org/apache/avro/Schema.java/","org.apache.avro.Schema","1","1","1","0","75","78","yes"
"avro","release-1.3.0","/lang/java/src/java/org/apache/avro/io/parsing/Symbol.java/","org.apache.avro.io.parsing.Symbol.ResolvingAction","0","0","1","0","0","1","no"
"avro","release-1.3.0","/lang/java/src/java/org/apache/avro/specific/SpecificRequestor.java/","org.apache.avro.specific.SpecificRequestor","0","0","1","0","0","1","yes"
"avro","release-1.3.0","/lang/java/src/java/org/apache/avro/ipc/stats/Histogram.java/","org.apache.avro.ipc.stats.Histogram.SegmenterException","0","0","0","0","0","0","no"
"avro","release-1.3.0","/lang/java/src/java/org/apache/avro/ipc/stats/FloatHistogram.java/","org.apache.avro.ipc.stats.FloatHistogram","0","0","1","0","0","1","no"
"avro","release-1.3.0","/lang/java/src/java/org/apache/avro/file/DataFileWriter.java/","org.apache.avro.file.DataFileWriter.NonCopyingByteArrayOutputStream","0","0","1","0","0","1","yes"
"avro","release-1.3.0","/lang/java/src/java/org/apache/avro/io/parsing/Symbol.java/","org.apache.avro.io.parsing.Symbol.FieldAdjustAction","0","0","0","0","0","0","no"
"avro","release-1.3.0","/lang/java/src/java/org/apache/avro/specific/SpecificDatumReader.java/","org.apache.avro.specific.SpecificDatumReader","0","0","1","0","0","1","no"
"avro","release-1.3.0","/lang/java/src/java/org/apache/avro/Schema.java/","org.apache.avro.Schema.Type","0","0","0","0","0","0","yes"
"avro","release-1.3.0","/lang/java/src/java/org/apache/avro/io/DecoderFactory.java/","org.apache.avro.io.DecoderFactory.DefaultDecoderFactory","0","0","0","0","0","0","no"
"avro","release-1.3.0","/lang/java/src/java/org/apache/avro/ipc/RPCPlugin.java/","org.apache.avro.ipc.RPCPlugin","0","0","0","0","0","0","no"
"avro","release-1.3.0","/lang/java/src/java/org/apache/avro/io/BlockingBinaryEncoder.java/","org.apache.avro.io.BlockingBinaryEncoder.BlockedValue.State","0","0","0","0","0","0","no"
"avro","release-1.3.0","/lang/java/src/java/org/apache/avro/specific/SpecificExceptionBase.java/","org.apache.avro.specific.SpecificExceptionBase","0","0","1","0","2","3","no"
"avro","release-1.3.0","/lang/java/src/java/org/apache/avro/Schema.java/","org.apache.avro.Schema.NullSchema","0","0","0","0","0","0","yes"
"avro","release-1.3.0","/lang/java/src/java/org/apache/avro/reflect/ReflectDatumReader.java/","org.apache.avro.reflect.ReflectDatumReader","0","0","1","0","0","1","no"
"avro","release-1.3.0","/lang/java/src/java/org/apache/avro/io/parsing/ValidatingGrammarGenerator.java/","org.apache.avro.io.parsing.ValidatingGrammarGenerator","1","1","1","1","2","6","no"
"avro","release-1.3.0","/lang/java/src/java/org/apache/avro/io/Encoder.java/","org.apache.avro.io.Encoder","0","1","1","0","0","2","no"
"avro","release-1.3.0","/lang/java/src/java/org/apache/avro/generic/GenericData.java/","org.apache.avro.generic.GenericData.Fixed","0","1","1","0","6","8","no"
"avro","release-1.3.0","/lang/java/src/java/org/apache/avro/io/BlockingBinaryEncoder.java/","org.apache.avro.io.BlockingBinaryEncoder.EncoderBuffer","0","0","0","0","1","1","no"
"avro","release-1.3.0","/lang/java/src/java/org/apache/avro/io/DirectBinaryDecoder.java/","org.apache.avro.io.DirectBinaryDecoder.ReuseByteReader","0","0","0","0","0","0","no"
"avro","release-1.3.0","/lang/java/src/java/org/apache/avro/io/ValidatingDecoder.java/","org.apache.avro.io.ValidatingDecoder","0","1","1","0","2","4","no"
"avro","release-1.3.0","/lang/java/src/java/org/apache/avro/specific/FixedSize.java/","org.apache.avro.specific.FixedSize","0","0","0","0","0","0","no"
"avro","release-1.3.0","/lang/java/src/java/org/apache/avro/ipc/Requestor.java/","org.apache.avro.ipc.Requestor","1","1","1","0","0","3","yes"
"avro","release-1.3.0","/lang/java/src/java/org/apache/avro/tool/RpcReceiveTool.java/","org.apache.avro.tool.RpcReceiveTool.SinkResponder","0","0","1","0","1","2","no"
"avro","release-1.3.0","/lang/java/src/java/org/apache/avro/io/parsing/Parser.java/","org.apache.avro.io.parsing.Parser","0","1","1","0","0","2","no"
"avro","release-1.3.0","/lang/java/src/java/org/apache/avro/reflect/InduceSchemaTool.java/","org.apache.avro.reflect.InduceSchemaTool","0","0","1","0","4","5","no"
"avro","release-1.3.0","/lang/java/src/java/org/apache/avro/io/parsing/Symbol.java/","org.apache.avro.io.parsing.Symbol.ErrorAction","0","0","0","0","0","0","no"
"avro","release-1.3.0","/lang/java/src/java/org/apache/avro/io/JsonEncoder.java/","org.apache.avro.io.JsonEncoder","0","1","1","0","0","2","no"
"avro","release-1.3.0","/lang/java/src/java/org/apache/avro/io/BinaryEncoder.java/","org.apache.avro.io.BinaryEncoder.SimpleByteWriter","0","0","1","0","0","1","no"
"avro","release-1.3.0","/lang/java/src/java/org/apache/avro/io/BinaryDecoder.java/","org.apache.avro.io.BinaryDecoder","1","1","1","1","11","15","no"
"avro","release-1.3.0","/lang/java/src/java/org/apache/avro/Schema.java/","org.apache.avro.Schema.UnionSchema","0","0","1","0","5","6","yes"
"avro","release-1.3.0","/lang/java/src/java/org/apache/avro/tool/BinaryFragmentToJsonTool.java/","org.apache.avro.tool.BinaryFragmentToJsonTool","0","0","1","1","2","4","no"
"avro","release-1.3.0","/lang/java/src/java/org/apache/avro/io/parsing/Symbol.java/","org.apache.avro.io.parsing.Symbol.Fixup","0","0","0","0","1","1","no"
"avro","release-1.3.0","/lang/java/src/java/org/apache/avro/ipc/stats/Histogram.java/","org.apache.avro.ipc.stats.Histogram","0","0","1","0","4","5","no"
"avro","release-1.3.0","/lang/java/src/java/org/apache/avro/specific/SpecificRecord.java/","org.apache.avro.specific.SpecificRecord","0","0","0","0","0","0","no"
"avro","release-1.3.0","/lang/java/src/java/org/apache/avro/io/parsing/SkipParser.java/","org.apache.avro.io.parsing.SkipParser.SkipHandler","0","0","0","0","0","0","no"
"avro","release-1.3.0","/lang/java/src/java/org/apache/avro/ipc/stats/Stopwatch.java/","org.apache.avro.ipc.stats.Stopwatch.SystemTicks","0","0","1","0","0","1","no"
"avro","release-1.3.0","/lang/java/src/java/org/apache/avro/io/parsing/ValidatingGrammarGenerator.java/","org.apache.avro.io.parsing.ValidatingGrammarGenerator.LitS","0","0","1","0","2","3","no"
"avro","release-1.3.0","/lang/java/src/java/org/apache/avro/io/BinaryDecoder.java/","org.apache.avro.io.BinaryDecoder.InputStreamByteSource","0","1","1","0","4","6","no"
"avro","release-1.2.0","/src/java/org/apache/avro/specific/SpecificRecordBase.java/","org.apache.avro.specific.SpecificRecordBase","0","0","1","0","3","4","no"
"avro","release-1.2.0","/src/java/org/apache/avro/io/parsing/ValidatingGrammarGenerator.java/","org.apache.avro.io.parsing.ValidatingGrammarGenerator.LitS","0","0","1","0","2","3","no"
"avro","release-1.2.0","/src/java/org/apache/avro/specific/SpecificDatumWriter.java/","org.apache.avro.specific.SpecificDatumWriter","0","0","1","0","0","1","no"
"avro","release-1.2.0","/src/java/org/apache/avro/io/ParsingEncoder.java/","org.apache.avro.io.ParsingEncoder","0","0","1","0","0","1","no"
"avro","release-1.2.0","/src/java/org/apache/avro/io/BinaryData.java/","org.apache.avro.io.BinaryData","1","1","1","0","7","10","no"
"avro","release-1.2.0","/src/java/org/apache/avro/specific/ProtocolTask.java/","org.apache.avro.specific.ProtocolTask","0","0","1","0","4","5","no"
"avro","release-1.2.0","/src/java/org/apache/avro/io/parsing/Symbol.java/","org.apache.avro.io.parsing.Symbol.Sequence","0","0","1","0","5","6","no"
"avro","release-1.2.0","/src/java/org/apache/avro/Schema.java/","org.apache.avro.Schema.FixedSchema","0","0","1","0","4","5","no"
"avro","release-1.2.0","/src/java/org/apache/avro/reflect/ReflectDatumWriter.java/","org.apache.avro.reflect.ReflectDatumWriter","0","0","1","0","0","1","no"
"avro","release-1.2.0","/src/java/org/apache/avro/generic/GenericData.java/","org.apache.avro.generic.GenericData","1","1","1","1","16","20","no"
"avro","release-1.2.0","/src/java/org/apache/avro/file/SeekableFileInput.java/","org.apache.avro.file.SeekableFileInput","0","0","1","0","0","1","no"
"avro","release-1.2.0","/src/java/org/apache/avro/specific/SpecificCompiler.java/","org.apache.avro.specific.SpecificCompiler","1","1","1","0","3","6","no"
"avro","release-1.2.0","/src/java/org/apache/avro/Schema.java/","org.apache.avro.Schema.RecordSchema","0","1","1","0","9","11","no"
"avro","release-1.2.0","/src/java/org/apache/avro/io/parsing/Symbol.java/","org.apache.avro.io.parsing.Symbol.Kind","0","0","0","0","0","0","no"
"avro","release-1.2.0","/src/java/org/apache/avro/io/BlockingBinaryEncoder.java/","org.apache.avro.io.BlockingBinaryEncoder.BlockedValue.State","0","0","0","0","0","0","no"
"avro","release-1.2.0","/src/java/org/apache/avro/Protocol.java/","org.apache.avro.Protocol","0","1","1","0","10","12","no"
"avro","release-1.2.0","/src/java/org/apache/avro/file/SeekableInput.java/","org.apache.avro.file.SeekableInput","0","0","0","0","0","0","no"
"avro","release-1.2.0","/src/java/org/apache/avro/Schema.java/","org.apache.avro.Schema.DoubleSchema","0","0","0","0","0","0","no"
"avro","release-1.2.0","/src/java/org/apache/avro/Schema.java/","org.apache.avro.Schema.NamedSchema","0","1","1","0","5","7","no"
"avro","release-1.2.0","/src/java/org/apache/avro/Schema.java/","org.apache.avro.Schema","1","1","1","0","70","73","no"
"avro","release-1.2.0","/src/java/org/apache/avro/reflect/ReflectRequestor.java/","org.apache.avro.reflect.ReflectRequestor","0","0","1","0","2","3","no"
"avro","release-1.2.0","/src/java/org/apache/avro/ipc/ResponderServlet.java/","org.apache.avro.ipc.ResponderServlet","0","0","1","0","0","1","no"
"avro","release-1.2.0","/src/java/org/apache/avro/generic/GenericDatumWriter.java/","org.apache.avro.generic.GenericDatumWriter","0","1","1","0","0","2","no"
"avro","release-1.2.0","/src/java/org/apache/avro/io/parsing/ResolvingGrammarGenerator.java/","org.apache.avro.io.parsing.ResolvingGrammarGenerator","1","1","1","1","8","12","no"
"avro","release-1.2.0","/src/java/org/apache/avro/Schema.java/","org.apache.avro.Schema.Field.Order","0","0","0","0","0","0","no"
"avro","release-1.2.0","/src/java/org/apache/avro/ipc/DatagramTransceiver.java/","org.apache.avro.ipc.DatagramTransceiver","0","0","1","0","2","3","no"
"avro","release-1.2.0","/src/java/org/apache/avro/AvroRuntimeException.java/","org.apache.avro.AvroRuntimeException","0","0","0","0","0","0","no"
"avro","release-1.2.0","/src/java/org/apache/avro/Schema.java/","org.apache.avro.Schema.StringSchema","0","0","0","0","0","0","no"
"avro","release-1.2.0","/src/java/org/apache/avro/generic/GenericRecord.java/","org.apache.avro.generic.GenericRecord","0","0","0","0","0","0","no"
"avro","release-1.2.0","/src/java/org/apache/avro/reflect/FixedSize.java/","org.apache.avro.reflect.FixedSize","0","0","0","0","0","0","no"
"avro","release-1.2.0","/src/java/org/apache/avro/io/BinaryEncoder.java/","org.apache.avro.io.BinaryEncoder.ByteWriter","0","0","0","0","0","0","no"
"avro","release-1.2.0","/src/java/org/apache/avro/ipc/ByteBufferInputStream.java/","org.apache.avro.ipc.ByteBufferInputStream","0","0","1","0","2","3","no"
"avro","release-1.2.0","/src/java/org/apache/avro/io/parsing/Parser.java/","org.apache.avro.io.parsing.Parser.ActionHandler","0","0","0","0","0","0","no"
"avro","release-1.2.0","/src/java/org/apache/avro/io/DatumReader.java/","org.apache.avro.io.DatumReader","0","0","0","0","0","0","no"
"avro","release-1.2.0","/src/java/org/apache/avro/specific/SpecificRequestor.java/","org.apache.avro.specific.SpecificRequestor","0","0","1","0","0","1","no"
"avro","release-1.2.0","/src/java/org/apache/avro/io/parsing/Symbol.java/","org.apache.avro.io.parsing.Symbol.DefaultStartAction","0","0","0","0","0","0","no"
"avro","release-1.2.0","/src/java/org/apache/avro/specific/SpecificDatumReader.java/","org.apache.avro.specific.SpecificDatumReader","0","0","1","0","0","1","no"
"avro","release-1.2.0","/src/java/org/apache/avro/Schema.java/","org.apache.avro.Schema.Name","0","1","1","0","4","6","no"
"avro","release-1.2.0","/src/java/org/apache/avro/ipc/RPCContext.java/","org.apache.avro.ipc.RPCContext","0","0","0","0","2","2","no"
"avro","release-1.2.0","/src/java/org/apache/avro/io/ParsingDecoder.java/","org.apache.avro.io.ParsingDecoder","0","1","1","0","0","2","no"
"avro","release-1.2.0","/src/java/org/apache/avro/io/BlockingBinaryEncoder.java/","org.apache.avro.io.BlockingBinaryEncoder.BlockedValue","0","1","1","0","0","2","no"
"avro","release-1.2.0","/src/java/org/apache/avro/Schema.java/","org.apache.avro.Schema.LongSchema","0","0","0","0","0","0","no"
"avro","release-1.2.0","/src/java/org/apache/avro/generic/GenericData.java/","org.apache.avro.generic.GenericData.Fixed","0","1","1","0","6","8","no"
"avro","release-1.2.0","/src/java/org/apache/avro/io/ValidatingEncoder.java/","org.apache.avro.io.ValidatingEncoder","0","1","1","0","0","2","no"
"avro","release-1.2.0","/src/java/org/apache/avro/io/BlockingBinaryEncoder.java/","org.apache.avro.io.BlockingBinaryEncoder.EncoderBuffer","0","0","0","0","1","1","no"
"avro","release-1.2.0","/src/java/org/apache/avro/reflect/ReflectResponder.java/","org.apache.avro.reflect.ReflectResponder","0","0","1","0","0","1","no"
"avro","release-1.2.0","/src/java/org/apache/avro/Schema.java/","org.apache.avro.Schema.NullSchema","0","0","0","0","0","0","no"
"avro","release-1.2.0","/src/java/org/apache/avro/ipc/Requestor.java/","org.apache.avro.ipc.Requestor","1","1","1","0","0","3","no"
"avro","release-1.2.0","/src/java/org/apache/avro/io/JsonEncoder.java/","org.apache.avro.io.JsonEncoder","0","1","1","0","0","2","no"
"avro","release-1.2.0","/src/java/org/apache/avro/Schema.java/","org.apache.avro.Schema.BooleanSchema","0","0","0","0","0","0","no"
"avro","release-1.2.0","/src/java/org/apache/avro/Schema.java/","org.apache.avro.Schema.SeenPair","0","1","1","0","2","4","no"
"avro","release-1.2.0","/src/java/org/apache/avro/io/BinaryDecoder.java/","org.apache.avro.io.BinaryDecoder","0","1","1","0","5","7","no"
"avro","release-1.2.0","/src/java/org/apache/avro/io/Encoder.java/","org.apache.avro.io.Encoder","0","1","1","0","0","2","no"
"avro","release-1.2.0","/src/java/org/apache/avro/Protocol.java/","org.apache.avro.Protocol.Message","0","1","1","0","3","5","no"
"avro","release-1.2.0","/src/java/org/apache/avro/generic/GenericRequestor.java/","org.apache.avro.generic.GenericRequestor","0","0","1","0","1","2","no"
"avro","release-1.2.0","/src/java/org/apache/avro/ipc/HttpTransceiver.java/","org.apache.avro.ipc.HttpTransceiver","0","0","1","0","1","2","no"
"avro","release-1.2.0","/src/java/org/apache/avro/io/parsing/Symbol.java/","org.apache.avro.io.parsing.Symbol.WriterUnionAction","0","0","0","0","0","0","no"
"avro","release-1.2.0","/src/java/org/apache/avro/file/DataFileReader.java/","org.apache.avro.file.DataFileReader","0","1","1","0","5","7","no"
"avro","release-1.2.0","/src/java/org/apache/avro/Schema.java/","org.apache.avro.Schema.UnionSchema","0","0","1","0","4","5","no"
"avro","release-1.2.0","/src/java/org/apache/avro/io/BinaryEncoder.java/","org.apache.avro.io.BinaryEncoder.ReuseByteWriter","0","0","1","0","0","1","no"
"avro","release-1.2.0","/src/java/org/apache/avro/io/parsing/Symbol.java/","org.apache.avro.io.parsing.Symbol.ResolvingAction","0","0","0","0","0","0","no"
"avro","release-1.2.0","/src/java/org/apache/avro/Schema.java/","org.apache.avro.Schema.FloatSchema","0","0","0","0","0","0","no"
"avro","release-1.2.0","/src/java/org/apache/avro/reflect/ReflectData.java/","org.apache.avro.reflect.ReflectData.AllowNull","0","0","1","0","2","3","no"
"avro","release-1.2.0","/src/java/org/apache/avro/io/parsing/Symbol.java/","org.apache.avro.io.parsing.Symbol.SkipAction","0","0","0","0","0","0","no"
"avro","release-1.2.0","/src/java/org/apache/avro/io/parsing/Symbol.java/","org.apache.avro.io.parsing.Symbol.Alternative","0","0","1","0","1","2","no"
"avro","release-1.2.0","/src/java/org/apache/avro/Schema.java/","org.apache.avro.Schema.Names","0","0","1","0","3","4","no"
"avro","release-1.2.0","/src/java/org/apache/avro/generic/GenericResponder.java/","org.apache.avro.generic.GenericResponder","0","0","1","0","0","1","no"
"avro","release-1.2.0","/src/java/org/apache/avro/io/ResolvingDecoder.java/","org.apache.avro.io.ResolvingDecoder","0","1","1","1","0","3","no"
"avro","release-1.2.0","/src/java/org/apache/avro/io/BlockingBinaryEncoder.java/","org.apache.avro.io.BlockingBinaryEncoder","1","1","1","0","2","5","no"
"avro","release-1.2.0","/src/java/org/apache/avro/reflect/ReflectData.java/","org.apache.avro.reflect.ReflectData","1","1","1","1","7","11","no"
"avro","release-1.2.0","/src/java/org/apache/avro/io/ValidatingDecoder.java/","org.apache.avro.io.ValidatingDecoder","0","1","1","0","2","4","no"
"avro","release-1.2.0","/src/java/org/apache/avro/Schema.java/","org.apache.avro.Schema.Field","0","1","1","0","2","4","no"
"avro","release-1.2.0","/src/java/org/apache/avro/file/DataFileWriter.java/","org.apache.avro.file.DataFileWriter.BufferedFileOutputStream.PositionFilter","0","0","1","0","1","2","no"
"avro","release-1.2.0","/src/java/org/apache/avro/AvroTypeException.java/","org.apache.avro.AvroTypeException","0","0","0","0","0","0","no"
"avro","release-1.2.0","/src/java/org/apache/avro/io/parsing/JsonGrammarGenerator.java/","org.apache.avro.io.parsing.JsonGrammarGenerator","1","1","1","1","0","4","no"
"avro","release-1.2.0","/src/java/org/apache/avro/specific/SpecificResponder.java/","org.apache.avro.specific.SpecificResponder","0","0","0","0","0","0","no"
"avro","release-1.2.0","/src/java/org/apache/avro/io/DatumWriter.java/","org.apache.avro.io.DatumWriter","0","0","0","0","0","0","no"
"avro","release-1.2.0","/src/java/org/apache/avro/ipc/HttpServer.java/","org.apache.avro.ipc.HttpServer","0","0","1","0","0","1","no"
"avro","release-1.2.0","/src/java/org/apache/avro/io/parsing/Symbol.java/","org.apache.avro.io.parsing.Symbol.UnionAdjustAction","0","0","0","0","0","0","no"
"avro","release-1.2.0","/src/java/org/apache/avro/io/parsing/Symbol.java/","org.apache.avro.io.parsing.Symbol.Terminal","0","0","0","0","1","1","no"
"avro","release-1.2.0","/src/java/org/apache/avro/generic/GenericContainer.java/","org.apache.avro.generic.GenericContainer","0","0","0","0","0","0","no"
"avro","release-1.2.0","/src/java/org/apache/avro/specific/SchemaTask.java/","org.apache.avro.specific.SchemaTask","0","0","1","0","0","1","no"
"avro","release-1.2.0","/src/java/org/apache/avro/io/parsing/SkipParser.java/","org.apache.avro.io.parsing.SkipParser","0","1","1","0","0","2","no"
"avro","release-1.2.0","/src/java/org/apache/avro/io/BinaryDecoder.java/","org.apache.avro.io.BinaryDecoder.ReuseByteReader","0","0","0","0","0","0","no"
"avro","release-1.2.0","/src/java/org/apache/avro/Schema.java/","org.apache.avro.Schema.EnumSchema","0","0","1","0","5","6","no"
"avro","release-1.2.0","/src/java/org/apache/avro/io/parsing/Symbol.java/","org.apache.avro.io.parsing.Symbol.EnumAdjustAction","0","0","0","0","2","2","no"
"avro","release-1.2.0","/src/java/org/apache/avro/ipc/RPCPlugin.java/","org.apache.avro.ipc.RPCPlugin","0","0","0","0","0","0","no"
"avro","release-1.2.0","/src/java/org/apache/avro/generic/GenericData.java/","org.apache.avro.generic.GenericData.Array","0","1","1","0","7","9","no"
"avro","release-1.2.0","/src/java/org/apache/avro/io/parsing/Symbol.java/","org.apache.avro.io.parsing.Symbol.Repeater","0","0","1","0","1","2","no"
"avro","release-1.2.0","/src/java/org/apache/avro/io/BinaryEncoder.java/","org.apache.avro.io.BinaryEncoder.SimpleByteWriter","0","0","1","0","0","1","no"
"avro","release-1.2.0","/src/java/org/apache/avro/Schema.java/","org.apache.avro.Schema.BytesSchema","0","0","0","0","0","0","no"
"avro","release-1.2.0","/src/java/org/apache/avro/Schema.java/","org.apache.avro.Schema.ArraySchema","0","0","1","0","4","5","no"
"avro","release-1.2.0","/src/java/org/apache/avro/ipc/Responder.java/","org.apache.avro.ipc.Responder","1","1","1","0","0","3","no"
"avro","release-1.2.0","/src/java/org/apache/avro/util/Utf8.java/","org.apache.avro.util.Utf8","0","1","1","0","5","7","no"
"avro","release-1.2.0","/src/java/org/apache/avro/io/parsing/Symbol.java/","org.apache.avro.io.parsing.Symbol.EnumLabelsAction","0","0","1","0","0","1","no"
"avro","release-1.2.0","/src/java/org/apache/avro/io/parsing/ValidatingGrammarGenerator.java/","org.apache.avro.io.parsing.ValidatingGrammarGenerator","1","1","1","1","2","6","no"
"avro","release-1.2.0","/src/java/org/apache/avro/io/BinaryDecoder.java/","org.apache.avro.io.BinaryDecoder.ByteReader","0","0","1","0","0","1","no"
"avro","release-1.2.0","/src/java/org/apache/avro/SchemaParseException.java/","org.apache.avro.SchemaParseException","0","0","0","0","0","0","no"
"avro","release-1.2.0","/src/java/org/apache/avro/io/parsing/SkipParser.java/","org.apache.avro.io.parsing.SkipParser.SkipHandler","0","0","0","0","0","0","no"
"avro","release-1.2.0","/src/java/org/apache/avro/ipc/DatagramServer.java/","org.apache.avro.ipc.DatagramServer","0","0","1","0","2","3","no"
"avro","release-1.2.0","/src/java/org/apache/avro/io/BinaryData.java/","org.apache.avro.io.BinaryData.Decoders","0","0","0","0","2","2","no"
"avro","release-1.2.0","/src/java/org/apache/avro/Schema.java/","org.apache.avro.Schema.IntSchema","0","0","0","0","0","0","no"
"avro","release-1.2.0","/src/java/org/apache/avro/io/parsing/Symbol.java/","org.apache.avro.io.parsing.Symbol.FieldAdjustAction","0","0","0","0","0","0","no"
"avro","release-1.2.0","/src/java/org/apache/avro/io/BinaryEncoder.java/","org.apache.avro.io.BinaryEncoder","0","1","1","1","5","8","no"
"avro","release-1.2.0","/src/java/org/apache/avro/file/DataFileWriter.java/","org.apache.avro.file.DataFileWriter","0","1","1","0","1","3","no"
"avro","release-1.2.0","/src/java/org/apache/avro/ipc/SocketServer.java/","org.apache.avro.ipc.SocketServer.Connection","0","0","1","0","1","2","no"
"avro","release-1.2.0","/src/java/org/apache/avro/Schema.java/","org.apache.avro.Schema.MapSchema","0","0","1","0","4","5","no"
"avro","release-1.2.0","/src/java/org/apache/avro/specific/SpecificFixed.java/","org.apache.avro.specific.SpecificFixed","0","0","0","0","0","0","no"
"avro","release-1.2.0","/src/java/org/apache/avro/specific/SpecificData.java/","org.apache.avro.specific.SpecificData","0","0","1","0","0","1","no"
"avro","release-1.2.0","/src/java/org/apache/avro/specific/SpecificExceptionBase.java/","org.apache.avro.specific.SpecificExceptionBase","0","0","1","0","2","3","no"
"avro","release-1.2.0","/src/java/org/apache/avro/reflect/ReflectDatumReader.java/","org.apache.avro.reflect.ReflectDatumReader","0","0","1","0","0","1","no"
"avro","release-1.2.0","/src/java/org/apache/avro/ipc/AvroRemoteException.java/","org.apache.avro.ipc.AvroRemoteException","0","0","0","0","0","0","no"
"avro","release-1.2.0","/src/java/org/apache/avro/file/DataFileReader.java/","org.apache.avro.file.DataFileReader.SeekableBufferedInput.PositionFilter","0","0","1","0","2","3","no"
"avro","release-1.2.0","/src/java/org/apache/avro/io/BinaryData.java/","org.apache.avro.io.BinaryData.Buffer","0","0","0","0","2","2","no"
"avro","release-1.2.0","/src/java/org/apache/avro/generic/GenericArray.java/","org.apache.avro.generic.GenericArray","0","0","0","0","0","0","no"
"avro","release-1.2.0","/src/java/org/apache/avro/io/parsing/Symbol.java/","org.apache.avro.io.parsing.Symbol.ErrorAction","0","0","0","0","0","0","no"
"avro","release-1.2.0","/src/java/org/apache/avro/io/JsonDecoder.java/","org.apache.avro.io.JsonDecoder","0","1","1","1","0","3","no"
"avro","release-1.2.0","/src/java/org/apache/avro/io/parsing/Symbol.java/","org.apache.avro.io.parsing.Symbol.ImplicitAction","0","0","0","0","0","0","no"
"avro","release-1.2.0","/src/java/org/apache/avro/ipc/Transceiver.java/","org.apache.avro.ipc.Transceiver","0","0","0","0","0","0","no"
"avro","release-1.2.0","/src/java/org/apache/avro/io/parsing/Symbol.java/","org.apache.avro.io.parsing.Symbol.IntCheckAction","0","0","0","0","0","0","no"
"avro","release-1.2.0","/src/java/org/apache/avro/generic/GenericFixed.java/","org.apache.avro.generic.GenericFixed","0","0","0","0","0","0","no"
"avro","release-1.2.0","/src/java/org/apache/avro/io/Decoder.java/","org.apache.avro.io.Decoder","0","1","1","0","0","2","no"
"avro","release-1.2.0","/src/java/org/apache/avro/ipc/SocketTransceiver.java/","org.apache.avro.ipc.SocketTransceiver","0","0","1","0","2","3","no"
"avro","release-1.2.0","/src/java/org/apache/avro/io/parsing/Parser.java/","org.apache.avro.io.parsing.Parser","0","1","1","0","0","2","no"
"avro","release-1.2.0","/src/java/org/apache/avro/generic/GenericDatumReader.java/","org.apache.avro.generic.GenericDatumReader","0","1","1","0","6","8","no"
"avro","release-1.2.0","/src/java/org/apache/avro/file/DataFileReader.java/","org.apache.avro.file.DataFileReader.SeekableBufferedInput","0","1","0","0","4","5","no"
"avro","release-1.2.0","/src/java/org/apache/avro/io/parsing/Symbol.java/","org.apache.avro.io.parsing.Symbol","0","0","0","0","15","15","no"
"avro","release-1.2.0","/src/java/org/apache/avro/io/parsing/Symbol.java/","org.apache.avro.io.parsing.Symbol.Root","0","0","1","0","1","2","no"
"avro","release-1.2.0","/src/java/org/apache/avro/generic/GenericData.java/","org.apache.avro.generic.GenericData.Record","0","0","1","0","2","3","no"
"avro","release-1.2.0","/src/java/org/apache/avro/file/DataFileConstants.java/","org.apache.avro.file.DataFileConstants","0","0","0","0","0","0","no"
"avro","release-1.2.0","/src/java/org/apache/avro/ipc/SocketServer.java/","org.apache.avro.ipc.SocketServer","0","0","1","0","5","6","no"
"avro","release-1.2.0","/src/java/org/apache/avro/file/DataFileWriter.java/","org.apache.avro.file.DataFileWriter.BufferedFileOutputStream","0","0","0","0","1","1","no"
"avro","release-1.2.0","/src/java/org/apache/avro/io/parsing/ResolvingGrammarGenerator.java/","org.apache.avro.io.parsing.ResolvingGrammarGenerator.LitS2","0","0","1","0","2","3","no"
"avro","release-1.2.0","/src/java/org/apache/avro/Schema.java/","org.apache.avro.Schema.Type","0","0","0","0","0","0","no"
"avro","release-1.2.0","/src/java/org/apache/avro/ipc/ByteBufferOutputStream.java/","org.apache.avro.ipc.ByteBufferOutputStream","0","0","1","0","4","5","no"
"avro","release-1.2.0","/src/java/org/apache/avro/ipc/Server.java/","org.apache.avro.ipc.Server","0","0","0","0","0","0","no"
"avro","release-1.2.0","/src/java/org/apache/avro/specific/SpecificRecord.java/","org.apache.avro.specific.SpecificRecord","0","0","0","0","0","0","no"
"avro","release-1.1.0","/src/java/org/apache/avro/specific/SpecificRecordBase.java/","org.apache.avro.specific.SpecificRecordBase","0","0","1","0","3","4","no"
"avro","release-1.1.0","/src/java/org/apache/avro/io/parsing/ValidatingGrammarGenerator.java/","org.apache.avro.io.parsing.ValidatingGrammarGenerator.LitS","0","0","1","0","2","3","no"
"avro","release-1.1.0","/src/java/org/apache/avro/specific/SpecificDatumWriter.java/","org.apache.avro.specific.SpecificDatumWriter","0","0","1","0","0","1","no"
"avro","release-1.1.0","/src/java/org/apache/avro/io/ParsingEncoder.java/","org.apache.avro.io.ParsingEncoder","0","0","1","0","0","1","no"
"avro","release-1.1.0","/src/java/org/apache/avro/io/BinaryData.java/","org.apache.avro.io.BinaryData","1","1","1","0","7","10","no"
"avro","release-1.1.0","/src/java/org/apache/avro/specific/ProtocolTask.java/","org.apache.avro.specific.ProtocolTask","0","0","1","0","5","6","no"
"avro","release-1.1.0","/src/java/org/apache/avro/io/parsing/Symbol.java/","org.apache.avro.io.parsing.Symbol.Sequence","0","0","1","0","5","6","no"
"avro","release-1.1.0","/src/java/org/apache/avro/Schema.java/","org.apache.avro.Schema.FixedSchema","0","0","1","0","4","5","no"
"avro","release-1.1.0","/src/java/org/apache/avro/reflect/ReflectDatumWriter.java/","org.apache.avro.reflect.ReflectDatumWriter","0","0","1","0","0","1","no"
"avro","release-1.1.0","/src/java/org/apache/avro/generic/GenericData.java/","org.apache.avro.generic.GenericData","1","1","1","1","15","19","no"
"avro","release-1.1.0","/src/java/org/apache/avro/file/SeekableFileInput.java/","org.apache.avro.file.SeekableFileInput","0","0","1","0","0","1","no"
"avro","release-1.1.0","/src/java/org/apache/avro/specific/SpecificCompiler.java/","org.apache.avro.specific.SpecificCompiler","1","1","1","0","4","7","no"
"avro","release-1.1.0","/src/java/org/apache/avro/Schema.java/","org.apache.avro.Schema.RecordSchema","0","1","1","0","9","11","no"
"avro","release-1.1.0","/src/java/org/apache/avro/io/parsing/Symbol.java/","org.apache.avro.io.parsing.Symbol.Kind","0","0","0","0","0","0","no"
"avro","release-1.1.0","/src/java/org/apache/avro/io/BlockingBinaryEncoder.java/","org.apache.avro.io.BlockingBinaryEncoder.BlockedValue.State","0","0","0","0","0","0","no"
"avro","release-1.1.0","/src/java/org/apache/avro/Protocol.java/","org.apache.avro.Protocol","0","1","1","0","11","13","no"
"avro","release-1.1.0","/src/java/org/apache/avro/file/SeekableInput.java/","org.apache.avro.file.SeekableInput","0","0","0","0","0","0","no"
"avro","release-1.1.0","/src/java/org/apache/avro/Schema.java/","org.apache.avro.Schema.DoubleSchema","0","0","0","0","0","0","no"
"avro","release-1.1.0","/src/java/org/apache/avro/Schema.java/","org.apache.avro.Schema.NamedSchema","0","1","1","0","5","7","no"
"avro","release-1.1.0","/src/java/org/apache/avro/Schema.java/","org.apache.avro.Schema","1","1","1","0","68","71","no"
"avro","release-1.1.0","/src/java/org/apache/avro/reflect/ReflectRequestor.java/","org.apache.avro.reflect.ReflectRequestor","0","0","1","0","2","3","no"
"avro","release-1.1.0","/src/java/org/apache/avro/generic/GenericDatumWriter.java/","org.apache.avro.generic.GenericDatumWriter","0","1","1","0","0","2","no"
"avro","release-1.1.0","/src/java/org/apache/avro/io/parsing/ResolvingGrammarGenerator.java/","org.apache.avro.io.parsing.ResolvingGrammarGenerator","1","1","1","1","8","12","no"
"avro","release-1.1.0","/src/java/org/apache/avro/Schema.java/","org.apache.avro.Schema.Field.Order","0","0","0","0","0","0","no"
"avro","release-1.1.0","/src/java/org/apache/avro/AvroRuntimeException.java/","org.apache.avro.AvroRuntimeException","0","0","0","0","0","0","no"
"avro","release-1.1.0","/src/java/org/apache/avro/Schema.java/","org.apache.avro.Schema.StringSchema","0","0","0","0","0","0","no"
"avro","release-1.1.0","/src/java/org/apache/avro/generic/GenericRecord.java/","org.apache.avro.generic.GenericRecord","0","0","0","0","0","0","no"
"avro","release-1.1.0","/src/java/org/apache/avro/reflect/FixedSize.java/","org.apache.avro.reflect.FixedSize","0","0","0","0","0","0","no"
"avro","release-1.1.0","/src/java/org/apache/avro/io/BinaryEncoder.java/","org.apache.avro.io.BinaryEncoder.ByteWriter","0","0","0","0","0","0","no"
"avro","release-1.1.0","/src/java/org/apache/avro/ipc/ByteBufferInputStream.java/","org.apache.avro.ipc.ByteBufferInputStream","0","0","1","0","2","3","no"
"avro","release-1.1.0","/src/java/org/apache/avro/io/parsing/Parser.java/","org.apache.avro.io.parsing.Parser.ActionHandler","0","0","0","0","0","0","no"
"avro","release-1.1.0","/src/java/org/apache/avro/io/DatumReader.java/","org.apache.avro.io.DatumReader","0","0","0","0","0","0","no"
"avro","release-1.1.0","/src/java/org/apache/avro/specific/SpecificRequestor.java/","org.apache.avro.specific.SpecificRequestor","0","0","1","0","0","1","no"
"avro","release-1.1.0","/src/java/org/apache/avro/io/parsing/Symbol.java/","org.apache.avro.io.parsing.Symbol.DefaultStartAction","0","0","0","0","0","0","no"
"avro","release-1.1.0","/src/java/org/apache/avro/specific/SpecificDatumReader.java/","org.apache.avro.specific.SpecificDatumReader","0","0","1","0","0","1","no"
"avro","release-1.1.0","/src/java/org/apache/avro/ipc/RPCContext.java/","org.apache.avro.ipc.RPCContext","0","0","0","0","2","2","no"
"avro","release-1.1.0","/src/java/org/apache/avro/io/ParsingDecoder.java/","org.apache.avro.io.ParsingDecoder","0","1","1","0","0","2","no"
"avro","release-1.1.0","/src/java/org/apache/avro/io/BlockingBinaryEncoder.java/","org.apache.avro.io.BlockingBinaryEncoder.BlockedValue","0","1","1","0","0","2","no"
"avro","release-1.1.0","/src/java/org/apache/avro/Schema.java/","org.apache.avro.Schema.LongSchema","0","0","0","0","0","0","no"
"avro","release-1.1.0","/src/java/org/apache/avro/generic/GenericData.java/","org.apache.avro.generic.GenericData.Fixed","0","1","1","0","6","8","no"
"avro","release-1.1.0","/src/java/org/apache/avro/io/ValidatingEncoder.java/","org.apache.avro.io.ValidatingEncoder","0","1","1","0","0","2","no"
"avro","release-1.1.0","/src/java/org/apache/avro/io/BlockingBinaryEncoder.java/","org.apache.avro.io.BlockingBinaryEncoder.EncoderBuffer","0","0","0","0","1","1","no"
"avro","release-1.1.0","/src/java/org/apache/avro/reflect/ReflectResponder.java/","org.apache.avro.reflect.ReflectResponder","0","1","1","0","0","2","no"
"avro","release-1.1.0","/src/java/org/apache/avro/Schema.java/","org.apache.avro.Schema.NullSchema","0","0","0","0","0","0","no"
"avro","release-1.1.0","/src/java/org/apache/avro/ipc/Requestor.java/","org.apache.avro.ipc.Requestor","1","1","1","0","1","4","no"
"avro","release-1.1.0","/src/java/org/apache/avro/io/JsonEncoder.java/","org.apache.avro.io.JsonEncoder","0","1","1","0","0","2","no"
"avro","release-1.1.0","/src/java/org/apache/avro/Schema.java/","org.apache.avro.Schema.BooleanSchema","0","0","0","0","0","0","no"
"avro","release-1.1.0","/src/java/org/apache/avro/Schema.java/","org.apache.avro.Schema.SeenPair","0","1","1","0","2","4","no"
"avro","release-1.1.0","/src/java/org/apache/avro/io/BinaryDecoder.java/","org.apache.avro.io.BinaryDecoder","0","1","1","0","5","7","no"
"avro","release-1.1.0","/src/java/org/apache/avro/io/Encoder.java/","org.apache.avro.io.Encoder","0","1","1","0","0","2","no"
"avro","release-1.1.0","/src/java/org/apache/avro/Protocol.java/","org.apache.avro.Protocol.Message","0","1","1","0","3","5","no"
"avro","release-1.1.0","/src/java/org/apache/avro/generic/GenericRequestor.java/","org.apache.avro.generic.GenericRequestor","0","0","1","0","1","2","no"
"avro","release-1.1.0","/src/java/org/apache/avro/io/parsing/Symbol.java/","org.apache.avro.io.parsing.Symbol.WriterUnionAction","0","0","0","0","0","0","no"
"avro","release-1.1.0","/src/java/org/apache/avro/file/DataFileReader.java/","org.apache.avro.file.DataFileReader","0","1","1","0","5","7","no"
"avro","release-1.1.0","/src/java/org/apache/avro/Schema.java/","org.apache.avro.Schema.UnionSchema","0","0","1","0","4","5","no"
"avro","release-1.1.0","/src/java/org/apache/avro/io/BinaryEncoder.java/","org.apache.avro.io.BinaryEncoder.ReuseByteWriter","0","0","1","0","0","1","no"
"avro","release-1.1.0","/src/java/org/apache/avro/io/parsing/Symbol.java/","org.apache.avro.io.parsing.Symbol.ResolvingAction","0","0","0","0","0","0","no"
"avro","release-1.1.0","/src/java/org/apache/avro/Schema.java/","org.apache.avro.Schema.FloatSchema","0","0","0","0","0","0","no"
"avro","release-1.1.0","/src/java/org/apache/avro/reflect/ReflectData.java/","org.apache.avro.reflect.ReflectData.AllowNull","0","0","1","0","2","3","no"
"avro","release-1.1.0","/src/java/org/apache/avro/io/parsing/Symbol.java/","org.apache.avro.io.parsing.Symbol.SkipAction","0","0","0","0","0","0","no"
"avro","release-1.1.0","/src/java/org/apache/avro/io/parsing/Symbol.java/","org.apache.avro.io.parsing.Symbol.Alternative","0","0","1","0","1","2","no"
"avro","release-1.1.0","/src/java/org/apache/avro/Schema.java/","org.apache.avro.Schema.Names","0","0","1","0","4","5","no"
"avro","release-1.1.0","/src/java/org/apache/avro/generic/GenericResponder.java/","org.apache.avro.generic.GenericResponder","0","0","1","0","0","1","no"
"avro","release-1.1.0","/src/java/org/apache/avro/io/ResolvingDecoder.java/","org.apache.avro.io.ResolvingDecoder","0","1","1","1","0","3","no"
"avro","release-1.1.0","/src/java/org/apache/avro/io/BlockingBinaryEncoder.java/","org.apache.avro.io.BlockingBinaryEncoder","1","1","1","0","2","5","no"
"avro","release-1.1.0","/src/java/org/apache/avro/reflect/ReflectData.java/","org.apache.avro.reflect.ReflectData","1","1","1","1","9","13","no"
"avro","release-1.1.0","/src/java/org/apache/avro/io/ValidatingDecoder.java/","org.apache.avro.io.ValidatingDecoder","0","1","1","0","2","4","no"
"avro","release-1.1.0","/src/java/org/apache/avro/Schema.java/","org.apache.avro.Schema.Field","0","1","1","0","2","4","no"
"avro","release-1.1.0","/src/java/org/apache/avro/file/DataFileWriter.java/","org.apache.avro.file.DataFileWriter.BufferedFileOutputStream.PositionFilter","0","0","1","0","1","2","no"
"avro","release-1.1.0","/src/java/org/apache/avro/AvroTypeException.java/","org.apache.avro.AvroTypeException","0","0","0","0","0","0","no"
"avro","release-1.1.0","/src/java/org/apache/avro/io/parsing/JsonGrammarGenerator.java/","org.apache.avro.io.parsing.JsonGrammarGenerator","1","1","1","1","0","4","no"
"avro","release-1.1.0","/src/java/org/apache/avro/specific/SpecificResponder.java/","org.apache.avro.specific.SpecificResponder","0","0","0","0","0","0","no"
"avro","release-1.1.0","/src/java/org/apache/avro/io/DatumWriter.java/","org.apache.avro.io.DatumWriter","0","0","0","0","0","0","no"
"avro","release-1.1.0","/src/java/org/apache/avro/io/parsing/Symbol.java/","org.apache.avro.io.parsing.Symbol.UnionAdjustAction","0","0","0","0","0","0","no"
"avro","release-1.1.0","/src/java/org/apache/avro/io/parsing/Symbol.java/","org.apache.avro.io.parsing.Symbol.Terminal","0","0","0","0","1","1","no"
"avro","release-1.1.0","/src/java/org/apache/avro/generic/GenericContainer.java/","org.apache.avro.generic.GenericContainer","0","0","0","0","0","0","no"
"avro","release-1.1.0","/src/java/org/apache/avro/specific/SchemaTask.java/","org.apache.avro.specific.SchemaTask","0","0","1","0","0","1","no"
"avro","release-1.1.0","/src/java/org/apache/avro/io/parsing/SkipParser.java/","org.apache.avro.io.parsing.SkipParser","0","1","1","0","0","2","no"
"avro","release-1.1.0","/src/java/org/apache/avro/io/BinaryDecoder.java/","org.apache.avro.io.BinaryDecoder.ReuseByteReader","0","0","0","0","0","0","no"
"avro","release-1.1.0","/src/java/org/apache/avro/Schema.java/","org.apache.avro.Schema.EnumSchema","0","0","1","0","5","6","no"
"avro","release-1.1.0","/src/java/org/apache/avro/io/parsing/Symbol.java/","org.apache.avro.io.parsing.Symbol.EnumAdjustAction","0","0","0","0","2","2","no"
"avro","release-1.1.0","/src/java/org/apache/avro/ipc/RPCPlugin.java/","org.apache.avro.ipc.RPCPlugin","0","0","0","0","0","0","no"
"avro","release-1.1.0","/src/java/org/apache/avro/generic/GenericData.java/","org.apache.avro.generic.GenericData.Array","0","0","1","0","6","7","no"
"avro","release-1.1.0","/src/java/org/apache/avro/io/parsing/Symbol.java/","org.apache.avro.io.parsing.Symbol.Repeater","0","0","1","0","1","2","no"
"avro","release-1.1.0","/src/java/org/apache/avro/io/BinaryEncoder.java/","org.apache.avro.io.BinaryEncoder.SimpleByteWriter","0","0","1","0","0","1","no"
"avro","release-1.1.0","/src/java/org/apache/avro/Schema.java/","org.apache.avro.Schema.BytesSchema","0","0","0","0","0","0","no"
"avro","release-1.1.0","/src/java/org/apache/avro/Schema.java/","org.apache.avro.Schema.ArraySchema","0","0","1","0","4","5","no"
"avro","release-1.1.0","/src/java/org/apache/avro/ipc/Responder.java/","org.apache.avro.ipc.Responder","1","1","1","0","0","3","no"
"avro","release-1.1.0","/src/java/org/apache/avro/util/Utf8.java/","org.apache.avro.util.Utf8","0","1","1","0","5","7","no"
"avro","release-1.1.0","/src/java/org/apache/avro/io/parsing/Symbol.java/","org.apache.avro.io.parsing.Symbol.EnumLabelsAction","0","0","1","0","0","1","no"
"avro","release-1.1.0","/src/java/org/apache/avro/io/parsing/ValidatingGrammarGenerator.java/","org.apache.avro.io.parsing.ValidatingGrammarGenerator","1","1","1","1","2","6","no"
"avro","release-1.1.0","/src/java/org/apache/avro/io/BinaryDecoder.java/","org.apache.avro.io.BinaryDecoder.ByteReader","0","0","1","0","0","1","no"
"avro","release-1.1.0","/src/java/org/apache/avro/SchemaParseException.java/","org.apache.avro.SchemaParseException","0","0","0","0","0","0","no"
"avro","release-1.1.0","/src/java/org/apache/avro/io/parsing/SkipParser.java/","org.apache.avro.io.parsing.SkipParser.SkipHandler","0","0","0","0","0","0","no"
"avro","release-1.1.0","/src/java/org/apache/avro/io/BinaryData.java/","org.apache.avro.io.BinaryData.Decoders","0","0","0","0","2","2","no"
"avro","release-1.1.0","/src/java/org/apache/avro/Schema.java/","org.apache.avro.Schema.IntSchema","0","0","0","0","0","0","no"
"avro","release-1.1.0","/src/java/org/apache/avro/io/parsing/Symbol.java/","org.apache.avro.io.parsing.Symbol.FieldAdjustAction","0","0","0","0","0","0","no"
"avro","release-1.1.0","/src/java/org/apache/avro/io/BinaryEncoder.java/","org.apache.avro.io.BinaryEncoder","0","1","1","1","5","8","no"
"avro","release-1.1.0","/src/java/org/apache/avro/file/DataFileWriter.java/","org.apache.avro.file.DataFileWriter","0","1","1","0","1","3","no"
"avro","release-1.1.0","/src/java/org/apache/avro/ipc/SocketServer.java/","org.apache.avro.ipc.SocketServer.Connection","0","0","1","0","1","2","no"
"avro","release-1.1.0","/src/java/org/apache/avro/Schema.java/","org.apache.avro.Schema.MapSchema","0","0","1","0","4","5","no"
"avro","release-1.1.0","/src/java/org/apache/avro/specific/SpecificFixed.java/","org.apache.avro.specific.SpecificFixed","0","0","0","0","0","0","no"
"avro","release-1.1.0","/src/java/org/apache/avro/specific/SpecificData.java/","org.apache.avro.specific.SpecificData","0","0","1","0","0","1","no"
"avro","release-1.1.0","/src/java/org/apache/avro/specific/SpecificExceptionBase.java/","org.apache.avro.specific.SpecificExceptionBase","0","0","1","0","2","3","no"
"avro","release-1.1.0","/src/java/org/apache/avro/reflect/ReflectDatumReader.java/","org.apache.avro.reflect.ReflectDatumReader","0","0","1","0","0","1","no"
"avro","release-1.1.0","/src/java/org/apache/avro/ipc/AvroRemoteException.java/","org.apache.avro.ipc.AvroRemoteException","0","0","0","0","0","0","no"
"avro","release-1.1.0","/src/java/org/apache/avro/file/DataFileReader.java/","org.apache.avro.file.DataFileReader.SeekableBufferedInput.PositionFilter","0","0","1","0","2","3","no"
"avro","release-1.1.0","/src/java/org/apache/avro/io/BinaryData.java/","org.apache.avro.io.BinaryData.Buffer","0","0","0","0","2","2","no"
"avro","release-1.1.0","/src/java/org/apache/avro/generic/GenericArray.java/","org.apache.avro.generic.GenericArray","0","0","0","0","0","0","no"
"avro","release-1.1.0","/src/java/org/apache/avro/io/parsing/Symbol.java/","org.apache.avro.io.parsing.Symbol.ErrorAction","0","0","0","0","0","0","no"
"avro","release-1.1.0","/src/java/org/apache/avro/io/JsonDecoder.java/","org.apache.avro.io.JsonDecoder","0","1","1","1","0","3","no"
"avro","release-1.1.0","/src/java/org/apache/avro/io/parsing/Symbol.java/","org.apache.avro.io.parsing.Symbol.ImplicitAction","0","0","0","0","0","0","no"
"avro","release-1.1.0","/src/java/org/apache/avro/ipc/Transceiver.java/","org.apache.avro.ipc.Transceiver","0","0","0","0","0","0","no"
"avro","release-1.1.0","/src/java/org/apache/avro/io/parsing/Symbol.java/","org.apache.avro.io.parsing.Symbol.IntCheckAction","0","0","0","0","0","0","no"
"avro","release-1.1.0","/src/java/org/apache/avro/generic/GenericFixed.java/","org.apache.avro.generic.GenericFixed","0","0","0","0","0","0","no"
"avro","release-1.1.0","/src/java/org/apache/avro/io/Decoder.java/","org.apache.avro.io.Decoder","0","1","1","0","0","2","no"
"avro","release-1.1.0","/src/java/org/apache/avro/ipc/SocketTransceiver.java/","org.apache.avro.ipc.SocketTransceiver","0","0","1","0","2","3","no"
"avro","release-1.1.0","/src/java/org/apache/avro/io/parsing/Parser.java/","org.apache.avro.io.parsing.Parser","0","1","1","0","0","2","no"
"avro","release-1.1.0","/src/java/org/apache/avro/generic/GenericDatumReader.java/","org.apache.avro.generic.GenericDatumReader","0","1","1","0","6","8","no"
"avro","release-1.1.0","/src/java/org/apache/avro/file/DataFileReader.java/","org.apache.avro.file.DataFileReader.SeekableBufferedInput","0","1","0","0","4","5","no"
"avro","release-1.1.0","/src/java/org/apache/avro/io/parsing/Symbol.java/","org.apache.avro.io.parsing.Symbol","0","0","0","0","15","15","no"
"avro","release-1.1.0","/src/java/org/apache/avro/io/parsing/Symbol.java/","org.apache.avro.io.parsing.Symbol.Root","0","0","1","0","1","2","no"
"avro","release-1.1.0","/src/java/org/apache/avro/generic/GenericData.java/","org.apache.avro.generic.GenericData.Record","0","0","1","0","2","3","no"
"avro","release-1.1.0","/src/java/org/apache/avro/ipc/SocketServer.java/","org.apache.avro.ipc.SocketServer","0","0","1","0","5","6","no"
"avro","release-1.1.0","/src/java/org/apache/avro/file/DataFileWriter.java/","org.apache.avro.file.DataFileWriter.BufferedFileOutputStream","0","0","0","0","1","1","no"
"avro","release-1.1.0","/src/java/org/apache/avro/io/parsing/ResolvingGrammarGenerator.java/","org.apache.avro.io.parsing.ResolvingGrammarGenerator.LitS2","0","0","1","0","2","3","no"
"avro","release-1.1.0","/src/java/org/apache/avro/Schema.java/","org.apache.avro.Schema.Type","0","0","0","0","0","0","no"
"avro","release-1.1.0","/src/java/org/apache/avro/ipc/ByteBufferOutputStream.java/","org.apache.avro.ipc.ByteBufferOutputStream","0","0","1","0","4","5","no"
"avro","release-1.1.0","/src/java/org/apache/avro/specific/SpecificRecord.java/","org.apache.avro.specific.SpecificRecord","0","0","0","0","0","0","no"
"avro","release-1.0.0","/src/java/org/apache/avro/specific/SpecificRecordBase.java/","org.apache.avro.specific.SpecificRecordBase","0","0","1","0","2","3","no"
"avro","release-1.0.0","/src/java/org/apache/avro/specific/SpecificDatumWriter.java/","org.apache.avro.specific.SpecificDatumWriter","0","0","1","0","0","1","no"
"avro","release-1.0.0","/src/java/org/apache/avro/Schema.java/","org.apache.avro.Schema.UnionSchema","0","0","1","0","4","5","no"
"avro","release-1.0.0","/src/java/org/apache/avro/io/BinaryEncoder.java/","org.apache.avro.io.BinaryEncoder.ReuseByteWriter","0","0","1","0","0","1","no"
"avro","release-1.0.0","/src/java/org/apache/avro/specific/ProtocolTask.java/","org.apache.avro.specific.ProtocolTask","0","0","1","0","5","6","no"
"avro","release-1.0.0","/src/java/org/apache/avro/Schema.java/","org.apache.avro.Schema.FixedSchema","0","0","1","0","4","5","no"
"avro","release-1.0.0","/src/java/org/apache/avro/reflect/ReflectDatumWriter.java/","org.apache.avro.reflect.ReflectDatumWriter","0","0","1","0","0","1","no"
"avro","release-1.0.0","/src/java/org/apache/avro/generic/GenericData.java/","org.apache.avro.generic.GenericData","1","1","1","1","11","15","no"
"avro","release-1.0.0","/src/java/org/apache/avro/Schema.java/","org.apache.avro.Schema.FloatSchema","0","0","1","0","1","2","no"
"avro","release-1.0.0","/src/java/org/apache/avro/file/SeekableFileInput.java/","org.apache.avro.file.SeekableFileInput","0","0","1","0","0","1","no"
"avro","release-1.0.0","/src/java/org/apache/avro/Schema.java/","org.apache.avro.Schema.Names","0","0","1","0","4","5","no"
"avro","release-1.0.0","/src/java/org/apache/avro/specific/SpecificCompiler.java/","org.apache.avro.specific.SpecificCompiler","1","1","1","0","4","7","no"
"avro","release-1.0.0","/src/java/org/apache/avro/generic/GenericResponder.java/","org.apache.avro.generic.GenericResponder","0","0","1","0","0","1","no"
"avro","release-1.0.0","/src/java/org/apache/avro/io/ResolvingDecoder.java/","org.apache.avro.io.ResolvingDecoder","0","1","1","0","0","2","no"
"avro","release-1.0.0","/src/java/org/apache/avro/io/BlockingBinaryEncoder.java/","org.apache.avro.io.BlockingBinaryEncoder","1","1","1","0","2","5","no"
"avro","release-1.0.0","/src/java/org/apache/avro/Schema.java/","org.apache.avro.Schema.RecordSchema","0","1","1","0","9","11","no"
"avro","release-1.0.0","/src/java/org/apache/avro/reflect/ReflectData.java/","org.apache.avro.reflect.ReflectData","1","1","1","1","7","11","no"
"avro","release-1.0.0","/src/java/org/apache/avro/io/ValidatingDecoder.java/","org.apache.avro.io.ValidatingDecoder","1","1","1","1","4","8","no"
"avro","release-1.0.0","/src/java/org/apache/avro/Schema.java/","org.apache.avro.Schema.Field","0","1","1","0","1","3","no"
"avro","release-1.0.0","/src/java/org/apache/avro/io/BlockingBinaryEncoder.java/","org.apache.avro.io.BlockingBinaryEncoder.BlockedValue.State","0","0","0","0","0","0","no"
"avro","release-1.0.0","/src/java/org/apache/avro/Protocol.java/","org.apache.avro.Protocol","0","1","1","0","11","13","no"
"avro","release-1.0.0","/src/java/org/apache/avro/file/SeekableInput.java/","org.apache.avro.file.SeekableInput","0","0","0","0","0","0","no"
"avro","release-1.0.0","/src/java/org/apache/avro/Schema.java/","org.apache.avro.Schema.DoubleSchema","0","0","1","0","1","2","no"
"avro","release-1.0.0","/src/java/org/apache/avro/file/DataFileWriter.java/","org.apache.avro.file.DataFileWriter.BufferedFileOutputStream.PositionFilter","0","0","1","0","1","2","no"
"avro","release-1.0.0","/src/java/org/apache/avro/Schema.java/","org.apache.avro.Schema.NamedSchema","0","1","1","0","5","7","no"
"avro","release-1.0.0","/src/java/org/apache/avro/Schema.java/","org.apache.avro.Schema","1","1","1","0","74","77","no"
"avro","release-1.0.0","/src/java/org/apache/avro/reflect/ReflectRequestor.java/","org.apache.avro.reflect.ReflectRequestor","0","0","1","0","1","2","no"
"avro","release-1.0.0","/src/java/org/apache/avro/AvroTypeException.java/","org.apache.avro.AvroTypeException","0","0","0","0","0","0","no"
"avro","release-1.0.0","/src/java/org/apache/avro/generic/GenericDatumWriter.java/","org.apache.avro.generic.GenericDatumWriter","0","1","1","0","0","2","no"
"avro","release-1.0.0","/src/java/org/apache/avro/specific/SpecificResponder.java/","org.apache.avro.specific.SpecificResponder","0","0","0","0","0","0","no"
"avro","release-1.0.0","/src/java/org/apache/avro/io/DatumWriter.java/","org.apache.avro.io.DatumWriter","0","0","0","0","0","0","no"
"avro","release-1.0.0","/src/java/org/apache/avro/io/ResolvingTable.java/","org.apache.avro.io.ResolvingTable.LitS2","0","0","1","0","2","3","no"
"avro","release-1.0.0","/src/java/org/apache/avro/AvroRuntimeException.java/","org.apache.avro.AvroRuntimeException","0","0","0","0","0","0","no"
"avro","release-1.0.0","/src/java/org/apache/avro/Schema.java/","org.apache.avro.Schema.StringSchema","0","0","1","0","1","2","no"
"avro","release-1.0.0","/src/java/org/apache/avro/specific/SchemaTask.java/","org.apache.avro.specific.SchemaTask","0","0","1","0","0","1","no"
"avro","release-1.0.0","/src/java/org/apache/avro/io/ParsingTable.java/","org.apache.avro.io.ParsingTable.LitS","0","0","1","0","2","3","no"
"avro","release-1.0.0","/src/java/org/apache/avro/generic/GenericRecord.java/","org.apache.avro.generic.GenericRecord","0","0","0","0","0","0","no"
"avro","release-1.0.0","/src/java/org/apache/avro/reflect/FixedSize.java/","org.apache.avro.reflect.FixedSize","0","0","0","0","0","0","no"
"avro","release-1.0.0","/src/java/org/apache/avro/io/BinaryDecoder.java/","org.apache.avro.io.BinaryDecoder.ReuseByteReader","0","0","0","0","0","0","no"
"avro","release-1.0.0","/src/java/org/apache/avro/Schema.java/","org.apache.avro.Schema.EnumSchema","0","0","1","0","5","6","no"
"avro","release-1.0.0","/src/java/org/apache/avro/io/BinaryEncoder.java/","org.apache.avro.io.BinaryEncoder.ByteWriter","0","0","0","0","0","0","no"
"avro","release-1.0.0","/src/java/org/apache/avro/ipc/ByteBufferInputStream.java/","org.apache.avro.ipc.ByteBufferInputStream","0","0","1","0","2","3","no"
"avro","release-1.0.0","/src/java/org/apache/avro/io/DatumReader.java/","org.apache.avro.io.DatumReader","0","0","0","0","0","0","no"
"avro","release-1.0.0","/src/java/org/apache/avro/specific/SpecificRequestor.java/","org.apache.avro.specific.SpecificRequestor","0","0","1","0","0","1","no"
"avro","release-1.0.0","/src/java/org/apache/avro/generic/GenericData.java/","org.apache.avro.generic.GenericData.Array","0","0","1","0","5","6","no"
"avro","release-1.0.0","/src/java/org/apache/avro/specific/SpecificDatumReader.java/","org.apache.avro.specific.SpecificDatumReader","0","0","1","0","0","1","no"
"avro","release-1.0.0","/src/java/org/apache/avro/io/BinaryEncoder.java/","org.apache.avro.io.BinaryEncoder.SimpleByteWriter","0","0","1","0","0","1","no"
"avro","release-1.0.0","/src/java/org/apache/avro/Schema.java/","org.apache.avro.Schema.BytesSchema","0","0","1","0","1","2","no"
"avro","release-1.0.0","/src/java/org/apache/avro/io/BlockingBinaryEncoder.java/","org.apache.avro.io.BlockingBinaryEncoder.BlockedValue","0","1","1","0","0","2","no"
"avro","release-1.0.0","/src/java/org/apache/avro/Schema.java/","org.apache.avro.Schema.ArraySchema","0","0","1","0","4","5","no"
"avro","release-1.0.0","/src/java/org/apache/avro/ipc/Responder.java/","org.apache.avro.ipc.Responder","1","1","1","0","1","4","no"
"avro","release-1.0.0","/src/java/org/apache/avro/util/Utf8.java/","org.apache.avro.util.Utf8","0","1","0","0","4","5","no"
"avro","release-1.0.0","/src/java/org/apache/avro/io/ResolvingTable.java/","org.apache.avro.io.ResolvingTable","1","1","1","0","9","12","no"
"avro","release-1.0.0","/src/java/org/apache/avro/io/BinaryDecoder.java/","org.apache.avro.io.BinaryDecoder.ByteReader","0","0","1","0","0","1","no"
"avro","release-1.0.0","/src/java/org/apache/avro/SchemaParseException.java/","org.apache.avro.SchemaParseException","0","0","0","0","0","0","no"
"avro","release-1.0.0","/src/java/org/apache/avro/Schema.java/","org.apache.avro.Schema.IntSchema","0","0","1","0","1","2","no"
"avro","release-1.0.0","/src/java/org/apache/avro/io/BinaryEncoder.java/","org.apache.avro.io.BinaryEncoder","0","1","1","1","5","8","no"
"avro","release-1.0.0","/src/java/org/apache/avro/file/DataFileWriter.java/","org.apache.avro.file.DataFileWriter","0","0","1","0","2","3","no"
"avro","release-1.0.0","/src/java/org/apache/avro/ipc/SocketServer.java/","org.apache.avro.ipc.SocketServer.Connection","0","0","1","0","1","2","no"
"avro","release-1.0.0","/src/java/org/apache/avro/Schema.java/","org.apache.avro.Schema.LongSchema","0","0","1","0","1","2","no"
"avro","release-1.0.0","/src/java/org/apache/avro/generic/GenericData.java/","org.apache.avro.generic.GenericData.Fixed","0","0","1","0","5","6","no"
"avro","release-1.0.0","/src/java/org/apache/avro/io/ValidatingEncoder.java/","org.apache.avro.io.ValidatingEncoder","0","1","1","1","0","3","no"
"avro","release-1.0.0","/src/java/org/apache/avro/io/BlockingBinaryEncoder.java/","org.apache.avro.io.BlockingBinaryEncoder.EncoderBuffer","0","0","0","0","1","1","no"
"avro","release-1.0.0","/src/java/org/apache/avro/Schema.java/","org.apache.avro.Schema.MapSchema","0","0","1","0","4","5","no"
"avro","release-1.0.0","/src/java/org/apache/avro/specific/SpecificFixed.java/","org.apache.avro.specific.SpecificFixed","0","0","0","0","0","0","no"
"avro","release-1.0.0","/src/java/org/apache/avro/specific/SpecificExceptionBase.java/","org.apache.avro.specific.SpecificExceptionBase","0","0","1","0","2","3","no"
"avro","release-1.0.0","/src/java/org/apache/avro/reflect/ReflectResponder.java/","org.apache.avro.reflect.ReflectResponder","0","1","1","0","0","2","no"
"avro","release-1.0.0","/src/java/org/apache/avro/reflect/ReflectDatumReader.java/","org.apache.avro.reflect.ReflectDatumReader","0","0","1","0","0","1","no"
"avro","release-1.0.0","/src/java/org/apache/avro/ipc/AvroRemoteException.java/","org.apache.avro.ipc.AvroRemoteException","0","0","0","0","0","0","no"
"avro","release-1.0.0","/src/java/org/apache/avro/Schema.java/","org.apache.avro.Schema.NullSchema","0","0","1","0","1","2","no"
"avro","release-1.0.0","/src/java/org/apache/avro/ipc/Requestor.java/","org.apache.avro.ipc.Requestor","0","1","1","0","2","4","no"
"avro","release-1.0.0","/src/java/org/apache/avro/file/DataFileReader.java/","org.apache.avro.file.DataFileReader.SeekableBufferedInput.PositionFilter","0","0","1","0","2","3","no"
"avro","release-1.0.0","/src/java/org/apache/avro/generic/GenericArray.java/","org.apache.avro.generic.GenericArray","0","0","0","0","0","0","no"
"avro","release-1.0.0","/src/java/org/apache/avro/Schema.java/","org.apache.avro.Schema.BooleanSchema","0","0","1","0","1","2","no"
"avro","release-1.0.0","/src/java/org/apache/avro/ipc/Transceiver.java/","org.apache.avro.ipc.Transceiver","0","0","0","0","0","0","no"
"avro","release-1.0.0","/src/java/org/apache/avro/generic/GenericFixed.java/","org.apache.avro.generic.GenericFixed","0","0","0","0","0","0","no"
"avro","release-1.0.0","/src/java/org/apache/avro/Schema.java/","org.apache.avro.Schema.SeenPair","0","1","1","0","2","4","no"
"avro","release-1.0.0","/src/java/org/apache/avro/io/ParsingTable.java/","org.apache.avro.io.ParsingTable","1","1","1","0","4","7","no"
"avro","release-1.0.0","/src/java/org/apache/avro/io/Decoder.java/","org.apache.avro.io.Decoder","0","1","1","0","0","2","no"
"avro","release-1.0.0","/src/java/org/apache/avro/ipc/SocketTransceiver.java/","org.apache.avro.ipc.SocketTransceiver","0","0","1","0","2","3","no"
"avro","release-1.0.0","/src/java/org/apache/avro/generic/GenericDatumReader.java/","org.apache.avro.generic.GenericDatumReader","0","1","1","0","6","8","no"
"avro","release-1.0.0","/src/java/org/apache/avro/file/DataFileReader.java/","org.apache.avro.file.DataFileReader.SeekableBufferedInput","0","1","0","0","4","5","no"
"avro","release-1.0.0","/src/java/org/apache/avro/io/BinaryDecoder.java/","org.apache.avro.io.BinaryDecoder","0","1","1","0","5","7","no"
"avro","release-1.0.0","/src/java/org/apache/avro/generic/GenericData.java/","org.apache.avro.generic.GenericData.Record","0","0","0","0","0","0","no"
"avro","release-1.0.0","/src/java/org/apache/avro/ipc/SocketServer.java/","org.apache.avro.ipc.SocketServer","0","0","1","0","5","6","no"
"avro","release-1.0.0","/src/java/org/apache/avro/io/Encoder.java/","org.apache.avro.io.Encoder","0","1","1","0","0","2","no"
"avro","release-1.0.0","/src/java/org/apache/avro/file/DataFileWriter.java/","org.apache.avro.file.DataFileWriter.BufferedFileOutputStream","0","0","0","0","1","1","no"
"avro","release-1.0.0","/src/java/org/apache/avro/Schema.java/","org.apache.avro.Schema.Type","0","0","0","0","0","0","no"
"avro","release-1.0.0","/src/java/org/apache/avro/Protocol.java/","org.apache.avro.Protocol.Message","0","1","1","0","3","5","no"
"avro","release-1.0.0","/src/java/org/apache/avro/generic/GenericRequestor.java/","org.apache.avro.generic.GenericRequestor","0","0","1","0","1","2","no"
"avro","release-1.0.0","/src/java/org/apache/avro/ipc/ByteBufferOutputStream.java/","org.apache.avro.ipc.ByteBufferOutputStream","0","0","1","0","4","5","no"
"avro","release-1.0.0","/src/java/org/apache/avro/specific/SpecificRecord.java/","org.apache.avro.specific.SpecificRecord","0","0","0","0","0","0","no"
"avro","release-1.0.0","/src/java/org/apache/avro/file/DataFileReader.java/","org.apache.avro.file.DataFileReader","0","1","1","0","5","7","no"
"avro","release-1.3.3","/lang/java/src/java/org/apache/avro/ipc/ByteBufferOutputStream.java/","org.apache.avro.ipc.ByteBufferOutputStream","0","0","1","0","4","5","no"
"avro","release-1.3.3","/lang/java/src/java/org/apache/avro/io/ResolvingDecoder.java/","org.apache.avro.io.ResolvingDecoder","0","1","1","1","0","3","no"
"avro","release-1.3.3","/lang/java/src/java/org/apache/avro/file/DeflateCodec.java/","org.apache.avro.file.DeflateCodec.Option","0","0","0","0","0","0","yes"
"avro","release-1.3.3","/lang/java/src/java/org/apache/avro/ipc/LocalTransceiver.java/","org.apache.avro.ipc.LocalTransceiver","0","0","1","0","0","1","no"
"avro","release-1.3.3","/lang/java/src/java/org/apache/avro/generic/GenericContainer.java/","org.apache.avro.generic.GenericContainer","0","0","0","0","0","0","no"
"avro","release-1.3.3","/lang/java/src/java/org/apache/avro/ipc/ResponderServlet.java/","org.apache.avro.ipc.ResponderServlet","0","0","1","0","0","1","no"
"avro","release-1.3.3","/lang/java/src/java/org/apache/avro/io/parsing/Symbol.java/","org.apache.avro.io.parsing.Symbol.EnumLabelsAction","0","0","1","0","0","1","no"
"avro","release-1.3.3","/lang/java/src/java/org/apache/avro/io/Decoder.java/","org.apache.avro.io.Decoder","0","1","1","0","0","2","no"
"avro","release-1.3.3","/lang/java/src/java/org/apache/avro/generic/GenericDatumWriter.java/","org.apache.avro.generic.GenericDatumWriter","0","1","1","0","0","2","no"
"avro","release-1.3.3","/lang/java/src/java/org/apache/avro/generic/GenericFixed.java/","org.apache.avro.generic.GenericFixed","0","0","0","0","0","0","no"
"avro","release-1.3.3","/lang/java/src/java/org/apache/avro/Schema.java/","org.apache.avro.Schema.FixedSchema","0","0","1","0","4","5","yes"
"avro","release-1.3.3","/lang/java/src/java/org/apache/avro/specific/SpecificData.java/","org.apache.avro.specific.SpecificData","1","1","1","0","1","4","no"
"avro","release-1.3.3","/lang/java/src/java/org/apache/avro/ipc/stats/Histogram.java/","org.apache.avro.ipc.stats.Histogram.Entry","0","0","0","0","0","0","no"
"avro","release-1.3.3","/lang/java/src/java/org/apache/avro/Schema.java/","org.apache.avro.Schema.RecordSchema","0","1","1","0","6","8","yes"
"avro","release-1.3.3","/lang/java/src/java/org/apache/avro/specific/SpecificDatumWriter.java/","org.apache.avro.specific.SpecificDatumWriter","0","0","1","0","0","1","no"
"avro","release-1.3.3","/lang/java/src/java/org/apache/avro/ipc/DatagramServer.java/","org.apache.avro.ipc.DatagramServer","0","0","1","0","2","3","no"
"avro","release-1.3.3","/lang/java/src/java/org/apache/avro/Schema.java/","org.apache.avro.Schema.MapSchema","0","0","1","0","4","5","yes"
"avro","release-1.3.3","/lang/java/src/java/org/apache/avro/io/parsing/Symbol.java/","org.apache.avro.io.parsing.Symbol.Terminal","0","0","0","0","1","1","no"
"avro","release-1.3.3","/lang/java/src/java/org/apache/avro/reflect/ReflectData.java/","org.apache.avro.reflect.ReflectData","1","1","1","0","3","6","yes"
"avro","release-1.3.3","/lang/java/src/java/org/apache/avro/io/BinaryData.java/","org.apache.avro.io.BinaryData","1","1","1","0","5","8","no"
"avro","release-1.3.3","/lang/java/src/java/org/apache/avro/Schema.java/","org.apache.avro.Schema.DoubleSchema","0","0","0","0","0","0","yes"
"avro","release-1.3.3","/lang/java/src/java/org/apache/avro/Schema.java/","org.apache.avro.Schema.LongSchema","0","0","0","0","0","0","yes"
"avro","release-1.3.3","/lang/java/src/java/org/apache/avro/ipc/Server.java/","org.apache.avro.ipc.Server","0","0","0","0","0","0","no"
"avro","release-1.3.3","/lang/java/src/java/org/apache/avro/io/parsing/Symbol.java/","org.apache.avro.io.parsing.Symbol.Kind","0","0","0","0","0","0","no"
"avro","release-1.3.3","/lang/java/src/java/org/apache/avro/SchemaParseException.java/","org.apache.avro.SchemaParseException","0","0","0","0","0","0","no"
"avro","release-1.3.3","/lang/java/src/java/org/apache/avro/io/parsing/Symbol.java/","org.apache.avro.io.parsing.Symbol","0","1","1","0","22","24","no"
"avro","release-1.3.3","/lang/java/src/java/org/apache/avro/file/SeekableFileInput.java/","org.apache.avro.file.SeekableFileInput","0","0","1","0","0","1","no"
"avro","release-1.3.3","/lang/java/src/java/org/apache/avro/Schema.java/","org.apache.avro.Schema.SeenPair","0","1","1","0","2","4","yes"
"avro","release-1.3.3","/lang/java/src/java/org/apache/avro/tool/JsonToBinaryFragmentTool.java/","org.apache.avro.tool.JsonToBinaryFragmentTool","0","0","1","1","2","4","yes"
"avro","release-1.3.3","/lang/java/src/java/org/apache/avro/ipc/stats/Stopwatch.java/","org.apache.avro.ipc.stats.Stopwatch.Ticks","0","0","0","0","0","0","no"
"avro","release-1.3.3","/lang/java/src/java/org/apache/avro/file/DeflateCodec.java/","org.apache.avro.file.DeflateCodec","0","0","1","0","0","1","yes"
"avro","release-1.3.3","/lang/java/src/java/org/apache/avro/io/parsing/JsonGrammarGenerator.java/","org.apache.avro.io.parsing.JsonGrammarGenerator","0","1","1","1","0","3","no"
"avro","release-1.3.3","/lang/java/src/java/org/apache/avro/file/NullCodec.java/","org.apache.avro.file.NullCodec.Option","0","0","0","0","0","0","no"
"avro","release-1.3.3","/lang/java/src/java/org/apache/avro/Schema.java/","org.apache.avro.Schema.Field.Order","0","0","0","0","0","0","yes"
"avro","release-1.3.3","/lang/java/src/java/org/apache/avro/io/parsing/Symbol.java/","org.apache.avro.io.parsing.Symbol.WriterUnionAction","0","0","0","0","0","0","no"
"avro","release-1.3.3","/lang/java/src/java/org/apache/avro/Schema.java/","org.apache.avro.Schema.BooleanSchema","0","0","0","0","0","0","yes"
"avro","release-1.3.3","/lang/java/src/java/org/apache/avro/io/parsing/Symbol.java/","org.apache.avro.io.parsing.Symbol.EnumAdjustAction","0","0","0","0","2","2","no"
"avro","release-1.3.3","/lang/java/src/java/org/apache/avro/io/parsing/Symbol.java/","org.apache.avro.io.parsing.Symbol.ImplicitAction","0","0","0","0","0","0","no"
"avro","release-1.3.3","/lang/java/src/java/org/apache/avro/Schema.java/","org.apache.avro.Schema.LockableArrayList","0","0","0","0","8","8","yes"
"avro","release-1.3.3","/lang/java/src/java/org/apache/avro/file/DataFileWriter.java/","org.apache.avro.file.DataFileWriter.BufferedFileOutputStream.PositionFilter","0","0","1","0","1","2","yes"
"avro","release-1.3.3","/lang/java/src/java/org/apache/avro/io/parsing/Parser.java/","org.apache.avro.io.parsing.Parser.ActionHandler","0","0","0","0","0","0","no"
"avro","release-1.3.3","/lang/java/src/java/org/apache/avro/ipc/stats/Histogram.java/","org.apache.avro.ipc.stats.Histogram.Segmenter","0","0","0","0","0","0","no"
"avro","release-1.3.3","/lang/java/src/java/org/apache/avro/ipc/HttpTransceiver.java/","org.apache.avro.ipc.HttpTransceiver","0","0","1","0","0","1","no"
"avro","release-1.3.3","/lang/java/src/java/org/apache/avro/Schema.java/","org.apache.avro.Schema.NamedSchema","0","1","1","0","7","9","yes"
"avro","release-1.3.3","/lang/java/src/java/org/apache/avro/io/BinaryDecoder.java/","org.apache.avro.io.BinaryDecoder.ByteSource","0","1","1","0","0","2","no"
"avro","release-1.3.3","/lang/java/src/java/org/apache/avro/specific/SpecificCompiler.java/","org.apache.avro.specific.SpecificCompiler.OutputFile","0","0","1","0","1","2","yes"
"avro","release-1.3.3","/lang/java/src/java/org/apache/avro/reflect/ReflectRequestor.java/","org.apache.avro.reflect.ReflectRequestor","0","0","1","0","0","1","no"
"avro","release-1.3.3","/lang/java/src/java/org/apache/avro/util/Utf8.java/","org.apache.avro.util.Utf8","0","1","1","0","6","8","no"
"avro","release-1.3.3","/lang/java/src/java/org/apache/avro/io/DecoderFactory.java/","org.apache.avro.io.DecoderFactory","0","0","1","0","1","2","no"
"avro","release-1.3.3","/lang/java/src/java/org/apache/avro/io/DatumReader.java/","org.apache.avro.io.DatumReader","0","0","0","0","0","0","no"
"avro","release-1.3.3","/lang/java/src/java/org/apache/avro/AvroTypeException.java/","org.apache.avro.AvroTypeException","0","0","0","0","0","0","no"
"avro","release-1.3.3","/lang/java/src/java/org/apache/avro/ipc/Transceiver.java/","org.apache.avro.ipc.Transceiver","0","0","0","0","1","1","no"
"avro","release-1.3.3","/lang/java/src/java/org/apache/avro/file/CodecFactory.java/","org.apache.avro.file.CodecFactory","0","0","1","0","0","1","no"
"avro","release-1.3.3","/lang/java/src/java/org/apache/avro/reflect/ReflectDatumWriter.java/","org.apache.avro.reflect.ReflectDatumWriter","0","0","1","0","5","6","yes"
"avro","release-1.3.3","/lang/java/src/java/org/apache/avro/reflect/Nullable.java/","org.apache.avro.reflect.Nullable","0","0","0","0","0","0","no"
"avro","release-1.3.3","/lang/java/src/java/org/apache/avro/file/DataFileReader.java/","org.apache.avro.file.DataFileReader","0","0","1","0","1","2","yes"
"avro","release-1.3.3","/lang/java/src/java/org/apache/avro/ipc/Responder.java/","org.apache.avro.ipc.Responder","1","1","1","0","0","3","yes"
"avro","release-1.3.3","/lang/java/src/java/org/apache/avro/generic/GenericArray.java/","org.apache.avro.generic.GenericArray","0","0","0","0","0","0","no"
"avro","release-1.3.3","/lang/java/src/java/org/apache/avro/specific/SpecificCompiler.java/","org.apache.avro.specific.SpecificCompiler","1","1","1","0","4","7","yes"
"avro","release-1.3.3","/lang/java/src/java/org/apache/avro/ipc/DatagramTransceiver.java/","org.apache.avro.ipc.DatagramTransceiver","0","0","1","0","2","3","no"
"avro","release-1.3.3","/lang/java/src/java/org/apache/avro/Schema.java/","org.apache.avro.Schema.BytesSchema","0","0","0","0","0","0","yes"
"avro","release-1.3.3","/lang/java/src/java/org/apache/avro/io/BinaryEncoder.java/","org.apache.avro.io.BinaryEncoder.ReuseByteWriter","0","0","1","0","0","1","no"
"avro","release-1.3.3","/lang/java/src/java/org/apache/avro/generic/GenericData.java/","org.apache.avro.generic.GenericData.Record","0","0","1","0","0","1","yes"
"avro","release-1.3.3","/lang/java/src/java/org/apache/avro/specific/SpecificResponder.java/","org.apache.avro.specific.SpecificResponder","0","0","1","0","0","1","no"
"avro","release-1.3.3","/lang/java/src/java/org/apache/avro/io/parsing/Symbol.java/","org.apache.avro.io.parsing.Symbol.SkipAction","0","0","1","0","0","1","no"
"avro","release-1.3.3","/lang/java/src/java/org/apache/avro/file/SeekableInput.java/","org.apache.avro.file.SeekableInput","0","0","0","0","0","0","no"
"avro","release-1.3.3","/lang/java/src/java/org/apache/avro/ipc/stats/StatsPlugin.java/","org.apache.avro.ipc.stats.StatsPlugin","0","0","1","0","0","1","no"
"avro","release-1.3.3","/lang/java/src/java/org/apache/avro/ipc/SocketServer.java/","org.apache.avro.ipc.SocketServer.Connection","0","0","1","0","1","2","no"
"avro","release-1.3.3","/lang/java/src/java/org/apache/avro/reflect/ReflectData.java/","org.apache.avro.reflect.ReflectData.AllowNull","0","0","0","0","1","1","yes"
"avro","release-1.3.3","/lang/java/src/java/org/apache/avro/specific/SpecificFixed.java/","org.apache.avro.specific.SpecificFixed","0","0","0","0","0","0","no"
"avro","release-1.3.3","/lang/java/src/java/org/apache/avro/Schema.java/","org.apache.avro.Schema.IntSchema","0","0","0","0","0","0","yes"
"avro","release-1.3.3","/lang/java/src/java/org/apache/avro/generic/IndexedRecord.java/","org.apache.avro.generic.IndexedRecord","0","0","0","0","0","0","no"
"avro","release-1.3.3","/lang/java/src/java/org/apache/avro/tool/GenAvroTool.java/","org.apache.avro.tool.GenAvroTool","0","0","1","0","3","4","no"
"avro","release-1.3.3","/lang/java/src/java/org/apache/avro/io/parsing/Symbol.java/","org.apache.avro.io.parsing.Symbol.UnionAdjustAction","0","0","1","0","0","1","no"
"avro","release-1.3.3","/lang/java/src/java/org/apache/avro/Schema.java/","org.apache.avro.Schema.ArraySchema","0","0","1","0","4","5","yes"
"avro","release-1.3.3","/lang/java/src/java/org/apache/avro/tool/RpcSendTool.java/","org.apache.avro.tool.RpcSendTool","0","0","1","1","1","3","no"
"avro","release-1.3.3","/lang/java/src/java/org/apache/avro/io/DirectBinaryDecoder.java/","org.apache.avro.io.DirectBinaryDecoder.ByteReader","0","0","1","1","0","2","no"
"avro","release-1.3.3","/lang/java/src/java/org/apache/avro/ipc/SocketServer.java/","org.apache.avro.ipc.SocketServer","0","0","1","0","5","6","no"
"avro","release-1.3.3","/lang/java/src/java/org/apache/avro/file/DataFileStream.java/","org.apache.avro.file.DataFileStream.DataBlock","0","0","0","0","0","0","yes"
"avro","release-1.3.3","/lang/java/src/java/org/apache/avro/specific/SpecificCompiler.java/","org.apache.avro.specific.SpecificCompiler.SpecificCompilerTool","0","0","1","0","2","3","yes"
"avro","release-1.3.3","/lang/java/src/java/org/apache/avro/specific/ProtocolTask.java/","org.apache.avro.specific.ProtocolTask","0","0","1","0","4","5","no"
"avro","release-1.3.3","/lang/java/src/java/org/apache/avro/ipc/SocketTransceiver.java/","org.apache.avro.ipc.SocketTransceiver","0","0","1","0","2","3","no"
"avro","release-1.3.3","/lang/java/src/java/org/apache/avro/io/BlockingBinaryEncoder.java/","org.apache.avro.io.BlockingBinaryEncoder","1","1","1","0","2","5","no"
"avro","release-1.3.3","/lang/java/src/java/org/apache/avro/reflect/Stringable.java/","org.apache.avro.reflect.Stringable","0","0","0","0","0","0","no"
"avro","release-1.3.3","/lang/java/src/java/org/apache/avro/io/parsing/Symbol.java/","org.apache.avro.io.parsing.Symbol.Alternative","0","1","1","0","1","3","no"
"avro","release-1.3.3","/lang/java/src/java/org/apache/avro/io/parsing/Symbol.java/","org.apache.avro.io.parsing.Symbol.Root","0","0","0","0","1","1","no"
"avro","release-1.3.3","/lang/java/src/java/org/apache/avro/file/DataFileStream.java/","org.apache.avro.file.DataFileStream","0","1","1","0","7","9","yes"
"avro","release-1.3.3","/lang/java/src/java/org/apache/avro/ipc/ByteBufferInputStream.java/","org.apache.avro.ipc.ByteBufferInputStream","0","0","1","0","2","3","no"
"avro","release-1.3.3","/lang/java/src/java/org/apache/avro/io/JsonDecoder.java/","org.apache.avro.io.JsonDecoder","0","1","1","1","0","3","no"
"avro","release-1.3.3","/lang/java/src/java/org/apache/avro/specific/SchemaTask.java/","org.apache.avro.specific.SchemaTask","0","0","1","0","0","1","no"
"avro","release-1.3.3","/lang/java/src/java/org/apache/avro/tool/DataFileGetSchemaTool.java/","org.apache.avro.tool.DataFileGetSchemaTool","0","0","1","0","0","1","no"
"avro","release-1.3.3","/lang/java/src/java/org/apache/avro/file/Codec.java/","org.apache.avro.file.Codec","0","0","0","0","0","0","no"
"avro","release-1.3.3","/lang/java/src/java/org/apache/avro/generic/GenericRequestor.java/","org.apache.avro.generic.GenericRequestor","0","0","1","0","0","1","yes"
"avro","release-1.3.3","/lang/java/src/java/org/apache/avro/specific/SpecificRecordBase.java/","org.apache.avro.specific.SpecificRecordBase","0","0","1","0","0","1","no"
"avro","release-1.3.3","/lang/java/src/java/org/apache/avro/io/parsing/ResolvingGrammarGenerator.java/","org.apache.avro.io.parsing.ResolvingGrammarGenerator","1","1","1","1","9","13","yes"
"avro","release-1.3.3","/lang/java/src/java/org/apache/avro/tool/Main.java/","org.apache.avro.tool.Main","0","1","1","0","6","8","no"
"avro","release-1.3.3","/lang/java/src/java/org/apache/avro/ipc/stats/Stopwatch.java/","org.apache.avro.ipc.stats.Stopwatch","0","0","1","0","0","1","no"
"avro","release-1.3.3","/lang/java/src/java/org/apache/avro/tool/DataFileWriteTool.java/","org.apache.avro.tool.DataFileWriteTool","0","0","1","0","1","2","no"
"avro","release-1.3.3","/lang/java/src/java/org/apache/avro/io/parsing/Symbol.java/","org.apache.avro.io.parsing.Symbol.Repeater","0","0","1","0","1","2","no"
"avro","release-1.3.3","/lang/java/src/java/org/apache/avro/io/BinaryDecoder.java/","org.apache.avro.io.BinaryDecoder.ByteArrayByteSource","0","1","1","0","0","2","no"
"avro","release-1.3.3","/lang/java/src/java/org/apache/avro/ipc/AvroRemoteException.java/","org.apache.avro.ipc.AvroRemoteException","0","0","0","0","0","0","no"
"avro","release-1.3.3","/lang/java/src/java/org/apache/avro/Schema.java/","org.apache.avro.Schema.Names","0","0","1","0","0","1","yes"
"avro","release-1.3.3","/lang/java/src/java/org/apache/avro/io/ParsingDecoder.java/","org.apache.avro.io.ParsingDecoder","0","1","1","0","0","2","no"
"avro","release-1.3.3","/lang/java/src/java/org/apache/avro/generic/GenericData.java/","org.apache.avro.generic.GenericData.Array","0","0","1","0","7","8","yes"
"avro","release-1.3.3","/lang/java/src/java/org/apache/avro/Schema.java/","org.apache.avro.Schema.Name","0","1","1","0","4","6","yes"
"avro","release-1.3.3","/lang/java/src/java/org/apache/avro/ipc/HttpServer.java/","org.apache.avro.ipc.HttpServer","0","0","1","0","0","1","no"
"avro","release-1.3.3","/lang/java/src/java/org/apache/avro/file/NullCodec.java/","org.apache.avro.file.NullCodec","0","0","1","0","0","1","no"
"avro","release-1.3.3","/lang/java/src/java/org/apache/avro/Schema.java/","org.apache.avro.Schema.FloatSchema","0","0","0","0","0","0","yes"
"avro","release-1.3.3","/lang/java/src/java/org/apache/avro/Protocol.java/","org.apache.avro.Protocol","0","1","1","0","8","10","no"
"avro","release-1.3.3","/lang/java/src/java/org/apache/avro/reflect/ReflectResponder.java/","org.apache.avro.reflect.ReflectResponder","0","0","0","0","0","0","yes"
"avro","release-1.3.3","/lang/java/src/java/org/apache/avro/io/BinaryEncoder.java/","org.apache.avro.io.BinaryEncoder.ByteWriter","0","0","0","0","0","0","no"
"avro","release-1.3.3","/lang/java/src/java/org/apache/avro/tool/Util.java/","org.apache.avro.tool.Util","0","0","1","0","1","2","no"
"avro","release-1.3.3","/lang/java/src/java/org/apache/avro/reflect/Union.java/","org.apache.avro.reflect.Union","0","0","0","0","0","0","no"
"avro","release-1.3.3","/lang/java/src/java/org/apache/avro/generic/GenericData.java/","org.apache.avro.generic.GenericData","1","1","1","1","13","17","yes"
"avro","release-1.3.3","/lang/java/src/java/org/apache/avro/io/BinaryEncoder.java/","org.apache.avro.io.BinaryEncoder","0","1","1","1","5","8","no"
"avro","release-1.3.3","/lang/java/src/java/org/apache/avro/ipc/stats/Histogram.java/","org.apache.avro.ipc.stats.Histogram.EntryIterator","0","0","1","0","0","1","no"
"avro","release-1.3.3","/lang/java/src/java/org/apache/avro/tool/DataFileReadTool.java/","org.apache.avro.tool.DataFileReadTool","0","0","1","0","0","1","no"
"avro","release-1.3.3","/lang/java/src/java/org/apache/avro/tool/Tool.java/","org.apache.avro.tool.Tool","0","0","0","0","0","0","no"
"avro","release-1.3.3","/lang/java/src/java/org/apache/avro/ipc/RPCContext.java/","org.apache.avro.ipc.RPCContext","0","0","0","0","2","2","yes"
"avro","release-1.3.3","/lang/java/src/java/org/apache/avro/io/BinaryData.java/","org.apache.avro.io.BinaryData.Decoders","0","1","0","0","2","3","no"
"avro","release-1.3.3","/lang/java/src/java/org/apache/avro/io/parsing/Symbol.java/","org.apache.avro.io.parsing.Symbol.Sequence","0","1","1","0","5","7","no"
"avro","release-1.3.3","/lang/java/src/java/org/apache/avro/tool/RpcReceiveTool.java/","org.apache.avro.tool.RpcReceiveTool","0","0","1","1","2","4","no"
"avro","release-1.3.3","/lang/java/src/java/org/apache/avro/ipc/stats/StatsServlet.java/","org.apache.avro.ipc.stats.StatsServlet","0","1","1","0","0","2","no"
"avro","release-1.3.3","/lang/java/src/java/org/apache/avro/io/parsing/Symbol.java/","org.apache.avro.io.parsing.Symbol.FieldOrderAction","0","0","0","0","2","2","no"
"avro","release-1.3.3","/lang/java/src/java/org/apache/avro/file/DataFileWriter.java/","org.apache.avro.file.DataFileWriter","0","1","1","0","3","5","yes"
"avro","release-1.3.3","/lang/java/src/java/org/apache/avro/io/ValidatingEncoder.java/","org.apache.avro.io.ValidatingEncoder","0","1","1","0","0","2","no"
"avro","release-1.3.3","/lang/java/src/java/org/apache/avro/io/parsing/SkipParser.java/","org.apache.avro.io.parsing.SkipParser","0","1","1","0","0","2","no"
"avro","release-1.3.3","/lang/java/src/java/org/apache/avro/file/DataFileWriter.java/","org.apache.avro.file.DataFileWriter.BufferedFileOutputStream","0","0","0","0","1","1","yes"
"avro","release-1.3.3","/lang/java/src/java/org/apache/avro/io/DatumWriter.java/","org.apache.avro.io.DatumWriter","0","0","0","0","0","0","no"
"avro","release-1.3.3","/lang/java/src/java/org/apache/avro/Schema.java/","org.apache.avro.Schema.Field","0","1","1","0","2","4","yes"
"avro","release-1.3.3","/lang/java/src/java/org/apache/avro/io/parsing/Symbol.java/","org.apache.avro.io.parsing.Symbol.DefaultStartAction","0","0","0","0","1","1","no"
"avro","release-1.3.3","/lang/java/src/java/org/apache/avro/Schema.java/","org.apache.avro.Schema.EnumSchema","0","0","1","0","7","8","yes"
"avro","release-1.3.3","/lang/java/src/java/org/apache/avro/AvroRuntimeException.java/","org.apache.avro.AvroRuntimeException","0","0","0","0","0","0","no"
"avro","release-1.3.3","/lang/java/src/java/org/apache/avro/file/LengthLimitedInputStream.java/","org.apache.avro.file.LengthLimitedInputStream","0","0","1","0","1","2","no"
"avro","release-1.3.3","/lang/java/src/java/org/apache/avro/file/DataFileConstants.java/","org.apache.avro.file.DataFileConstants","0","0","0","0","0","0","no"
"avro","release-1.3.3","/lang/java/src/java/org/apache/avro/generic/GenericDatumReader.java/","org.apache.avro.generic.GenericDatumReader","0","1","1","0","0","2","yes"
"avro","release-1.3.3","/lang/java/src/java/org/apache/avro/file/DataFileReader.java/","org.apache.avro.file.DataFileReader.SeekableInputStream","0","0","1","0","0","1","yes"
"avro","release-1.3.3","/lang/java/src/java/org/apache/avro/Schema.java/","org.apache.avro.Schema.StringSchema","0","0","0","0","0","0","yes"
"avro","release-1.3.3","/lang/java/src/java/org/apache/avro/generic/GenericResponder.java/","org.apache.avro.generic.GenericResponder","0","0","1","0","1","2","no"
"avro","release-1.3.3","/lang/java/src/java/org/apache/avro/Protocol.java/","org.apache.avro.Protocol.Message","0","1","1","0","3","5","no"
"avro","release-1.3.3","/lang/java/src/java/org/apache/avro/io/ParsingEncoder.java/","org.apache.avro.io.ParsingEncoder","0","0","1","0","0","1","no"
"avro","release-1.3.3","/lang/java/src/java/org/apache/avro/io/BlockingBinaryEncoder.java/","org.apache.avro.io.BlockingBinaryEncoder.BlockedValue","0","1","1","0","0","2","no"
"avro","release-1.3.3","/lang/java/src/java/org/apache/avro/ipc/stats/Histogram.java/","org.apache.avro.ipc.stats.Histogram.TreeMapSegmenter","0","0","1","0","2","3","no"
"avro","release-1.3.3","/lang/java/src/java/org/apache/avro/io/parsing/Symbol.java/","org.apache.avro.io.parsing.Symbol.IntCheckAction","0","0","0","0","0","0","no"
"avro","release-1.3.3","/lang/java/src/java/org/apache/avro/io/DirectBinaryDecoder.java/","org.apache.avro.io.DirectBinaryDecoder","0","1","1","0","3","5","no"
"avro","release-1.3.3","/lang/java/src/java/org/apache/avro/io/BinaryDecoder.java/","org.apache.avro.io.BinaryDecoder.BufferAccessor","0","1","1","0","2","4","no"
"avro","release-1.3.3","/lang/java/src/java/org/apache/avro/generic/GenericRecord.java/","org.apache.avro.generic.GenericRecord","0","0","0","0","0","0","no"
"avro","release-1.3.3","/lang/java/src/java/org/apache/avro/io/parsing/ResolvingGrammarGenerator.java/","org.apache.avro.io.parsing.ResolvingGrammarGenerator.LitS2","0","0","1","0","2","3","yes"
"avro","release-1.3.3","/lang/java/src/java/org/apache/avro/Schema.java/","org.apache.avro.Schema","1","1","1","0","75","78","yes"
"avro","release-1.3.3","/lang/java/src/java/org/apache/avro/io/parsing/Symbol.java/","org.apache.avro.io.parsing.Symbol.ResolvingAction","0","0","1","0","0","1","no"
"avro","release-1.3.3","/lang/java/src/java/org/apache/avro/specific/SpecificRequestor.java/","org.apache.avro.specific.SpecificRequestor","0","0","1","0","0","1","yes"
"avro","release-1.3.3","/lang/java/src/java/org/apache/avro/ipc/stats/Histogram.java/","org.apache.avro.ipc.stats.Histogram.SegmenterException","0","0","0","0","0","0","no"
"avro","release-1.3.3","/lang/java/src/java/org/apache/avro/ipc/stats/FloatHistogram.java/","org.apache.avro.ipc.stats.FloatHistogram","0","0","1","0","0","1","no"
"avro","release-1.3.3","/lang/java/src/java/org/apache/avro/file/DataFileWriter.java/","org.apache.avro.file.DataFileWriter.NonCopyingByteArrayOutputStream","0","0","1","0","0","1","yes"
"avro","release-1.3.3","/lang/java/src/java/org/apache/avro/io/parsing/Symbol.java/","org.apache.avro.io.parsing.Symbol.FieldAdjustAction","0","0","0","0","0","0","no"
"avro","release-1.3.3","/lang/java/src/java/org/apache/avro/specific/SpecificDatumReader.java/","org.apache.avro.specific.SpecificDatumReader","0","0","1","0","0","1","no"
"avro","release-1.3.3","/lang/java/src/java/org/apache/avro/Schema.java/","org.apache.avro.Schema.Type","0","0","0","0","0","0","yes"
"avro","release-1.3.3","/lang/java/src/java/org/apache/avro/io/DecoderFactory.java/","org.apache.avro.io.DecoderFactory.DefaultDecoderFactory","0","0","0","0","0","0","no"
"avro","release-1.3.3","/lang/java/src/java/org/apache/avro/ipc/RPCPlugin.java/","org.apache.avro.ipc.RPCPlugin","0","0","0","0","0","0","no"
"avro","release-1.3.3","/lang/java/src/java/org/apache/avro/io/BlockingBinaryEncoder.java/","org.apache.avro.io.BlockingBinaryEncoder.BlockedValue.State","0","0","0","0","0","0","no"
"avro","release-1.3.3","/lang/java/src/java/org/apache/avro/specific/SpecificExceptionBase.java/","org.apache.avro.specific.SpecificExceptionBase","0","0","1","0","2","3","no"
"avro","release-1.3.3","/lang/java/src/java/org/apache/avro/Schema.java/","org.apache.avro.Schema.NullSchema","0","0","0","0","0","0","yes"
"avro","release-1.3.3","/lang/java/src/java/org/apache/avro/reflect/ReflectDatumReader.java/","org.apache.avro.reflect.ReflectDatumReader","0","0","1","0","0","1","yes"
"avro","release-1.3.3","/lang/java/src/java/org/apache/avro/io/parsing/ValidatingGrammarGenerator.java/","org.apache.avro.io.parsing.ValidatingGrammarGenerator","1","1","1","1","2","6","no"
"avro","release-1.3.3","/lang/java/src/java/org/apache/avro/io/Encoder.java/","org.apache.avro.io.Encoder","0","1","1","0","0","2","no"
"avro","release-1.3.3","/lang/java/src/java/org/apache/avro/generic/GenericData.java/","org.apache.avro.generic.GenericData.Fixed","0","1","1","0","6","8","yes"
"avro","release-1.3.3","/lang/java/src/java/org/apache/avro/io/BlockingBinaryEncoder.java/","org.apache.avro.io.BlockingBinaryEncoder.EncoderBuffer","0","0","0","0","1","1","no"
"avro","release-1.3.3","/lang/java/src/java/org/apache/avro/io/DirectBinaryDecoder.java/","org.apache.avro.io.DirectBinaryDecoder.ReuseByteReader","0","0","0","0","0","0","no"
"avro","release-1.3.3","/lang/java/src/java/org/apache/avro/io/ValidatingDecoder.java/","org.apache.avro.io.ValidatingDecoder","0","1","1","0","2","4","no"
"avro","release-1.3.3","/lang/java/src/java/org/apache/avro/specific/FixedSize.java/","org.apache.avro.specific.FixedSize","0","0","0","0","0","0","no"
"avro","release-1.3.3","/lang/java/src/java/org/apache/avro/ipc/Requestor.java/","org.apache.avro.ipc.Requestor","1","1","1","0","0","3","yes"
"avro","release-1.3.3","/lang/java/src/java/org/apache/avro/tool/RpcReceiveTool.java/","org.apache.avro.tool.RpcReceiveTool.SinkResponder","0","0","1","0","1","2","no"
"avro","release-1.3.3","/lang/java/src/java/org/apache/avro/io/parsing/Parser.java/","org.apache.avro.io.parsing.Parser","0","1","1","0","0","2","no"
"avro","release-1.3.3","/lang/java/src/java/org/apache/avro/reflect/InduceSchemaTool.java/","org.apache.avro.reflect.InduceSchemaTool","0","0","1","0","4","5","no"
"avro","release-1.3.3","/lang/java/src/java/org/apache/avro/io/parsing/Symbol.java/","org.apache.avro.io.parsing.Symbol.ErrorAction","0","0","0","0","0","0","no"
"avro","release-1.3.3","/lang/java/src/java/org/apache/avro/io/JsonEncoder.java/","org.apache.avro.io.JsonEncoder","0","1","1","0","0","2","no"
"avro","release-1.3.3","/lang/java/src/java/org/apache/avro/io/BinaryEncoder.java/","org.apache.avro.io.BinaryEncoder.SimpleByteWriter","0","0","1","0","0","1","no"
"avro","release-1.3.3","/lang/java/src/java/org/apache/avro/io/BinaryDecoder.java/","org.apache.avro.io.BinaryDecoder","1","1","1","1","11","15","no"
"avro","release-1.3.3","/lang/java/src/java/org/apache/avro/Schema.java/","org.apache.avro.Schema.UnionSchema","0","0","1","0","5","6","yes"
"avro","release-1.3.3","/lang/java/src/java/org/apache/avro/tool/BinaryFragmentToJsonTool.java/","org.apache.avro.tool.BinaryFragmentToJsonTool","0","0","1","1","2","4","no"
"avro","release-1.3.3","/lang/java/src/java/org/apache/avro/io/parsing/Symbol.java/","org.apache.avro.io.parsing.Symbol.Fixup","0","0","0","0","1","1","no"
"avro","release-1.3.3","/lang/java/src/java/org/apache/avro/ipc/stats/Histogram.java/","org.apache.avro.ipc.stats.Histogram","0","0","1","0","4","5","no"
"avro","release-1.3.3","/lang/java/src/java/org/apache/avro/specific/SpecificRecord.java/","org.apache.avro.specific.SpecificRecord","0","0","0","0","0","0","no"
"avro","release-1.3.3","/lang/java/src/java/org/apache/avro/io/parsing/SkipParser.java/","org.apache.avro.io.parsing.SkipParser.SkipHandler","0","0","0","0","0","0","no"
"avro","release-1.3.3","/lang/java/src/java/org/apache/avro/ipc/stats/Stopwatch.java/","org.apache.avro.ipc.stats.Stopwatch.SystemTicks","0","0","1","0","0","1","no"
"avro","release-1.3.3","/lang/java/src/java/org/apache/avro/io/parsing/ValidatingGrammarGenerator.java/","org.apache.avro.io.parsing.ValidatingGrammarGenerator.LitS","0","0","1","0","2","3","no"
"avro","release-1.3.3","/lang/java/src/java/org/apache/avro/io/BinaryDecoder.java/","org.apache.avro.io.BinaryDecoder.InputStreamByteSource","0","1","1","0","4","6","no"
"avro","release-1.4.0","/lang/java/src/java/org/apache/avro/ipc/trace/TraceCollection.java/","org.apache.avro.ipc.trace.TraceCollection.TraceTiming","0","1","1","0","2","4","no"
"avro","release-1.4.0","/lang/java/src/java/org/apache/avro/mapred/tether/TetherData.java/","org.apache.avro.mapred.tether.TetherData","0","0","0","0","0","0","no"
"avro","release-1.4.0","/lang/java/src/java/org/apache/avro/ipc/ByteBufferOutputStream.java/","org.apache.avro.ipc.ByteBufferOutputStream","0","0","1","0","4","5","no"
"avro","release-1.4.0","/lang/java/src/java/org/apache/avro/ipc/LocalTransceiver.java/","org.apache.avro.ipc.LocalTransceiver","0","0","1","0","0","1","no"
"avro","release-1.4.0","/lang/java/src/java/org/apache/avro/generic/GenericContainer.java/","org.apache.avro.generic.GenericContainer","0","0","0","0","0","0","no"
"avro","release-1.4.0","/lang/java/src/java/org/apache/avro/ipc/ResponderServlet.java/","org.apache.avro.ipc.ResponderServlet","0","0","1","0","0","1","no"
"avro","release-1.4.0","/lang/java/src/java/org/apache/avro/io/Decoder.java/","org.apache.avro.io.Decoder","0","1","1","0","0","2","no"
"avro","release-1.4.0","/lang/java/src/java/org/apache/avro/mapred/AvroSerialization.java/","org.apache.avro.mapred.AvroSerialization.AvroWrapperDeserializer","0","0","1","0","1","2","no"
"avro","release-1.4.0","/lang/java/src/java/org/apache/avro/Schema.java/","org.apache.avro.Schema.FixedSchema","0","0","1","0","4","5","yes"
"avro","release-1.4.0","/lang/java/src/java/org/apache/avro/Schema.java/","org.apache.avro.Schema.RecordSchema","0","1","1","0","6","8","yes"
"avro","release-1.4.0","/lang/java/src/java/org/apache/avro/mapred/Pair.java/","org.apache.avro.mapred.Pair","0","1","1","0","0","2","no"
"avro","release-1.4.0","/lang/java/src/java/org/apache/avro/mapred/AvroOutputFormat.java/","org.apache.avro.mapred.AvroOutputFormat","0","0","1","0","0","1","no"
"avro","release-1.4.0","/lang/java/src/java/org/apache/avro/io/parsing/Symbol.java/","org.apache.avro.io.parsing.Symbol.Terminal","0","0","0","0","1","1","no"
"avro","release-1.4.0","/lang/java/src/java/org/apache/avro/io/BinaryData.java/","org.apache.avro.io.BinaryData","1","1","1","0","5","8","no"
"avro","release-1.4.0","/lang/java/src/java/org/apache/avro/mapred/FsInput.java/","org.apache.avro.mapred.FsInput","0","0","1","0","1","2","no"
"avro","release-1.4.0","/lang/java/src/java/org/apache/avro/io/parsing/Symbol.java/","org.apache.avro.io.parsing.Symbol","0","1","1","0","22","24","no"
"avro","release-1.4.0","/lang/java/src/java/org/apache/avro/Schema.java/","org.apache.avro.Schema.SeenPair","0","1","1","0","2","4","yes"
"avro","release-1.4.0","/lang/java/src/java/org/apache/avro/tool/JsonToBinaryFragmentTool.java/","org.apache.avro.tool.JsonToBinaryFragmentTool","0","0","1","1","2","4","no"
"avro","release-1.4.0","/lang/java/src/java/org/apache/avro/ipc/NettyTransportCodec.java/","org.apache.avro.ipc.NettyTransportCodec.NettyDataPack","0","0","0","0","0","0","no"
"avro","release-1.4.0","/lang/java/src/java/org/apache/avro/mapred/AvroWrapper.java/","org.apache.avro.mapred.AvroWrapper","0","0","1","0","2","3","no"
"avro","release-1.4.0","/lang/java/src/java/org/apache/avro/io/parsing/Symbol.java/","org.apache.avro.io.parsing.Symbol.WriterUnionAction","0","0","0","0","0","0","no"
"avro","release-1.4.0","/lang/java/src/java/org/apache/avro/Schema.java/","org.apache.avro.Schema.BooleanSchema","0","0","0","0","0","0","yes"
"avro","release-1.4.0","/lang/java/src/java/org/apache/avro/io/parsing/Symbol.java/","org.apache.avro.io.parsing.Symbol.EnumAdjustAction","0","0","0","0","2","2","no"
"avro","release-1.4.0","/lang/java/src/java/org/apache/avro/io/parsing/Symbol.java/","org.apache.avro.io.parsing.Symbol.ImplicitAction","0","0","0","0","0","0","no"
"avro","release-1.4.0","/lang/java/src/java/org/apache/avro/Schema.java/","org.apache.avro.Schema.LockableArrayList","0","0","0","0","8","8","yes"
"avro","release-1.4.0","/lang/java/src/java/org/apache/avro/ipc/stats/StaticServlet.java/","org.apache.avro.ipc.stats.StaticServlet","0","0","1","0","0","1","no"
"avro","release-1.4.0","/lang/java/src/java/org/apache/avro/io/parsing/Parser.java/","org.apache.avro.io.parsing.Parser.ActionHandler","0","0","0","0","0","0","no"
"avro","release-1.4.0","/lang/java/src/java/org/apache/avro/io/BinaryData.java/","org.apache.avro.io.BinaryData.HashData","0","0","0","0","0","0","no"
"avro","release-1.4.0","/lang/java/src/java/org/apache/avro/Schema.java/","org.apache.avro.Schema.NamedSchema","0","1","1","0","9","11","yes"
"avro","release-1.4.0","/lang/java/src/java/org/apache/avro/mapred/AvroCollector.java/","org.apache.avro.mapred.AvroCollector","0","0","0","0","0","0","no"
"avro","release-1.4.0","/lang/java/src/java/org/apache/avro/io/BinaryDecoder.java/","org.apache.avro.io.BinaryDecoder.ByteSource","0","1","1","0","0","2","no"
"avro","release-1.4.0","/lang/java/src/java/org/apache/avro/reflect/ReflectRequestor.java/","org.apache.avro.reflect.ReflectRequestor","0","0","1","0","0","1","no"
"avro","release-1.4.0","/lang/java/src/java/org/apache/avro/ipc/trace/Util.java/","org.apache.avro.ipc.trace.Util","0","1","1","0","7","9","no"
"avro","release-1.4.0","/lang/java/src/java/org/apache/avro/io/DatumReader.java/","org.apache.avro.io.DatumReader","0","0","0","0","0","0","no"
"avro","release-1.4.0","/lang/java/src/java/org/apache/avro/AvroTypeException.java/","org.apache.avro.AvroTypeException","0","0","0","0","0","0","no"
"avro","release-1.4.0","/lang/java/src/java/org/apache/avro/mapred/tether/TetherKeySerialization.java/","org.apache.avro.mapred.tether.TetherKeySerialization.TetherDataDeserializer","0","0","1","0","1","2","no"
"avro","release-1.4.0","/lang/java/src/java/org/apache/avro/reflect/ReflectDatumWriter.java/","org.apache.avro.reflect.ReflectDatumWriter","0","0","1","0","5","6","no"
"avro","release-1.4.0","/lang/java/src/java/org/apache/avro/reflect/Nullable.java/","org.apache.avro.reflect.Nullable","0","0","0","0","0","0","no"
"avro","release-1.4.0","/lang/java/src/java/org/apache/avro/generic/GenericArray.java/","org.apache.avro.generic.GenericArray","0","0","0","0","0","0","no"
"avro","release-1.4.0","/lang/java/src/java/org/apache/avro/specific/SpecificCompiler.java/","org.apache.avro.specific.SpecificCompiler","1","1","1","0","5","8","yes"
"avro","release-1.4.0","/lang/java/src/java/org/apache/avro/ipc/trace/TracePlugin.java/","org.apache.avro.ipc.trace.TracePlugin","1","1","1","0","2","5","no"
"avro","release-1.4.0","/lang/java/src/java/org/apache/avro/ipc/DatagramTransceiver.java/","org.apache.avro.ipc.DatagramTransceiver","0","0","1","0","2","3","no"
"avro","release-1.4.0","/lang/java/src/java/org/apache/avro/Schema.java/","org.apache.avro.Schema.BytesSchema","0","0","0","0","0","0","yes"
"avro","release-1.4.0","/lang/java/src/java/org/apache/avro/tool/ToTextTool.java/","org.apache.avro.tool.ToTextTool","0","0","1","1","0","2","no"
"avro","release-1.4.0","/lang/java/src/java/org/apache/avro/io/parsing/Symbol.java/","org.apache.avro.io.parsing.Symbol.SkipAction","0","0","1","0","0","1","no"
"avro","release-1.4.0","/lang/java/src/java/org/apache/avro/file/SeekableInput.java/","org.apache.avro.file.SeekableInput","0","0","0","0","0","0","no"
"avro","release-1.4.0","/lang/java/src/java/org/apache/avro/ipc/SocketServer.java/","org.apache.avro.ipc.SocketServer.Connection","0","0","1","0","1","2","no"
"avro","release-1.4.0","/lang/java/src/java/org/apache/avro/reflect/ReflectData.java/","org.apache.avro.reflect.ReflectData.AllowNull","0","0","0","0","1","1","no"
"avro","release-1.4.0","/lang/java/src/java/org/apache/avro/Schema.java/","org.apache.avro.Schema.IntSchema","0","0","0","0","0","0","yes"
"avro","release-1.4.0","/lang/java/src/java/org/apache/avro/io/DirectBinaryDecoder.java/","org.apache.avro.io.DirectBinaryDecoder.ByteReader","0","0","1","1","0","2","no"
"avro","release-1.4.0","/lang/java/src/java/org/apache/avro/ipc/SocketServer.java/","org.apache.avro.ipc.SocketServer","0","0","1","0","5","6","no"
"avro","release-1.4.0","/lang/java/src/java/org/apache/avro/file/DataFileStream.java/","org.apache.avro.file.DataFileStream.DataBlock","0","1","1","0","1","3","no"
"avro","release-1.4.0","/lang/java/src/java/org/apache/avro/specific/SpecificCompiler.java/","org.apache.avro.specific.SpecificCompiler.SpecificCompilerTool","0","0","1","0","2","3","yes"
"avro","release-1.4.0","/lang/java/src/java/org/apache/avro/specific/ProtocolTask.java/","org.apache.avro.specific.ProtocolTask","0","0","1","0","4","5","no"
"avro","release-1.4.0","/lang/java/src/java/org/apache/avro/ipc/SocketTransceiver.java/","org.apache.avro.ipc.SocketTransceiver","0","0","1","0","2","3","no"
"avro","release-1.4.0","/lang/java/src/java/org/apache/avro/io/BlockingBinaryEncoder.java/","org.apache.avro.io.BlockingBinaryEncoder","1","1","1","0","2","5","yes"
"avro","release-1.4.0","/lang/java/src/java/org/apache/avro/io/parsing/Symbol.java/","org.apache.avro.io.parsing.Symbol.Alternative","0","1","1","0","1","3","no"
"avro","release-1.4.0","/lang/java/src/java/org/apache/avro/io/parsing/Symbol.java/","org.apache.avro.io.parsing.Symbol.Root","0","0","0","0","1","1","no"
"avro","release-1.4.0","/lang/java/src/java/org/apache/avro/file/DataFileStream.java/","org.apache.avro.file.DataFileStream","0","1","1","0","8","10","no"
"avro","release-1.4.0","/lang/java/src/java/org/apache/avro/ipc/ByteBufferInputStream.java/","org.apache.avro.ipc.ByteBufferInputStream","0","0","1","0","2","3","no"
"avro","release-1.4.0","/lang/java/src/java/org/apache/avro/specific/SchemaTask.java/","org.apache.avro.specific.SchemaTask","0","0","1","0","0","1","no"
"avro","release-1.4.0","/lang/java/src/java/org/apache/avro/tool/DataFileGetSchemaTool.java/","org.apache.avro.tool.DataFileGetSchemaTool","0","0","1","0","0","1","no"
"avro","release-1.4.0","/lang/java/src/java/org/apache/avro/file/Codec.java/","org.apache.avro.file.Codec","0","0","0","0","0","0","no"
"avro","release-1.4.0","/lang/java/src/java/org/apache/avro/ipc/trace/FileSpanStorage.java/","org.apache.avro.ipc.trace.FileSpanStorage.DiskWriterThread","0","1","1","0","7","9","no"
"avro","release-1.4.0","/lang/java/src/java/org/apache/avro/specific/SpecificRecordBase.java/","org.apache.avro.specific.SpecificRecordBase","0","0","1","0","0","1","no"
"avro","release-1.4.0","/lang/java/src/java/org/apache/avro/generic/GenericEnumSymbol.java/","org.apache.avro.generic.GenericEnumSymbol","0","0","0","0","1","1","no"
"avro","release-1.4.0","/lang/java/src/java/org/apache/avro/util/WeakIdentityHashMap.java/","org.apache.avro.util.WeakIdentityHashMap","0","0","1","0","18","19","no"
"avro","release-1.4.0","/lang/java/src/java/org/apache/avro/mapred/AvroUtf8InputFormat.java/","org.apache.avro.mapred.AvroUtf8InputFormat.Utf8LineRecordReader","0","0","1","0","0","1","no"
"avro","release-1.4.0","/lang/java/src/java/org/apache/avro/ipc/stats/IntegerHistogram.java/","org.apache.avro.ipc.stats.IntegerHistogram","0","0","1","0","0","1","no"
"avro","release-1.4.0","/lang/java/src/java/org/apache/avro/ipc/stats/Stopwatch.java/","org.apache.avro.ipc.stats.Stopwatch","0","0","1","0","0","1","no"
"avro","release-1.4.0","/lang/java/src/java/org/apache/avro/tool/DataFileWriteTool.java/","org.apache.avro.tool.DataFileWriteTool","0","0","1","0","1","2","no"
"avro","release-1.4.0","/lang/java/src/java/org/apache/avro/io/BinaryDecoder.java/","org.apache.avro.io.BinaryDecoder.ByteArrayByteSource","0","1","1","0","0","2","no"
"avro","release-1.4.0","/lang/java/src/java/org/apache/avro/ipc/trace/FileSpanStorage.java/","org.apache.avro.ipc.trace.FileSpanStorage","1","1","1","1","18","22","no"
"avro","release-1.4.0","/lang/java/src/java/org/apache/avro/ipc/AvroRemoteException.java/","org.apache.avro.ipc.AvroRemoteException","0","0","0","0","0","0","no"
"avro","release-1.4.0","/lang/java/src/java/org/apache/avro/Schema.java/","org.apache.avro.Schema.Names","0","0","1","0","0","1","yes"
"avro","release-1.4.0","/lang/java/src/java/org/apache/avro/generic/GenericData.java/","org.apache.avro.generic.GenericData.Array","0","1","1","0","8","10","yes"
"avro","release-1.4.0","/lang/java/src/java/org/apache/avro/Schema.java/","org.apache.avro.Schema.Props","0","0","1","0","0","1","yes"
"avro","release-1.4.0","/lang/java/src/java/org/apache/avro/Schema.java/","org.apache.avro.Schema.FloatSchema","0","0","0","0","0","0","yes"
"avro","release-1.4.0","/lang/java/src/java/org/apache/avro/Protocol.java/","org.apache.avro.Protocol","1","1","1","0","8","11","no"
"avro","release-1.4.0","/lang/java/src/java/org/apache/avro/io/BinaryEncoder.java/","org.apache.avro.io.BinaryEncoder.ByteWriter","0","0","0","0","0","0","yes"
"avro","release-1.4.0","/lang/java/src/java/org/apache/avro/tool/Util.java/","org.apache.avro.tool.Util","0","0","1","0","4","5","no"
"avro","release-1.4.0","/lang/java/src/java/org/apache/avro/io/BinaryEncoder.java/","org.apache.avro.io.BinaryEncoder","0","1","1","1","5","8","yes"
"avro","release-1.4.0","/lang/java/src/java/org/apache/avro/ipc/stats/Histogram.java/","org.apache.avro.ipc.stats.Histogram.EntryIterator","0","0","1","0","0","1","no"
"avro","release-1.4.0","/lang/java/src/java/org/apache/avro/tool/Tool.java/","org.apache.avro.tool.Tool","0","0","0","0","0","0","no"
"avro","release-1.4.0","/lang/java/src/java/org/apache/avro/io/BinaryData.java/","org.apache.avro.io.BinaryData.Decoders","0","1","0","0","2","3","no"
"avro","release-1.4.0","/lang/java/src/java/org/apache/avro/tool/IdlTool.java/","org.apache.avro.tool.IdlTool","0","0","1","0","3","4","no"
"avro","release-1.4.0","/lang/java/src/java/org/apache/avro/ipc/trace/SpanAggregator.java/","org.apache.avro.ipc.trace.SpanAggregator.TraceFormationResults","0","0","0","0","0","0","no"
"avro","release-1.4.0","/lang/java/src/java/org/apache/avro/io/parsing/Symbol.java/","org.apache.avro.io.parsing.Symbol.Sequence","0","1","1","0","5","7","no"
"avro","release-1.4.0","/lang/java/src/java/org/apache/avro/mapred/HadoopReducerBase.java/","org.apache.avro.mapred.HadoopReducerBase","0","0","1","0","4","5","no"
"avro","release-1.4.0","/lang/java/src/java/org/apache/avro/mapred/HadoopMapper.java/","org.apache.avro.mapred.HadoopMapper.MapCollector","0","0","1","0","0","1","no"
"avro","release-1.4.0","/lang/java/src/java/org/apache/avro/ipc/stats/StatsServlet.java/","org.apache.avro.ipc.stats.StatsServlet","1","1","1","1","19","23","no"
"avro","release-1.4.0","/lang/java/src/java/org/apache/avro/tool/FromTextTool.java/","org.apache.avro.tool.FromTextTool","0","0","1","1","0","2","no"
"avro","release-1.4.0","/lang/java/src/java/org/apache/avro/file/DataFileWriter.java/","org.apache.avro.file.DataFileWriter.BufferedFileOutputStream","0","0","0","0","1","1","yes"
"avro","release-1.4.0","/lang/java/src/java/org/apache/avro/io/parsing/Symbol.java/","org.apache.avro.io.parsing.Symbol.DefaultStartAction","0","0","0","0","1","1","no"
"avro","release-1.4.0","/lang/java/src/java/org/apache/avro/Schema.java/","org.apache.avro.Schema.EnumSchema","0","0","1","0","7","8","yes"
"avro","release-1.4.0","/lang/java/src/java/org/apache/avro/file/DataFileReader.java/","org.apache.avro.file.DataFileReader.SeekableInputStream","0","0","1","0","0","1","no"
"avro","release-1.4.0","/lang/java/src/java/org/apache/avro/Schema.java/","org.apache.avro.Schema.StringSchema","0","0","0","0","0","0","yes"
"avro","release-1.4.0","/lang/java/src/java/org/apache/avro/mapred/tether/TetherPartitioner.java/","org.apache.avro.mapred.tether.TetherPartitioner","0","0","1","0","0","1","no"
"avro","release-1.4.0","/lang/java/src/java/org/apache/avro/ipc/stats/Histogram.java/","org.apache.avro.ipc.stats.Histogram.TreeMapSegmenter","0","0","1","0","4","5","no"
"avro","release-1.4.0","/lang/java/src/java/org/apache/avro/io/BinaryDecoder.java/","org.apache.avro.io.BinaryDecoder.BufferAccessor","0","1","1","0","2","4","no"
"avro","release-1.4.0","/lang/java/src/java/org/apache/avro/generic/GenericRecord.java/","org.apache.avro.generic.GenericRecord","0","0","0","0","0","0","no"
"avro","release-1.4.0","/lang/java/src/java/org/apache/avro/io/parsing/ResolvingGrammarGenerator.java/","org.apache.avro.io.parsing.ResolvingGrammarGenerator.LitS2","0","0","1","0","2","3","no"
"avro","release-1.4.0","/lang/java/src/java/org/apache/avro/io/parsing/Symbol.java/","org.apache.avro.io.parsing.Symbol.ResolvingAction","0","0","1","0","0","1","no"
"avro","release-1.4.0","/lang/java/src/java/org/apache/avro/mapred/AvroRecordReader.java/","org.apache.avro.mapred.AvroRecordReader","0","0","1","0","0","1","no"
"avro","release-1.4.0","/lang/java/src/java/org/apache/avro/specific/SpecificRequestor.java/","org.apache.avro.specific.SpecificRequestor","0","0","1","0","0","1","no"
"avro","release-1.4.0","/lang/java/src/java/org/apache/avro/ipc/NettyTransportCodec.java/","org.apache.avro.ipc.NettyTransportCodec.NettyFrameEncoder","0","0","1","0","0","1","no"
"avro","release-1.4.0","/lang/java/src/java/org/apache/avro/mapred/AvroSerialization.java/","org.apache.avro.mapred.AvroSerialization.AvroWrapperSerializer","0","0","1","0","0","1","no"
"avro","release-1.4.0","/lang/java/src/java/org/apache/avro/ipc/stats/FloatHistogram.java/","org.apache.avro.ipc.stats.FloatHistogram","0","0","1","0","0","1","no"
"avro","release-1.4.0","/lang/java/src/java/org/apache/avro/file/DataFileWriter.java/","org.apache.avro.file.DataFileWriter.NonCopyingByteArrayOutputStream","0","0","1","0","0","1","yes"
"avro","release-1.4.0","/lang/java/src/java/org/apache/avro/io/parsing/Symbol.java/","org.apache.avro.io.parsing.Symbol.FieldAdjustAction","0","0","0","0","0","0","no"
"avro","release-1.4.0","/lang/java/src/java/org/apache/avro/specific/SpecificDatumReader.java/","org.apache.avro.specific.SpecificDatumReader","0","0","1","0","0","1","no"
"avro","release-1.4.0","/lang/java/src/java/org/apache/avro/Schema.java/","org.apache.avro.Schema.Type","0","0","0","0","0","0","yes"
"avro","release-1.4.0","/lang/java/src/java/org/apache/avro/ipc/RPCPlugin.java/","org.apache.avro.ipc.RPCPlugin","0","0","0","0","0","0","no"
"avro","release-1.4.0","/lang/java/src/java/org/apache/avro/io/parsing/ValidatingGrammarGenerator.java/","org.apache.avro.io.parsing.ValidatingGrammarGenerator","1","1","1","1","2","6","no"
"avro","release-1.4.0","/lang/java/src/java/org/apache/avro/io/Encoder.java/","org.apache.avro.io.Encoder","0","1","1","0","0","2","yes"
"avro","release-1.4.0","/lang/java/src/java/org/apache/avro/mapred/AvroValue.java/","org.apache.avro.mapred.AvroValue","0","0","0","0","0","0","no"
"avro","release-1.4.0","/lang/java/src/java/org/apache/avro/io/BlockingBinaryEncoder.java/","org.apache.avro.io.BlockingBinaryEncoder.EncoderBuffer","0","0","0","0","1","1","yes"
"avro","release-1.4.0","/lang/java/src/java/org/apache/avro/io/DirectBinaryDecoder.java/","org.apache.avro.io.DirectBinaryDecoder.ReuseByteReader","0","0","0","0","0","0","no"
"avro","release-1.4.0","/lang/java/src/java/org/apache/avro/io/ValidatingDecoder.java/","org.apache.avro.io.ValidatingDecoder","0","1","1","0","2","4","no"
"avro","release-1.4.0","/lang/java/src/java/org/apache/avro/mapred/HadoopMapper.java/","org.apache.avro.mapred.HadoopMapper","0","0","1","0","0","1","no"
"avro","release-1.4.0","/lang/java/src/java/org/apache/avro/ipc/trace/Trace.java/","org.apache.avro.ipc.trace.Trace","0","1","1","0","5","7","no"
"avro","release-1.4.0","/lang/java/src/java/org/apache/avro/tool/RpcReceiveTool.java/","org.apache.avro.tool.RpcReceiveTool.SinkResponder","0","0","1","0","1","2","no"
"avro","release-1.4.0","/lang/java/src/java/org/apache/avro/reflect/InduceSchemaTool.java/","org.apache.avro.reflect.InduceSchemaTool","0","0","1","0","4","5","no"
"avro","release-1.4.0","/lang/java/src/java/org/apache/avro/io/parsing/Symbol.java/","org.apache.avro.io.parsing.Symbol.ErrorAction","0","0","0","0","0","0","no"
"avro","release-1.4.0","/lang/java/src/java/org/apache/avro/ipc/trace/TraceCollection.java/","org.apache.avro.ipc.trace.TraceCollection.TraceNodeStats","0","1","1","0","0","2","no"
"avro","release-1.4.0","/lang/java/src/java/org/apache/avro/io/BinaryDecoder.java/","org.apache.avro.io.BinaryDecoder","1","1","1","1","11","15","no"
"avro","release-1.4.0","/lang/java/src/java/org/apache/avro/tool/BinaryFragmentToJsonTool.java/","org.apache.avro.tool.BinaryFragmentToJsonTool","0","0","1","1","2","4","no"
"avro","release-1.4.0","/lang/java/src/java/org/apache/avro/io/parsing/Symbol.java/","org.apache.avro.io.parsing.Symbol.Fixup","0","0","0","0","1","1","no"
"avro","release-1.4.0","/lang/java/src/java/org/apache/avro/mapred/AvroUtf8InputFormat.java/","org.apache.avro.mapred.AvroUtf8InputFormat","0","0","1","0","0","1","no"
"avro","release-1.4.0","/lang/java/src/java/org/apache/avro/io/parsing/SkipParser.java/","org.apache.avro.io.parsing.SkipParser.SkipHandler","0","0","0","0","0","0","no"
"avro","release-1.4.0","/lang/java/src/java/org/apache/avro/mapred/tether/TetherOutputService.java/","org.apache.avro.mapred.tether.TetherOutputService","0","1","1","0","2","4","no"
"avro","release-1.4.0","/lang/java/src/java/org/apache/avro/mapred/HadoopReducer.java/","org.apache.avro.mapred.HadoopReducer","0","0","1","0","0","1","no"
"avro","release-1.4.0","/lang/java/src/java/org/apache/avro/mapred/AvroJob.java/","org.apache.avro.mapred.AvroJob","0","0","1","0","0","1","no"
"avro","release-1.4.0","/lang/java/src/java/org/apache/avro/ipc/trace/TraceCollection.java/","org.apache.avro.ipc.trace.TraceCollection.TraceComparotor","0","0","1","0","0","1","no"
"avro","release-1.4.0","/lang/java/src/java/org/apache/avro/ipc/stats/StatsServer.java/","org.apache.avro.ipc.stats.StatsServer","0","0","0","0","0","0","no"
"avro","release-1.4.0","/lang/java/src/java/org/apache/avro/specific/SpecificDatumReader.java/","org.apache.avro.specific.SpecificDatumReader.SchemaConstructable","0","0","0","0","0","0","no"
"avro","release-1.4.0","/lang/java/src/java/org/apache/avro/mapred/tether/TetherKeySerialization.java/","org.apache.avro.mapred.tether.TetherKeySerialization","0","0","1","0","1","2","no"
"avro","release-1.4.0","/lang/java/src/java/org/apache/avro/io/ResolvingDecoder.java/","org.apache.avro.io.ResolvingDecoder","0","1","1","1","0","3","no"
"avro","release-1.4.0","/lang/java/src/java/org/apache/avro/file/DeflateCodec.java/","org.apache.avro.file.DeflateCodec.Option","0","0","0","0","0","0","no"
"avro","release-1.4.0","/lang/java/src/java/org/apache/avro/io/parsing/Symbol.java/","org.apache.avro.io.parsing.Symbol.EnumLabelsAction","0","0","1","0","0","1","no"
"avro","release-1.4.0","/lang/java/src/java/org/apache/avro/generic/GenericDatumWriter.java/","org.apache.avro.generic.GenericDatumWriter","0","1","1","0","0","2","yes"
"avro","release-1.4.0","/lang/java/src/java/org/apache/avro/generic/GenericFixed.java/","org.apache.avro.generic.GenericFixed","0","0","0","0","0","0","no"
"avro","release-1.4.0","/lang/java/src/java/org/apache/avro/ipc/NettyTransceiver.java/","org.apache.avro.ipc.NettyTransceiver","0","0","1","0","2","3","no"
"avro","release-1.4.0","/lang/java/src/java/org/apache/avro/specific/SpecificData.java/","org.apache.avro.specific.SpecificData","1","1","1","0","1","4","no"
"avro","release-1.4.0","/lang/java/src/java/org/apache/avro/ipc/stats/Histogram.java/","org.apache.avro.ipc.stats.Histogram.Entry","0","0","0","0","0","0","no"
"avro","release-1.4.0","/lang/java/src/java/org/apache/avro/mapred/AvroMapper.java/","org.apache.avro.mapred.AvroMapper","0","0","1","0","0","1","no"
"avro","release-1.4.0","/lang/java/src/java/org/apache/avro/specific/SpecificDatumWriter.java/","org.apache.avro.specific.SpecificDatumWriter","0","0","1","0","0","1","no"
"avro","release-1.4.0","/lang/java/src/java/org/apache/avro/ipc/DatagramServer.java/","org.apache.avro.ipc.DatagramServer","0","0","1","0","2","3","no"
"avro","release-1.4.0","/lang/java/src/java/org/apache/avro/Schema.java/","org.apache.avro.Schema.MapSchema","0","0","1","0","4","5","yes"
"avro","release-1.4.0","/lang/java/src/java/org/apache/avro/reflect/ReflectData.java/","org.apache.avro.reflect.ReflectData","1","1","1","0","3","6","no"
"avro","release-1.4.0","/lang/java/src/java/org/apache/avro/Schema.java/","org.apache.avro.Schema.DoubleSchema","0","0","0","0","0","0","yes"
"avro","release-1.4.0","/lang/java/src/java/org/apache/avro/Schema.java/","org.apache.avro.Schema.LongSchema","0","0","0","0","0","0","yes"
"avro","release-1.4.0","/lang/java/src/java/org/apache/avro/ipc/Server.java/","org.apache.avro.ipc.Server","0","0","0","0","0","0","no"
"avro","release-1.4.0","/lang/java/src/java/org/apache/avro/io/parsing/Symbol.java/","org.apache.avro.io.parsing.Symbol.Kind","0","0","0","0","0","0","no"
"avro","release-1.4.0","/lang/java/src/java/org/apache/avro/SchemaParseException.java/","org.apache.avro.SchemaParseException","0","0","0","0","0","0","no"
"avro","release-1.4.0","/lang/java/src/java/org/apache/avro/ipc/trace/InMemorySpanStorage.java/","org.apache.avro.ipc.trace.InMemorySpanStorage","0","1","1","0","1","3","no"
"avro","release-1.4.0","/lang/java/src/java/org/apache/avro/file/SeekableFileInput.java/","org.apache.avro.file.SeekableFileInput","0","0","1","0","0","1","no"
"avro","release-1.4.0","/lang/java/src/java/org/apache/avro/ipc/trace/TracePlugin.java/","org.apache.avro.ipc.trace.TracePlugin.StorageType","0","0","0","0","0","0","no"
"avro","release-1.4.0","/lang/java/src/java/org/apache/avro/ipc/stats/Stopwatch.java/","org.apache.avro.ipc.stats.Stopwatch.Ticks","0","0","0","0","0","0","no"
"avro","release-1.4.0","/lang/java/src/java/org/apache/avro/file/DeflateCodec.java/","org.apache.avro.file.DeflateCodec","0","0","1","0","1","2","no"
"avro","release-1.4.0","/lang/java/src/java/org/apache/avro/io/parsing/JsonGrammarGenerator.java/","org.apache.avro.io.parsing.JsonGrammarGenerator","0","1","1","1","0","3","no"
"avro","release-1.4.0","/lang/java/src/java/org/apache/avro/file/NullCodec.java/","org.apache.avro.file.NullCodec.Option","0","0","0","0","0","0","no"
"avro","release-1.4.0","/lang/java/src/java/org/apache/avro/Schema.java/","org.apache.avro.Schema.Field.Order","0","0","0","0","0","0","yes"
"avro","release-1.4.0","/lang/java/src/java/org/apache/avro/mapred/HadoopReducerBase.java/","org.apache.avro.mapred.HadoopReducerBase.ReduceIterable","0","0","1","0","4","5","no"
"avro","release-1.4.0","/lang/java/src/java/org/apache/avro/file/DataFileWriter.java/","org.apache.avro.file.DataFileWriter.BufferedFileOutputStream.PositionFilter","0","0","1","0","1","2","yes"
"avro","release-1.4.0","/lang/java/src/java/org/apache/avro/ipc/trace/Trace.java/","org.apache.avro.ipc.trace.Trace.NodeComparator","0","1","1","0","0","2","no"
"avro","release-1.4.0","/lang/java/src/java/org/apache/avro/ipc/stats/Histogram.java/","org.apache.avro.ipc.stats.Histogram.Segmenter","0","0","0","0","0","0","no"
"avro","release-1.4.0","/lang/java/src/java/org/apache/avro/ipc/HttpTransceiver.java/","org.apache.avro.ipc.HttpTransceiver","0","0","1","0","0","1","no"
"avro","release-1.4.0","/lang/java/src/java/org/apache/avro/mapred/HadoopReducer.java/","org.apache.avro.mapred.HadoopReducer.ReduceCollector","0","0","1","0","0","1","no"
"avro","release-1.4.0","/lang/java/src/java/org/apache/avro/specific/SpecificCompiler.java/","org.apache.avro.specific.SpecificCompiler.OutputFile","0","0","1","0","1","2","yes"
"avro","release-1.4.0","/lang/java/src/java/org/apache/avro/ipc/NettyTransceiver.java/","org.apache.avro.ipc.NettyTransceiver.NettyClientAvroHandler","0","0","1","0","2","3","no"
"avro","release-1.4.0","/lang/java/src/java/org/apache/avro/util/Utf8.java/","org.apache.avro.util.Utf8","0","1","1","0","6","8","yes"
"avro","release-1.4.0","/lang/java/src/java/org/apache/avro/io/DecoderFactory.java/","org.apache.avro.io.DecoderFactory","0","0","1","0","1","2","no"
"avro","release-1.4.0","/lang/java/src/java/org/apache/avro/ipc/Transceiver.java/","org.apache.avro.ipc.Transceiver","0","0","0","0","1","1","no"
"avro","release-1.4.0","/lang/java/src/java/org/apache/avro/file/CodecFactory.java/","org.apache.avro.file.CodecFactory","0","0","1","0","0","1","no"
"avro","release-1.4.0","/lang/java/src/java/org/apache/avro/mapred/AvroKey.java/","org.apache.avro.mapred.AvroKey","0","0","0","0","0","0","no"
"avro","release-1.4.0","/lang/java/src/java/org/apache/avro/ipc/trace/TraceClientServlet.java/","org.apache.avro.ipc.trace.TraceClientServlet","0","1","1","1","7","10","no"
"avro","release-1.4.0","/lang/java/src/java/org/apache/avro/file/DataFileReader.java/","org.apache.avro.file.DataFileReader","0","0","1","0","1","2","no"
"avro","release-1.4.0","/lang/java/src/java/org/apache/avro/ipc/Responder.java/","org.apache.avro.ipc.Responder","1","1","1","0","1","4","no"
"avro","release-1.4.0","/lang/java/src/java/org/apache/avro/io/BinaryEncoder.java/","org.apache.avro.io.BinaryEncoder.ReuseByteWriter","0","0","1","0","0","1","yes"
"avro","release-1.4.0","/lang/java/src/java/org/apache/avro/generic/GenericData.java/","org.apache.avro.generic.GenericData.Record","0","0","1","0","0","1","yes"
"avro","release-1.4.0","/lang/java/src/java/org/apache/avro/specific/SpecificResponder.java/","org.apache.avro.specific.SpecificResponder","0","0","1","0","0","1","no"
"avro","release-1.4.0","/lang/java/src/java/org/apache/avro/mapred/HadoopCombiner.java/","org.apache.avro.mapred.HadoopCombiner.PairCollector","0","0","1","0","0","1","no"
"avro","release-1.4.0","/lang/java/src/java/org/apache/avro/ipc/stats/StatsPlugin.java/","org.apache.avro.ipc.stats.StatsPlugin","0","1","1","1","0","3","no"
"avro","release-1.4.0","/lang/java/src/java/org/apache/avro/specific/SpecificFixed.java/","org.apache.avro.specific.SpecificFixed","0","0","0","0","0","0","no"
"avro","release-1.4.0","/lang/java/src/java/org/apache/avro/mapred/tether/TetherJob.java/","org.apache.avro.mapred.tether.TetherJob","0","0","1","0","0","1","no"
"avro","release-1.4.0","/lang/java/src/java/org/apache/avro/ipc/stats/StatsServlet.java/","org.apache.avro.ipc.stats.StatsServlet.RenderableMessage","0","0","0","0","5","5","no"
"avro","release-1.4.0","/lang/java/src/java/org/apache/avro/generic/IndexedRecord.java/","org.apache.avro.generic.IndexedRecord","0","0","0","0","0","0","no"
"avro","release-1.4.0","/lang/java/src/java/org/apache/avro/util/WeakIdentityHashMap.java/","org.apache.avro.util.WeakIdentityHashMap.IdentityWeakReference","0","0","0","0","2","2","no"
"avro","release-1.4.0","/lang/java/src/java/org/apache/avro/io/parsing/Symbol.java/","org.apache.avro.io.parsing.Symbol.UnionAdjustAction","0","0","1","0","0","1","no"
"avro","release-1.4.0","/lang/java/src/java/org/apache/avro/Schema.java/","org.apache.avro.Schema.ArraySchema","0","0","1","0","4","5","yes"
"avro","release-1.4.0","/lang/java/src/java/org/apache/avro/tool/RpcSendTool.java/","org.apache.avro.tool.RpcSendTool","0","0","1","1","1","3","no"
"avro","release-1.4.0","/lang/java/src/java/org/apache/avro/mapred/AvroReducer.java/","org.apache.avro.mapred.AvroReducer","0","0","1","0","0","1","no"
"avro","release-1.4.0","/lang/java/src/java/org/apache/avro/reflect/Stringable.java/","org.apache.avro.reflect.Stringable","0","0","0","0","0","0","no"
"avro","release-1.4.0","/lang/java/src/java/org/apache/avro/ipc/trace/SpanAggregator.java/","org.apache.avro.ipc.trace.SpanAggregator","1","1","1","0","4","7","no"
"avro","release-1.4.0","/lang/java/src/java/org/apache/avro/ipc/NettyServer.java/","org.apache.avro.ipc.NettyServer.NettyServerAvroHandler","0","0","1","0","2","3","no"
"avro","release-1.4.0","/lang/java/src/java/org/apache/avro/io/JsonDecoder.java/","org.apache.avro.io.JsonDecoder","0","1","1","1","0","3","no"
"avro","release-1.4.0","/lang/java/src/java/org/apache/avro/mapred/tether/TetherOutputFormat.java/","org.apache.avro.mapred.tether.TetherOutputFormat","0","0","1","0","0","1","no"
"avro","release-1.4.0","/lang/java/src/java/org/apache/avro/mapred/AvroKeyComparator.java/","org.apache.avro.mapred.AvroKeyComparator","0","0","1","0","0","1","no"
"avro","release-1.4.0","/lang/java/src/java/org/apache/avro/generic/GenericRequestor.java/","org.apache.avro.generic.GenericRequestor","0","0","1","0","0","1","no"
"avro","release-1.4.0","/lang/java/src/java/org/apache/avro/mapred/AvroSerialization.java/","org.apache.avro.mapred.AvroSerialization","0","0","1","0","1","2","no"
"avro","release-1.4.0","/lang/java/src/java/org/apache/avro/io/parsing/ResolvingGrammarGenerator.java/","org.apache.avro.io.parsing.ResolvingGrammarGenerator","1","1","1","1","9","13","no"
"avro","release-1.4.0","/lang/java/src/java/org/apache/avro/ipc/trace/SpanAggregator.java/","org.apache.avro.ipc.trace.SpanAggregator.SpanAggregationResults","0","0","0","0","0","0","no"
"avro","release-1.4.0","/lang/java/src/java/org/apache/avro/tool/Main.java/","org.apache.avro.tool.Main","0","1","1","0","6","8","no"
"avro","release-1.4.0","/lang/java/src/java/org/apache/avro/io/parsing/Symbol.java/","org.apache.avro.io.parsing.Symbol.Repeater","0","0","1","0","1","2","no"
"avro","release-1.4.0","/lang/java/src/java/org/apache/avro/ipc/trace/TracePluginConfiguration.java/","org.apache.avro.ipc.trace.TracePluginConfiguration","0","0","0","0","0","0","no"
"avro","release-1.4.0","/lang/java/src/java/org/apache/avro/io/ParsingDecoder.java/","org.apache.avro.io.ParsingDecoder","0","1","1","0","0","2","no"
"avro","release-1.4.0","/lang/java/src/java/org/apache/avro/Schema.java/","org.apache.avro.Schema.Name","0","1","1","0","4","6","yes"
"avro","release-1.4.0","/lang/java/src/java/org/apache/avro/ipc/HttpServer.java/","org.apache.avro.ipc.HttpServer","0","0","1","0","0","1","no"
"avro","release-1.4.0","/lang/java/src/java/org/apache/avro/Protocol.java/","org.apache.avro.Protocol.TwoWayMessage","0","1","1","0","0","2","no"
"avro","release-1.4.0","/lang/java/src/java/org/apache/avro/file/NullCodec.java/","org.apache.avro.file.NullCodec","0","0","1","0","0","1","no"
"avro","release-1.4.0","/lang/java/src/java/org/apache/avro/reflect/ReflectResponder.java/","org.apache.avro.reflect.ReflectResponder","0","0","0","0","1","1","no"
"avro","release-1.4.0","/lang/java/src/java/org/apache/avro/reflect/Union.java/","org.apache.avro.reflect.Union","0","0","0","0","0","0","no"
"avro","release-1.4.0","/lang/java/src/java/org/apache/avro/generic/GenericData.java/","org.apache.avro.generic.GenericData","1","1","1","1","17","21","yes"
"avro","release-1.4.0","/lang/java/src/java/org/apache/avro/mapred/AvroInputFormat.java/","org.apache.avro.mapred.AvroInputFormat","0","0","1","0","0","1","no"
"avro","release-1.4.0","/lang/java/src/java/org/apache/avro/tool/DataFileReadTool.java/","org.apache.avro.tool.DataFileReadTool","0","0","1","0","0","1","no"
"avro","release-1.4.0","/lang/java/src/java/org/apache/avro/mapred/HadoopCombiner.java/","org.apache.avro.mapred.HadoopCombiner","0","0","1","0","0","1","no"
"avro","release-1.4.0","/lang/java/src/java/org/apache/avro/ipc/RPCContext.java/","org.apache.avro.ipc.RPCContext","0","1","0","0","2","3","no"
"avro","release-1.4.0","/lang/java/src/java/org/apache/avro/ipc/trace/StaticServlet.java/","org.apache.avro.ipc.trace.StaticServlet","0","0","1","0","0","1","no"
"avro","release-1.4.0","/lang/java/src/java/org/apache/avro/mapred/tether/TetherKeyComparator.java/","org.apache.avro.mapred.tether.TetherKeyComparator","0","0","1","0","1","2","no"
"avro","release-1.4.0","/lang/java/src/java/org/apache/avro/tool/RpcReceiveTool.java/","org.apache.avro.tool.RpcReceiveTool","0","0","1","1","2","4","no"
"avro","release-1.4.0","/lang/java/src/java/org/apache/avro/mapred/tether/TetherKeySerialization.java/","org.apache.avro.mapred.tether.TetherKeySerialization.TetherDataSerializer","0","0","1","0","0","1","no"
"avro","release-1.4.0","/lang/java/src/java/org/apache/avro/io/parsing/Symbol.java/","org.apache.avro.io.parsing.Symbol.FieldOrderAction","0","0","0","0","2","2","no"
"avro","release-1.4.0","/lang/java/src/java/org/apache/avro/file/DataFileWriter.java/","org.apache.avro.file.DataFileWriter","0","1","1","0","3","5","yes"
"avro","release-1.4.0","/lang/java/src/java/org/apache/avro/io/ValidatingEncoder.java/","org.apache.avro.io.ValidatingEncoder","0","1","1","0","0","2","yes"
"avro","release-1.4.0","/lang/java/src/java/org/apache/avro/mapred/tether/TetherInputFormat.java/","org.apache.avro.mapred.tether.TetherInputFormat","0","0","1","0","0","1","no"
"avro","release-1.4.0","/lang/java/src/java/org/apache/avro/io/parsing/SkipParser.java/","org.apache.avro.io.parsing.SkipParser","0","1","1","0","0","2","no"
"avro","release-1.4.0","/lang/java/src/java/org/apache/avro/ipc/NettyTransportCodec.java/","org.apache.avro.ipc.NettyTransportCodec","0","0","0","0","4","4","no"
"avro","release-1.4.0","/lang/java/src/java/org/apache/avro/io/DatumWriter.java/","org.apache.avro.io.DatumWriter","0","0","0","0","0","0","no"
"avro","release-1.4.0","/lang/java/src/java/org/apache/avro/Schema.java/","org.apache.avro.Schema.Field","0","1","1","0","3","5","yes"
"avro","release-1.4.0","/lang/java/src/java/org/apache/avro/ipc/trace/TracePlugin.java/","org.apache.avro.ipc.trace.TracePlugin.TraceResponder","0","0","0","0","0","0","no"
"avro","release-1.4.0","/lang/java/src/java/org/apache/avro/AvroRuntimeException.java/","org.apache.avro.AvroRuntimeException","0","0","0","0","0","0","no"
"avro","release-1.4.0","/lang/java/src/java/org/apache/avro/file/LengthLimitedInputStream.java/","org.apache.avro.file.LengthLimitedInputStream","0","0","1","0","1","2","no"
"avro","release-1.4.0","/lang/java/src/java/org/apache/avro/file/DataFileConstants.java/","org.apache.avro.file.DataFileConstants","0","0","0","0","0","0","no"
"avro","release-1.4.0","/lang/java/src/java/org/apache/avro/mapred/tether/TetherReducer.java/","org.apache.avro.mapred.tether.TetherReducer","0","1","1","0","0","2","no"
"avro","release-1.4.0","/lang/java/src/java/org/apache/avro/generic/GenericDatumReader.java/","org.apache.avro.generic.GenericDatumReader","0","1","1","0","1","3","no"
"avro","release-1.4.0","/lang/java/src/java/org/apache/avro/ipc/NettyTransportCodec.java/","org.apache.avro.ipc.NettyTransportCodec.NettyFrameDecoder","0","0","1","0","4","5","no"
"avro","release-1.4.0","/lang/java/src/java/org/apache/avro/generic/GenericResponder.java/","org.apache.avro.generic.GenericResponder","0","0","1","0","1","2","no"
"avro","release-1.4.0","/lang/java/src/java/org/apache/avro/Protocol.java/","org.apache.avro.Protocol.Message","0","1","1","0","3","5","no"
"avro","release-1.4.0","/lang/java/src/java/org/apache/avro/io/ParsingEncoder.java/","org.apache.avro.io.ParsingEncoder","0","0","1","0","0","1","no"
"avro","release-1.4.0","/lang/java/src/java/org/apache/avro/io/BlockingBinaryEncoder.java/","org.apache.avro.io.BlockingBinaryEncoder.BlockedValue","0","1","1","0","0","2","yes"
"avro","release-1.4.0","/lang/java/src/java/org/apache/avro/io/parsing/Symbol.java/","org.apache.avro.io.parsing.Symbol.IntCheckAction","0","0","0","0","0","0","no"
"avro","release-1.4.0","/lang/java/src/java/org/apache/avro/io/DirectBinaryDecoder.java/","org.apache.avro.io.DirectBinaryDecoder","0","1","1","0","3","5","no"
"avro","release-1.4.0","/lang/java/src/java/org/apache/avro/Schema.java/","org.apache.avro.Schema","1","1","1","0","83","86","yes"
"avro","release-1.4.0","/lang/java/src/java/org/apache/avro/mapred/tether/TetheredProcess.java/","org.apache.avro.mapred.tether.TetheredProcess","0","1","1","0","1","3","no"
"avro","release-1.4.0","/lang/java/src/java/org/apache/avro/mapred/tether/TetherMapRunner.java/","org.apache.avro.mapred.tether.TetherMapRunner","0","1","1","0","0","2","no"
"avro","release-1.4.0","/lang/java/src/java/org/apache/avro/ipc/stats/Histogram.java/","org.apache.avro.ipc.stats.Histogram.SegmenterException","0","0","0","0","0","0","no"
"avro","release-1.4.0","/lang/java/src/java/org/apache/avro/io/DecoderFactory.java/","org.apache.avro.io.DecoderFactory.DefaultDecoderFactory","0","0","0","0","0","0","no"
"avro","release-1.4.0","/lang/java/src/java/org/apache/avro/io/BlockingBinaryEncoder.java/","org.apache.avro.io.BlockingBinaryEncoder.BlockedValue.State","0","0","0","0","0","0","yes"
"avro","release-1.4.0","/lang/java/src/java/org/apache/avro/specific/SpecificExceptionBase.java/","org.apache.avro.specific.SpecificExceptionBase","0","0","1","0","2","3","no"
"avro","release-1.4.0","/lang/java/src/java/org/apache/avro/Schema.java/","org.apache.avro.Schema.NullSchema","0","0","0","0","0","0","yes"
"avro","release-1.4.0","/lang/java/src/java/org/apache/avro/ipc/trace/TraceNode.java/","org.apache.avro.ipc.trace.TraceNode","0","1","1","0","0","2","no"
"avro","release-1.4.0","/lang/java/src/java/org/apache/avro/reflect/ReflectDatumReader.java/","org.apache.avro.reflect.ReflectDatumReader","0","1","1","0","0","2","no"
"avro","release-1.4.0","/lang/java/src/java/org/apache/avro/generic/GenericData.java/","org.apache.avro.generic.GenericData.Fixed","0","1","1","0","6","8","yes"
"avro","release-1.4.0","/lang/java/src/java/org/apache/avro/specific/FixedSize.java/","org.apache.avro.specific.FixedSize","0","0","0","0","0","0","no"
"avro","release-1.4.0","/lang/java/src/java/org/apache/avro/ipc/Requestor.java/","org.apache.avro.ipc.Requestor","1","1","1","0","0","3","no"
"avro","release-1.4.0","/lang/java/src/java/org/apache/avro/mapred/tether/TetherRecordReader.java/","org.apache.avro.mapred.tether.TetherRecordReader","0","0","1","0","0","1","no"
"avro","release-1.4.0","/lang/java/src/java/org/apache/avro/io/parsing/Parser.java/","org.apache.avro.io.parsing.Parser","0","1","1","0","0","2","no"
"avro","release-1.4.0","/lang/java/src/java/org/apache/avro/ipc/NettyTransceiver.java/","org.apache.avro.ipc.NettyTransceiver.CallFuture","0","0","1","0","0","1","no"
"avro","release-1.4.0","/lang/java/src/java/org/apache/avro/ipc/trace/SpanStorage.java/","org.apache.avro.ipc.trace.SpanStorage","0","0","0","0","0","0","no"
"avro","release-1.4.0","/lang/java/src/java/org/apache/avro/io/JsonEncoder.java/","org.apache.avro.io.JsonEncoder","0","1","1","0","0","2","yes"
"avro","release-1.4.0","/lang/java/src/java/org/apache/avro/io/BinaryEncoder.java/","org.apache.avro.io.BinaryEncoder.SimpleByteWriter","0","0","1","0","0","1","yes"
"avro","release-1.4.0","/lang/java/src/java/org/apache/avro/generic/GenericData.java/","org.apache.avro.generic.GenericData.EnumSymbol","0","0","1","0","3","4","yes"
"avro","release-1.4.0","/lang/java/src/java/org/apache/avro/Schema.java/","org.apache.avro.Schema.UnionSchema","0","0","1","0","5","6","yes"
"avro","release-1.4.0","/lang/java/src/java/org/apache/avro/ipc/NettyServer.java/","org.apache.avro.ipc.NettyServer","0","0","1","0","2","3","no"
"avro","release-1.4.0","/lang/java/src/java/org/apache/avro/ipc/stats/Histogram.java/","org.apache.avro.ipc.stats.Histogram","0","1","1","0","7","9","no"
"avro","release-1.4.0","/lang/java/src/java/org/apache/avro/specific/SpecificRecord.java/","org.apache.avro.specific.SpecificRecord","0","0","0","0","0","0","no"
"avro","release-1.4.0","/lang/java/src/java/org/apache/avro/ipc/stats/Stopwatch.java/","org.apache.avro.ipc.stats.Stopwatch.SystemTicks","0","0","1","0","0","1","no"
"avro","release-1.4.0","/lang/java/src/java/org/apache/avro/ipc/trace/TraceCollection.java/","org.apache.avro.ipc.trace.TraceCollection","0","1","1","0","6","8","no"
"avro","release-1.4.0","/lang/java/src/java/org/apache/avro/io/parsing/ValidatingGrammarGenerator.java/","org.apache.avro.io.parsing.ValidatingGrammarGenerator.LitS","0","0","1","0","2","3","no"
"avro","release-1.4.0","/lang/java/src/java/org/apache/avro/io/BinaryDecoder.java/","org.apache.avro.io.BinaryDecoder.InputStreamByteSource","0","1","1","0","4","6","no"
"avro","release-1.4.1","/lang/java/src/java/org/apache/avro/ipc/trace/TraceCollection.java/","org.apache.avro.ipc.trace.TraceCollection.TraceTiming","0","1","1","0","2","4","no"
"avro","release-1.4.1","/lang/java/src/java/org/apache/avro/mapred/tether/TetherData.java/","org.apache.avro.mapred.tether.TetherData","0","0","0","0","0","0","no"
"avro","release-1.4.1","/lang/java/src/java/org/apache/avro/ipc/ByteBufferOutputStream.java/","org.apache.avro.ipc.ByteBufferOutputStream","0","0","1","0","4","5","no"
"avro","release-1.4.1","/lang/java/src/java/org/apache/avro/ipc/LocalTransceiver.java/","org.apache.avro.ipc.LocalTransceiver","0","0","1","0","0","1","no"
"avro","release-1.4.1","/lang/java/src/java/org/apache/avro/generic/GenericContainer.java/","org.apache.avro.generic.GenericContainer","0","0","0","0","0","0","no"
"avro","release-1.4.1","/lang/java/src/java/org/apache/avro/ipc/ResponderServlet.java/","org.apache.avro.ipc.ResponderServlet","0","0","1","0","0","1","no"
"avro","release-1.4.1","/lang/java/src/java/org/apache/avro/io/Decoder.java/","org.apache.avro.io.Decoder","0","1","1","0","0","2","no"
"avro","release-1.4.1","/lang/java/src/java/org/apache/avro/mapred/AvroSerialization.java/","org.apache.avro.mapred.AvroSerialization.AvroWrapperDeserializer","0","0","1","0","1","2","no"
"avro","release-1.4.1","/lang/java/src/java/org/apache/avro/Schema.java/","org.apache.avro.Schema.FixedSchema","0","0","1","0","4","5","yes"
"avro","release-1.4.1","/lang/java/src/java/org/apache/avro/Schema.java/","org.apache.avro.Schema.RecordSchema","0","1","1","0","6","8","yes"
"avro","release-1.4.1","/lang/java/src/java/org/apache/avro/mapred/Pair.java/","org.apache.avro.mapred.Pair","0","1","1","0","0","2","no"
"avro","release-1.4.1","/lang/java/src/java/org/apache/avro/mapred/AvroOutputFormat.java/","org.apache.avro.mapred.AvroOutputFormat","0","0","1","0","0","1","no"
"avro","release-1.4.1","/lang/java/src/java/org/apache/avro/io/parsing/Symbol.java/","org.apache.avro.io.parsing.Symbol.Terminal","0","0","0","0","1","1","no"
"avro","release-1.4.1","/lang/java/src/java/org/apache/avro/io/BinaryData.java/","org.apache.avro.io.BinaryData","1","1","1","0","5","8","no"
"avro","release-1.4.1","/lang/java/src/java/org/apache/avro/mapred/FsInput.java/","org.apache.avro.mapred.FsInput","0","0","1","0","1","2","no"
"avro","release-1.4.1","/lang/java/src/java/org/apache/avro/io/parsing/Symbol.java/","org.apache.avro.io.parsing.Symbol","0","1","1","0","22","24","no"
"avro","release-1.4.1","/lang/java/src/java/org/apache/avro/Schema.java/","org.apache.avro.Schema.SeenPair","0","1","1","0","2","4","yes"
"avro","release-1.4.1","/lang/java/src/java/org/apache/avro/tool/JsonToBinaryFragmentTool.java/","org.apache.avro.tool.JsonToBinaryFragmentTool","0","0","1","1","2","4","no"
"avro","release-1.4.1","/lang/java/src/java/org/apache/avro/ipc/NettyTransportCodec.java/","org.apache.avro.ipc.NettyTransportCodec.NettyDataPack","0","0","0","0","0","0","no"
"avro","release-1.4.1","/lang/java/src/java/org/apache/avro/ipc/SaslSocketTransceiver.java/","org.apache.avro.ipc.SaslSocketTransceiver.Status","0","0","0","0","0","0","no"
"avro","release-1.4.1","/lang/java/src/java/org/apache/avro/mapred/AvroWrapper.java/","org.apache.avro.mapred.AvroWrapper","0","0","1","0","2","3","no"
"avro","release-1.4.1","/lang/java/src/java/org/apache/avro/io/parsing/Symbol.java/","org.apache.avro.io.parsing.Symbol.WriterUnionAction","0","0","0","0","0","0","no"
"avro","release-1.4.1","/lang/java/src/java/org/apache/avro/Schema.java/","org.apache.avro.Schema.BooleanSchema","0","0","0","0","0","0","yes"
"avro","release-1.4.1","/lang/java/src/java/org/apache/avro/io/parsing/Symbol.java/","org.apache.avro.io.parsing.Symbol.EnumAdjustAction","0","0","0","0","2","2","no"
"avro","release-1.4.1","/lang/java/src/java/org/apache/avro/ipc/SaslSocketTransceiver.java/","org.apache.avro.ipc.SaslSocketTransceiver","1","1","1","0","18","21","no"
"avro","release-1.4.1","/lang/java/src/java/org/apache/avro/io/parsing/Symbol.java/","org.apache.avro.io.parsing.Symbol.ImplicitAction","0","0","0","0","0","0","no"
"avro","release-1.4.1","/lang/java/src/java/org/apache/avro/Schema.java/","org.apache.avro.Schema.LockableArrayList","0","0","0","0","8","8","yes"
"avro","release-1.4.1","/lang/java/src/java/org/apache/avro/ipc/stats/StaticServlet.java/","org.apache.avro.ipc.stats.StaticServlet","0","0","1","0","0","1","no"
"avro","release-1.4.1","/lang/java/src/java/org/apache/avro/io/parsing/Parser.java/","org.apache.avro.io.parsing.Parser.ActionHandler","0","0","0","0","0","0","no"
"avro","release-1.4.1","/lang/java/src/java/org/apache/avro/io/BinaryData.java/","org.apache.avro.io.BinaryData.HashData","0","0","0","0","0","0","no"
"avro","release-1.4.1","/lang/java/src/java/org/apache/avro/Schema.java/","org.apache.avro.Schema.NamedSchema","0","1","1","0","9","11","yes"
"avro","release-1.4.1","/lang/java/src/java/org/apache/avro/mapred/AvroCollector.java/","org.apache.avro.mapred.AvroCollector","0","0","0","0","0","0","no"
"avro","release-1.4.1","/lang/java/src/java/org/apache/avro/io/BinaryDecoder.java/","org.apache.avro.io.BinaryDecoder.ByteSource","0","1","1","0","0","2","no"
"avro","release-1.4.1","/lang/java/src/java/org/apache/avro/reflect/ReflectRequestor.java/","org.apache.avro.reflect.ReflectRequestor","0","0","1","0","0","1","no"
"avro","release-1.4.1","/lang/java/src/java/org/apache/avro/ipc/trace/Util.java/","org.apache.avro.ipc.trace.Util","0","1","1","0","7","9","no"
"avro","release-1.4.1","/lang/java/src/java/org/apache/avro/io/DatumReader.java/","org.apache.avro.io.DatumReader","0","0","0","0","0","0","no"
"avro","release-1.4.1","/lang/java/src/java/org/apache/avro/AvroTypeException.java/","org.apache.avro.AvroTypeException","0","0","0","0","0","0","no"
"avro","release-1.4.1","/lang/java/src/java/org/apache/avro/mapred/tether/TetherKeySerialization.java/","org.apache.avro.mapred.tether.TetherKeySerialization.TetherDataDeserializer","0","0","1","0","1","2","no"
"avro","release-1.4.1","/lang/java/src/java/org/apache/avro/reflect/ReflectDatumWriter.java/","org.apache.avro.reflect.ReflectDatumWriter","0","0","1","0","5","6","no"
"avro","release-1.4.1","/lang/java/src/java/org/apache/avro/reflect/Nullable.java/","org.apache.avro.reflect.Nullable","0","0","0","0","0","0","no"
"avro","release-1.4.1","/lang/java/src/java/org/apache/avro/generic/GenericArray.java/","org.apache.avro.generic.GenericArray","0","0","0","0","0","0","no"
"avro","release-1.4.1","/lang/java/src/java/org/apache/avro/specific/SpecificCompiler.java/","org.apache.avro.specific.SpecificCompiler","1","1","1","0","5","8","yes"
"avro","release-1.4.1","/lang/java/src/java/org/apache/avro/ipc/trace/TracePlugin.java/","org.apache.avro.ipc.trace.TracePlugin","1","1","1","0","2","5","no"
"avro","release-1.4.1","/lang/java/src/java/org/apache/avro/ipc/DatagramTransceiver.java/","org.apache.avro.ipc.DatagramTransceiver","0","0","1","0","2","3","no"
"avro","release-1.4.1","/lang/java/src/java/org/apache/avro/Schema.java/","org.apache.avro.Schema.BytesSchema","0","0","0","0","0","0","yes"
"avro","release-1.4.1","/lang/java/src/java/org/apache/avro/tool/ToTextTool.java/","org.apache.avro.tool.ToTextTool","0","0","1","1","0","2","no"
"avro","release-1.4.1","/lang/java/src/java/org/apache/avro/io/parsing/Symbol.java/","org.apache.avro.io.parsing.Symbol.SkipAction","0","0","1","0","0","1","no"
"avro","release-1.4.1","/lang/java/src/java/org/apache/avro/file/SeekableInput.java/","org.apache.avro.file.SeekableInput","0","0","0","0","0","0","no"
"avro","release-1.4.1","/lang/java/src/java/org/apache/avro/ipc/SocketServer.java/","org.apache.avro.ipc.SocketServer.Connection","0","0","1","0","2","3","yes"
"avro","release-1.4.1","/lang/java/src/java/org/apache/avro/reflect/ReflectData.java/","org.apache.avro.reflect.ReflectData.AllowNull","0","0","0","0","1","1","no"
"avro","release-1.4.1","/lang/java/src/java/org/apache/avro/Schema.java/","org.apache.avro.Schema.IntSchema","0","0","0","0","0","0","yes"
"avro","release-1.4.1","/lang/java/src/java/org/apache/avro/io/DirectBinaryDecoder.java/","org.apache.avro.io.DirectBinaryDecoder.ByteReader","0","0","1","1","0","2","yes"
"avro","release-1.4.1","/lang/java/src/java/org/apache/avro/ipc/SocketServer.java/","org.apache.avro.ipc.SocketServer","0","0","1","0","7","8","yes"
"avro","release-1.4.1","/lang/java/src/java/org/apache/avro/file/DataFileStream.java/","org.apache.avro.file.DataFileStream.DataBlock","0","1","1","0","1","3","no"
"avro","release-1.4.1","/lang/java/src/java/org/apache/avro/specific/SpecificCompiler.java/","org.apache.avro.specific.SpecificCompiler.SpecificCompilerTool","0","0","1","0","2","3","yes"
"avro","release-1.4.1","/lang/java/src/java/org/apache/avro/specific/ProtocolTask.java/","org.apache.avro.specific.ProtocolTask","0","0","1","0","4","5","no"
"avro","release-1.4.1","/lang/java/src/java/org/apache/avro/ipc/SocketTransceiver.java/","org.apache.avro.ipc.SocketTransceiver","0","0","1","0","2","3","yes"
"avro","release-1.4.1","/lang/java/src/java/org/apache/avro/io/BlockingBinaryEncoder.java/","org.apache.avro.io.BlockingBinaryEncoder","1","1","1","0","2","5","no"
"avro","release-1.4.1","/lang/java/src/java/org/apache/avro/io/parsing/Symbol.java/","org.apache.avro.io.parsing.Symbol.Alternative","0","1","1","0","1","3","no"
"avro","release-1.4.1","/lang/java/src/java/org/apache/avro/ipc/SaslSocketServer.java/","org.apache.avro.ipc.SaslSocketServer.SaslServerFactory","0","0","0","0","0","0","no"
"avro","release-1.4.1","/lang/java/src/java/org/apache/avro/io/parsing/Symbol.java/","org.apache.avro.io.parsing.Symbol.Root","0","0","0","0","1","1","no"
"avro","release-1.4.1","/lang/java/src/java/org/apache/avro/file/DataFileStream.java/","org.apache.avro.file.DataFileStream","0","1","1","0","8","10","no"
"avro","release-1.4.1","/lang/java/src/java/org/apache/avro/ipc/ByteBufferInputStream.java/","org.apache.avro.ipc.ByteBufferInputStream","0","0","1","0","2","3","no"
"avro","release-1.4.1","/lang/java/src/java/org/apache/avro/specific/SchemaTask.java/","org.apache.avro.specific.SchemaTask","0","0","1","0","0","1","no"
"avro","release-1.4.1","/lang/java/src/java/org/apache/avro/tool/DataFileGetSchemaTool.java/","org.apache.avro.tool.DataFileGetSchemaTool","0","0","1","0","0","1","no"
"avro","release-1.4.1","/lang/java/src/java/org/apache/avro/file/Codec.java/","org.apache.avro.file.Codec","0","0","0","0","0","0","no"
"avro","release-1.4.1","/lang/java/src/java/org/apache/avro/ipc/trace/FileSpanStorage.java/","org.apache.avro.ipc.trace.FileSpanStorage.DiskWriterThread","0","1","1","0","7","9","no"
"avro","release-1.4.1","/lang/java/src/java/org/apache/avro/specific/SpecificRecordBase.java/","org.apache.avro.specific.SpecificRecordBase","0","0","1","0","0","1","no"
"avro","release-1.4.1","/lang/java/src/java/org/apache/avro/generic/GenericEnumSymbol.java/","org.apache.avro.generic.GenericEnumSymbol","0","0","0","0","1","1","no"
"avro","release-1.4.1","/lang/java/src/java/org/apache/avro/util/WeakIdentityHashMap.java/","org.apache.avro.util.WeakIdentityHashMap","0","0","1","0","18","19","no"
"avro","release-1.4.1","/lang/java/src/java/org/apache/avro/mapred/AvroUtf8InputFormat.java/","org.apache.avro.mapred.AvroUtf8InputFormat.Utf8LineRecordReader","0","0","1","0","0","1","no"
"avro","release-1.4.1","/lang/java/src/java/org/apache/avro/ipc/stats/IntegerHistogram.java/","org.apache.avro.ipc.stats.IntegerHistogram","0","0","1","0","0","1","no"
"avro","release-1.4.1","/lang/java/src/java/org/apache/avro/ipc/stats/Stopwatch.java/","org.apache.avro.ipc.stats.Stopwatch","0","0","1","0","0","1","no"
"avro","release-1.4.1","/lang/java/src/java/org/apache/avro/tool/DataFileWriteTool.java/","org.apache.avro.tool.DataFileWriteTool","0","0","1","0","1","2","no"
"avro","release-1.4.1","/lang/java/src/java/org/apache/avro/file/FileReader.java/","org.apache.avro.file.FileReader","0","0","0","0","0","0","no"
"avro","release-1.4.1","/lang/java/src/java/org/apache/avro/io/BinaryDecoder.java/","org.apache.avro.io.BinaryDecoder.ByteArrayByteSource","0","1","1","0","0","2","no"
"avro","release-1.4.1","/lang/java/src/java/org/apache/avro/ipc/trace/FileSpanStorage.java/","org.apache.avro.ipc.trace.FileSpanStorage","1","1","1","1","18","22","no"
"avro","release-1.4.1","/lang/java/src/java/org/apache/avro/ipc/AvroRemoteException.java/","org.apache.avro.ipc.AvroRemoteException","0","0","0","0","0","0","no"
"avro","release-1.4.1","/lang/java/src/java/org/apache/avro/Schema.java/","org.apache.avro.Schema.Names","0","0","1","0","0","1","yes"
"avro","release-1.4.1","/lang/java/src/java/org/apache/avro/generic/GenericData.java/","org.apache.avro.generic.GenericData.Array","0","1","1","0","5","7","yes"
"avro","release-1.4.1","/lang/java/src/java/org/apache/avro/Schema.java/","org.apache.avro.Schema.Props","0","0","1","0","0","1","yes"
"avro","release-1.4.1","/lang/java/src/java/org/apache/avro/Schema.java/","org.apache.avro.Schema.FloatSchema","0","0","0","0","0","0","yes"
"avro","release-1.4.1","/lang/java/src/java/org/apache/avro/Protocol.java/","org.apache.avro.Protocol","1","1","1","0","8","11","no"
"avro","release-1.4.1","/lang/java/src/java/org/apache/avro/io/BinaryEncoder.java/","org.apache.avro.io.BinaryEncoder.ByteWriter","0","0","0","0","0","0","no"
"avro","release-1.4.1","/lang/java/src/java/org/apache/avro/tool/Util.java/","org.apache.avro.tool.Util","0","0","1","0","4","5","no"
"avro","release-1.4.1","/lang/java/src/java/org/apache/avro/io/BinaryEncoder.java/","org.apache.avro.io.BinaryEncoder","0","1","1","1","5","8","no"
"avro","release-1.4.1","/lang/java/src/java/org/apache/avro/ipc/stats/Histogram.java/","org.apache.avro.ipc.stats.Histogram.EntryIterator","0","0","1","0","0","1","no"
"avro","release-1.4.1","/lang/java/src/java/org/apache/avro/tool/Tool.java/","org.apache.avro.tool.Tool","0","0","0","0","0","0","no"
"avro","release-1.4.1","/lang/java/src/java/org/apache/avro/io/BinaryData.java/","org.apache.avro.io.BinaryData.Decoders","0","1","0","0","2","3","no"
"avro","release-1.4.1","/lang/java/src/java/org/apache/avro/tool/IdlTool.java/","org.apache.avro.tool.IdlTool","0","0","1","0","3","4","no"
"avro","release-1.4.1","/lang/java/src/java/org/apache/avro/ipc/trace/SpanAggregator.java/","org.apache.avro.ipc.trace.SpanAggregator.TraceFormationResults","0","0","0","0","0","0","no"
"avro","release-1.4.1","/lang/java/src/java/org/apache/avro/io/parsing/Symbol.java/","org.apache.avro.io.parsing.Symbol.Sequence","0","1","1","0","5","7","no"
"avro","release-1.4.1","/lang/java/src/java/org/apache/avro/mapred/HadoopReducerBase.java/","org.apache.avro.mapred.HadoopReducerBase","0","0","1","0","4","5","no"
"avro","release-1.4.1","/lang/java/src/java/org/apache/avro/mapred/HadoopMapper.java/","org.apache.avro.mapred.HadoopMapper.MapCollector","0","0","1","0","0","1","no"
"avro","release-1.4.1","/lang/java/src/java/org/apache/avro/ipc/stats/StatsServlet.java/","org.apache.avro.ipc.stats.StatsServlet","1","1","1","1","19","23","no"
"avro","release-1.4.1","/lang/java/src/java/org/apache/avro/tool/FromTextTool.java/","org.apache.avro.tool.FromTextTool","0","0","1","1","0","2","no"
"avro","release-1.4.1","/lang/java/src/java/org/apache/avro/file/DataFileWriter.java/","org.apache.avro.file.DataFileWriter.BufferedFileOutputStream","0","0","0","0","1","1","yes"
"avro","release-1.4.1","/lang/java/src/java/org/apache/avro/io/parsing/Symbol.java/","org.apache.avro.io.parsing.Symbol.DefaultStartAction","0","0","0","0","1","1","no"
"avro","release-1.4.1","/lang/java/src/java/org/apache/avro/Schema.java/","org.apache.avro.Schema.EnumSchema","0","0","1","0","7","8","yes"
"avro","release-1.4.1","/lang/java/src/java/org/apache/avro/ipc/SaslSocketTransceiver.java/","org.apache.avro.ipc.SaslSocketTransceiver.SaslParticipant","0","0","1","0","0","1","no"
"avro","release-1.4.1","/lang/java/src/java/org/apache/avro/file/DataFileReader.java/","org.apache.avro.file.DataFileReader.SeekableInputStream","0","0","1","0","0","1","no"
"avro","release-1.4.1","/lang/java/src/java/org/apache/avro/Schema.java/","org.apache.avro.Schema.StringSchema","0","0","0","0","0","0","yes"
"avro","release-1.4.1","/lang/java/src/java/org/apache/avro/mapred/tether/TetherPartitioner.java/","org.apache.avro.mapred.tether.TetherPartitioner","0","0","1","0","0","1","no"
"avro","release-1.4.1","/lang/java/src/java/org/apache/avro/ipc/stats/Histogram.java/","org.apache.avro.ipc.stats.Histogram.TreeMapSegmenter","0","0","1","0","4","5","no"
"avro","release-1.4.1","/lang/java/src/java/org/apache/avro/io/BinaryDecoder.java/","org.apache.avro.io.BinaryDecoder.BufferAccessor","0","1","1","0","2","4","no"
"avro","release-1.4.1","/lang/java/src/java/org/apache/avro/generic/GenericRecord.java/","org.apache.avro.generic.GenericRecord","0","0","0","0","0","0","no"
"avro","release-1.4.1","/lang/java/src/java/org/apache/avro/io/parsing/ResolvingGrammarGenerator.java/","org.apache.avro.io.parsing.ResolvingGrammarGenerator.LitS2","0","0","1","0","2","3","yes"
"avro","release-1.4.1","/lang/java/src/java/org/apache/avro/io/parsing/Symbol.java/","org.apache.avro.io.parsing.Symbol.ResolvingAction","0","0","1","0","0","1","no"
"avro","release-1.4.1","/lang/java/src/java/org/apache/avro/mapred/AvroRecordReader.java/","org.apache.avro.mapred.AvroRecordReader","0","0","1","0","0","1","no"
"avro","release-1.4.1","/lang/java/src/java/org/apache/avro/specific/SpecificRequestor.java/","org.apache.avro.specific.SpecificRequestor","0","0","1","0","0","1","no"
"avro","release-1.4.1","/lang/java/src/java/org/apache/avro/ipc/NettyTransportCodec.java/","org.apache.avro.ipc.NettyTransportCodec.NettyFrameEncoder","0","0","1","0","0","1","no"
"avro","release-1.4.1","/lang/java/src/java/org/apache/avro/mapred/AvroSerialization.java/","org.apache.avro.mapred.AvroSerialization.AvroWrapperSerializer","0","0","1","0","0","1","no"
"avro","release-1.4.1","/lang/java/src/java/org/apache/avro/ipc/stats/FloatHistogram.java/","org.apache.avro.ipc.stats.FloatHistogram","0","0","1","0","0","1","no"
"avro","release-1.4.1","/lang/java/src/java/org/apache/avro/file/DataFileWriter.java/","org.apache.avro.file.DataFileWriter.NonCopyingByteArrayOutputStream","0","0","1","0","0","1","yes"
"avro","release-1.4.1","/lang/java/src/java/org/apache/avro/io/parsing/Symbol.java/","org.apache.avro.io.parsing.Symbol.FieldAdjustAction","0","0","0","0","0","0","no"
"avro","release-1.4.1","/lang/java/src/java/org/apache/avro/specific/SpecificDatumReader.java/","org.apache.avro.specific.SpecificDatumReader","0","0","1","0","0","1","no"
"avro","release-1.4.1","/lang/java/src/java/org/apache/avro/Schema.java/","org.apache.avro.Schema.Type","0","0","0","0","0","0","yes"
"avro","release-1.4.1","/lang/java/src/java/org/apache/avro/ipc/RPCPlugin.java/","org.apache.avro.ipc.RPCPlugin","0","0","0","0","0","0","no"
"avro","release-1.4.1","/lang/java/src/java/org/apache/avro/io/parsing/ValidatingGrammarGenerator.java/","org.apache.avro.io.parsing.ValidatingGrammarGenerator","1","1","1","1","2","6","no"
"avro","release-1.4.1","/lang/java/src/java/org/apache/avro/io/Encoder.java/","org.apache.avro.io.Encoder","0","1","1","0","0","2","no"
"avro","release-1.4.1","/lang/java/src/java/org/apache/avro/mapred/AvroValue.java/","org.apache.avro.mapred.AvroValue","0","0","0","0","0","0","no"
"avro","release-1.4.1","/lang/java/src/java/org/apache/avro/io/BlockingBinaryEncoder.java/","org.apache.avro.io.BlockingBinaryEncoder.EncoderBuffer","0","0","0","0","1","1","no"
"avro","release-1.4.1","/lang/java/src/java/org/apache/avro/io/DirectBinaryDecoder.java/","org.apache.avro.io.DirectBinaryDecoder.ReuseByteReader","0","0","0","0","0","0","yes"
"avro","release-1.4.1","/lang/java/src/java/org/apache/avro/io/ValidatingDecoder.java/","org.apache.avro.io.ValidatingDecoder","0","1","1","0","2","4","no"
"avro","release-1.4.1","/lang/java/src/java/org/apache/avro/mapred/HadoopMapper.java/","org.apache.avro.mapred.HadoopMapper","0","0","1","0","0","1","no"
"avro","release-1.4.1","/lang/java/src/java/org/apache/avro/ipc/trace/Trace.java/","org.apache.avro.ipc.trace.Trace","0","1","1","0","5","7","no"
"avro","release-1.4.1","/lang/java/src/java/org/apache/avro/tool/RpcReceiveTool.java/","org.apache.avro.tool.RpcReceiveTool.SinkResponder","0","0","1","0","1","2","no"
"avro","release-1.4.1","/lang/java/src/java/org/apache/avro/reflect/InduceSchemaTool.java/","org.apache.avro.reflect.InduceSchemaTool","0","0","1","0","4","5","no"
"avro","release-1.4.1","/lang/java/src/java/org/apache/avro/io/parsing/Symbol.java/","org.apache.avro.io.parsing.Symbol.ErrorAction","0","0","0","0","0","0","no"
"avro","release-1.4.1","/lang/java/src/java/org/apache/avro/ipc/trace/TraceCollection.java/","org.apache.avro.ipc.trace.TraceCollection.TraceNodeStats","0","1","1","0","0","2","no"
"avro","release-1.4.1","/lang/java/src/java/org/apache/avro/io/BinaryDecoder.java/","org.apache.avro.io.BinaryDecoder","1","1","1","1","11","15","no"
"avro","release-1.4.1","/lang/java/src/java/org/apache/avro/tool/BinaryFragmentToJsonTool.java/","org.apache.avro.tool.BinaryFragmentToJsonTool","0","0","1","1","2","4","no"
"avro","release-1.4.1","/lang/java/src/java/org/apache/avro/io/parsing/Symbol.java/","org.apache.avro.io.parsing.Symbol.Fixup","0","0","0","0","1","1","no"
"avro","release-1.4.1","/lang/java/src/java/org/apache/avro/mapred/AvroUtf8InputFormat.java/","org.apache.avro.mapred.AvroUtf8InputFormat","0","0","1","0","0","1","no"
"avro","release-1.4.1","/lang/java/src/java/org/apache/avro/io/parsing/SkipParser.java/","org.apache.avro.io.parsing.SkipParser.SkipHandler","0","0","0","0","0","0","no"
"avro","release-1.4.1","/lang/java/src/java/org/apache/avro/mapred/tether/TetherOutputService.java/","org.apache.avro.mapred.tether.TetherOutputService","0","1","1","0","2","4","no"
"avro","release-1.4.1","/lang/java/src/java/org/apache/avro/mapred/HadoopReducer.java/","org.apache.avro.mapred.HadoopReducer","0","0","1","0","0","1","no"
"avro","release-1.4.1","/lang/java/src/java/org/apache/avro/mapred/AvroJob.java/","org.apache.avro.mapred.AvroJob","0","0","1","0","0","1","no"
"avro","release-1.4.1","/lang/java/src/java/org/apache/avro/ipc/trace/TraceCollection.java/","org.apache.avro.ipc.trace.TraceCollection.TraceComparotor","0","0","1","0","0","1","no"
"avro","release-1.4.1","/lang/java/src/java/org/apache/avro/ipc/stats/StatsServer.java/","org.apache.avro.ipc.stats.StatsServer","0","0","0","0","0","0","no"
"avro","release-1.4.1","/lang/java/src/java/org/apache/avro/specific/SpecificDatumReader.java/","org.apache.avro.specific.SpecificDatumReader.SchemaConstructable","0","0","0","0","0","0","no"
"avro","release-1.4.1","/lang/java/src/java/org/apache/avro/mapred/tether/TetherKeySerialization.java/","org.apache.avro.mapred.tether.TetherKeySerialization","0","0","1","0","1","2","no"
"avro","release-1.4.1","/lang/java/src/java/org/apache/avro/io/ResolvingDecoder.java/","org.apache.avro.io.ResolvingDecoder","0","1","1","1","0","3","yes"
"avro","release-1.4.1","/lang/java/src/java/org/apache/avro/file/DeflateCodec.java/","org.apache.avro.file.DeflateCodec.Option","0","0","0","0","0","0","no"
"avro","release-1.4.1","/lang/java/src/java/org/apache/avro/io/parsing/Symbol.java/","org.apache.avro.io.parsing.Symbol.EnumLabelsAction","0","0","1","0","0","1","no"
"avro","release-1.4.1","/lang/java/src/java/org/apache/avro/generic/GenericDatumWriter.java/","org.apache.avro.generic.GenericDatumWriter","0","1","1","0","0","2","no"
"avro","release-1.4.1","/lang/java/src/java/org/apache/avro/generic/GenericFixed.java/","org.apache.avro.generic.GenericFixed","0","0","0","0","0","0","no"
"avro","release-1.4.1","/lang/java/src/java/org/apache/avro/ipc/NettyTransceiver.java/","org.apache.avro.ipc.NettyTransceiver","0","0","1","0","2","3","no"
"avro","release-1.4.1","/lang/java/src/java/org/apache/avro/specific/SpecificData.java/","org.apache.avro.specific.SpecificData","1","1","1","0","1","4","no"
"avro","release-1.4.1","/lang/java/src/java/org/apache/avro/ipc/stats/Histogram.java/","org.apache.avro.ipc.stats.Histogram.Entry","0","0","0","0","0","0","no"
"avro","release-1.4.1","/lang/java/src/java/org/apache/avro/mapred/AvroMapper.java/","org.apache.avro.mapred.AvroMapper","0","0","1","0","0","1","no"
"avro","release-1.4.1","/lang/java/src/java/org/apache/avro/specific/SpecificDatumWriter.java/","org.apache.avro.specific.SpecificDatumWriter","0","0","1","0","0","1","no"
"avro","release-1.4.1","/lang/java/src/java/org/apache/avro/ipc/DatagramServer.java/","org.apache.avro.ipc.DatagramServer","0","0","1","0","2","3","no"
"avro","release-1.4.1","/lang/java/src/java/org/apache/avro/Schema.java/","org.apache.avro.Schema.MapSchema","0","0","1","0","4","5","yes"
"avro","release-1.4.1","/lang/java/src/java/org/apache/avro/reflect/ReflectData.java/","org.apache.avro.reflect.ReflectData","1","1","1","0","3","6","no"
"avro","release-1.4.1","/lang/java/src/java/org/apache/avro/Schema.java/","org.apache.avro.Schema.DoubleSchema","0","0","0","0","0","0","yes"
"avro","release-1.4.1","/lang/java/src/java/org/apache/avro/Schema.java/","org.apache.avro.Schema.LongSchema","0","0","0","0","0","0","yes"
"avro","release-1.4.1","/lang/java/src/java/org/apache/avro/ipc/Server.java/","org.apache.avro.ipc.Server","0","0","0","0","0","0","no"
"avro","release-1.4.1","/lang/java/src/java/org/apache/avro/io/parsing/Symbol.java/","org.apache.avro.io.parsing.Symbol.Kind","0","0","0","0","0","0","no"
"avro","release-1.4.1","/lang/java/src/java/org/apache/avro/SchemaParseException.java/","org.apache.avro.SchemaParseException","0","0","0","0","0","0","no"
"avro","release-1.4.1","/lang/java/src/java/org/apache/avro/ipc/trace/InMemorySpanStorage.java/","org.apache.avro.ipc.trace.InMemorySpanStorage","0","1","1","0","1","3","no"
"avro","release-1.4.1","/lang/java/src/java/org/apache/avro/file/SeekableFileInput.java/","org.apache.avro.file.SeekableFileInput","0","0","1","0","0","1","no"
"avro","release-1.4.1","/lang/java/src/java/org/apache/avro/ipc/trace/TracePlugin.java/","org.apache.avro.ipc.trace.TracePlugin.StorageType","0","0","0","0","0","0","no"
"avro","release-1.4.1","/lang/java/src/java/org/apache/avro/ipc/stats/Stopwatch.java/","org.apache.avro.ipc.stats.Stopwatch.Ticks","0","0","0","0","0","0","no"
"avro","release-1.4.1","/lang/java/src/java/org/apache/avro/file/DeflateCodec.java/","org.apache.avro.file.DeflateCodec","0","0","1","0","1","2","no"
"avro","release-1.4.1","/lang/java/src/java/org/apache/avro/io/parsing/JsonGrammarGenerator.java/","org.apache.avro.io.parsing.JsonGrammarGenerator","0","1","1","1","0","3","no"
"avro","release-1.4.1","/lang/java/src/java/org/apache/avro/file/NullCodec.java/","org.apache.avro.file.NullCodec.Option","0","0","0","0","0","0","no"
"avro","release-1.4.1","/lang/java/src/java/org/apache/avro/Schema.java/","org.apache.avro.Schema.Field.Order","0","0","0","0","0","0","yes"
"avro","release-1.4.1","/lang/java/src/java/org/apache/avro/mapred/HadoopReducerBase.java/","org.apache.avro.mapred.HadoopReducerBase.ReduceIterable","0","0","1","0","4","5","no"
"avro","release-1.4.1","/lang/java/src/java/org/apache/avro/mapred/SequenceFileRecordReader.java/","org.apache.avro.mapred.SequenceFileRecordReader","0","0","0","0","0","0","no"
"avro","release-1.4.1","/lang/java/src/java/org/apache/avro/file/DataFileWriter.java/","org.apache.avro.file.DataFileWriter.BufferedFileOutputStream.PositionFilter","0","0","1","0","1","2","yes"
"avro","release-1.4.1","/lang/java/src/java/org/apache/avro/ipc/trace/Trace.java/","org.apache.avro.ipc.trace.Trace.NodeComparator","0","1","1","0","0","2","no"
"avro","release-1.4.1","/lang/java/src/java/org/apache/avro/ipc/stats/Histogram.java/","org.apache.avro.ipc.stats.Histogram.Segmenter","0","0","0","0","0","0","no"
"avro","release-1.4.1","/lang/java/src/java/org/apache/avro/ipc/HttpTransceiver.java/","org.apache.avro.ipc.HttpTransceiver","0","0","1","0","0","1","no"
"avro","release-1.4.1","/lang/java/src/java/org/apache/avro/mapred/HadoopReducer.java/","org.apache.avro.mapred.HadoopReducer.ReduceCollector","0","0","1","0","0","1","no"
"avro","release-1.4.1","/lang/java/src/java/org/apache/avro/specific/SpecificCompiler.java/","org.apache.avro.specific.SpecificCompiler.OutputFile","0","0","1","0","1","2","yes"
"avro","release-1.4.1","/lang/java/src/java/org/apache/avro/ipc/NettyTransceiver.java/","org.apache.avro.ipc.NettyTransceiver.NettyClientAvroHandler","0","0","1","0","2","3","no"
"avro","release-1.4.1","/lang/java/src/java/org/apache/avro/util/Utf8.java/","org.apache.avro.util.Utf8","0","1","1","0","4","6","no"
"avro","release-1.4.1","/lang/java/src/java/org/apache/avro/io/DecoderFactory.java/","org.apache.avro.io.DecoderFactory","0","0","1","0","1","2","no"
"avro","release-1.4.1","/lang/java/src/java/org/apache/avro/ipc/Transceiver.java/","org.apache.avro.ipc.Transceiver","0","0","0","0","1","1","no"
"avro","release-1.4.1","/lang/java/src/java/org/apache/avro/file/CodecFactory.java/","org.apache.avro.file.CodecFactory","0","0","1","0","0","1","no"
"avro","release-1.4.1","/lang/java/src/java/org/apache/avro/mapred/AvroKey.java/","org.apache.avro.mapred.AvroKey","0","0","0","0","0","0","no"
"avro","release-1.4.1","/lang/java/src/java/org/apache/avro/ipc/trace/TraceClientServlet.java/","org.apache.avro.ipc.trace.TraceClientServlet","0","1","1","1","7","10","no"
"avro","release-1.4.1","/lang/java/src/java/org/apache/avro/file/DataFileReader.java/","org.apache.avro.file.DataFileReader","0","0","1","0","1","2","no"
"avro","release-1.4.1","/lang/java/src/java/org/apache/avro/ipc/Responder.java/","org.apache.avro.ipc.Responder","1","1","1","0","1","4","no"
"avro","release-1.4.1","/lang/java/src/java/org/apache/avro/io/BinaryEncoder.java/","org.apache.avro.io.BinaryEncoder.ReuseByteWriter","0","0","1","0","0","1","no"
"avro","release-1.4.1","/lang/java/src/java/org/apache/avro/generic/GenericData.java/","org.apache.avro.generic.GenericData.Record","0","0","1","0","0","1","yes"
"avro","release-1.4.1","/lang/java/src/java/org/apache/avro/specific/SpecificResponder.java/","org.apache.avro.specific.SpecificResponder","0","0","1","0","0","1","no"
"avro","release-1.4.1","/lang/java/src/java/org/apache/avro/mapred/HadoopCombiner.java/","org.apache.avro.mapred.HadoopCombiner.PairCollector","0","0","1","0","0","1","no"
"avro","release-1.4.1","/lang/java/src/java/org/apache/avro/ipc/stats/StatsPlugin.java/","org.apache.avro.ipc.stats.StatsPlugin","0","1","1","1","0","3","no"
"avro","release-1.4.1","/lang/java/src/java/org/apache/avro/specific/SpecificFixed.java/","org.apache.avro.specific.SpecificFixed","0","0","0","0","0","0","no"
"avro","release-1.4.1","/lang/java/src/java/org/apache/avro/mapred/tether/TetherJob.java/","org.apache.avro.mapred.tether.TetherJob","0","0","1","0","0","1","no"
"avro","release-1.4.1","/lang/java/src/java/org/apache/avro/ipc/stats/StatsServlet.java/","org.apache.avro.ipc.stats.StatsServlet.RenderableMessage","0","0","0","0","5","5","no"
"avro","release-1.4.1","/lang/java/src/java/org/apache/avro/generic/IndexedRecord.java/","org.apache.avro.generic.IndexedRecord","0","0","0","0","0","0","no"
"avro","release-1.4.1","/lang/java/src/java/org/apache/avro/mapred/SequenceFileReader.java/","org.apache.avro.mapred.SequenceFileReader.Converter","0","0","0","0","0","0","no"
"avro","release-1.4.1","/lang/java/src/java/org/apache/avro/util/WeakIdentityHashMap.java/","org.apache.avro.util.WeakIdentityHashMap.IdentityWeakReference","0","0","0","0","2","2","no"
"avro","release-1.4.1","/lang/java/src/java/org/apache/avro/io/parsing/Symbol.java/","org.apache.avro.io.parsing.Symbol.UnionAdjustAction","0","0","1","0","0","1","no"
"avro","release-1.4.1","/lang/java/src/java/org/apache/avro/Schema.java/","org.apache.avro.Schema.ArraySchema","0","0","1","0","4","5","yes"
"avro","release-1.4.1","/lang/java/src/java/org/apache/avro/tool/RpcSendTool.java/","org.apache.avro.tool.RpcSendTool","0","0","1","1","1","3","no"
"avro","release-1.4.1","/lang/java/src/java/org/apache/avro/mapred/SequenceFileReader.java/","org.apache.avro.mapred.SequenceFileReader.WritableData","0","0","1","0","0","1","no"
"avro","release-1.4.1","/lang/java/src/java/org/apache/avro/mapred/AvroReducer.java/","org.apache.avro.mapred.AvroReducer","0","0","1","0","0","1","no"
"avro","release-1.4.1","/lang/java/src/java/org/apache/avro/reflect/Stringable.java/","org.apache.avro.reflect.Stringable","0","0","0","0","0","0","no"
"avro","release-1.4.1","/lang/java/src/java/org/apache/avro/ipc/trace/SpanAggregator.java/","org.apache.avro.ipc.trace.SpanAggregator","1","1","1","0","4","7","no"
"avro","release-1.4.1","/lang/java/src/java/org/apache/avro/ipc/NettyServer.java/","org.apache.avro.ipc.NettyServer.NettyServerAvroHandler","0","0","1","0","2","3","no"
"avro","release-1.4.1","/lang/java/src/java/org/apache/avro/io/JsonDecoder.java/","org.apache.avro.io.JsonDecoder","0","1","1","1","0","3","no"
"avro","release-1.4.1","/lang/java/src/java/org/apache/avro/mapred/tether/TetherOutputFormat.java/","org.apache.avro.mapred.tether.TetherOutputFormat","0","0","1","0","0","1","no"
"avro","release-1.4.1","/lang/java/src/java/org/apache/avro/mapred/AvroKeyComparator.java/","org.apache.avro.mapred.AvroKeyComparator","0","0","1","0","0","1","no"
"avro","release-1.4.1","/lang/java/src/java/org/apache/avro/generic/GenericRequestor.java/","org.apache.avro.generic.GenericRequestor","0","0","1","0","0","1","no"
"avro","release-1.4.1","/lang/java/src/java/org/apache/avro/mapred/AvroSerialization.java/","org.apache.avro.mapred.AvroSerialization","0","0","1","0","1","2","no"
"avro","release-1.4.1","/lang/java/src/java/org/apache/avro/io/parsing/ResolvingGrammarGenerator.java/","org.apache.avro.io.parsing.ResolvingGrammarGenerator","1","1","1","1","9","13","yes"
"avro","release-1.4.1","/lang/java/src/java/org/apache/avro/ipc/trace/SpanAggregator.java/","org.apache.avro.ipc.trace.SpanAggregator.SpanAggregationResults","0","0","0","0","0","0","no"
"avro","release-1.4.1","/lang/java/src/java/org/apache/avro/tool/Main.java/","org.apache.avro.tool.Main","0","1","1","0","6","8","no"
"avro","release-1.4.1","/lang/java/src/java/org/apache/avro/io/parsing/Symbol.java/","org.apache.avro.io.parsing.Symbol.Repeater","0","0","1","0","1","2","no"
"avro","release-1.4.1","/lang/java/src/java/org/apache/avro/ipc/trace/TracePluginConfiguration.java/","org.apache.avro.ipc.trace.TracePluginConfiguration","0","0","0","0","0","0","no"
"avro","release-1.4.1","/lang/java/src/java/org/apache/avro/io/ParsingDecoder.java/","org.apache.avro.io.ParsingDecoder","0","1","1","0","0","2","no"
"avro","release-1.4.1","/lang/java/src/java/org/apache/avro/Schema.java/","org.apache.avro.Schema.Name","0","1","1","0","4","6","yes"
"avro","release-1.4.1","/lang/java/src/java/org/apache/avro/ipc/HttpServer.java/","org.apache.avro.ipc.HttpServer","0","0","1","0","0","1","no"
"avro","release-1.4.1","/lang/java/src/java/org/apache/avro/Protocol.java/","org.apache.avro.Protocol.TwoWayMessage","0","1","1","0","0","2","no"
"avro","release-1.4.1","/lang/java/src/java/org/apache/avro/file/NullCodec.java/","org.apache.avro.file.NullCodec","0","0","1","0","0","1","no"
"avro","release-1.4.1","/lang/java/src/java/org/apache/avro/reflect/ReflectResponder.java/","org.apache.avro.reflect.ReflectResponder","0","0","0","0","1","1","no"
"avro","release-1.4.1","/lang/java/src/java/org/apache/avro/reflect/Union.java/","org.apache.avro.reflect.Union","0","0","0","0","0","0","no"
"avro","release-1.4.1","/lang/java/src/java/org/apache/avro/generic/GenericData.java/","org.apache.avro.generic.GenericData","1","1","1","1","8","12","yes"
"avro","release-1.4.1","/lang/java/src/java/org/apache/avro/mapred/SequenceFileReader.java/","org.apache.avro.mapred.SequenceFileReader","0","1","1","0","11","13","no"
"avro","release-1.4.1","/lang/java/src/java/org/apache/avro/mapred/AvroInputFormat.java/","org.apache.avro.mapred.AvroInputFormat","0","0","1","0","0","1","no"
"avro","release-1.4.1","/lang/java/src/java/org/apache/avro/tool/DataFileReadTool.java/","org.apache.avro.tool.DataFileReadTool","0","0","1","0","0","1","no"
"avro","release-1.4.1","/lang/java/src/java/org/apache/avro/mapred/HadoopCombiner.java/","org.apache.avro.mapred.HadoopCombiner","0","0","1","0","0","1","no"
"avro","release-1.4.1","/lang/java/src/java/org/apache/avro/ipc/RPCContext.java/","org.apache.avro.ipc.RPCContext","0","1","0","0","2","3","no"
"avro","release-1.4.1","/lang/java/src/java/org/apache/avro/ipc/trace/StaticServlet.java/","org.apache.avro.ipc.trace.StaticServlet","0","0","1","0","0","1","no"
"avro","release-1.4.1","/lang/java/src/java/org/apache/avro/mapred/tether/TetherKeyComparator.java/","org.apache.avro.mapred.tether.TetherKeyComparator","0","0","1","0","1","2","no"
"avro","release-1.4.1","/lang/java/src/java/org/apache/avro/tool/RpcReceiveTool.java/","org.apache.avro.tool.RpcReceiveTool","0","0","1","1","2","4","no"
"avro","release-1.4.1","/lang/java/src/java/org/apache/avro/mapred/tether/TetherKeySerialization.java/","org.apache.avro.mapred.tether.TetherKeySerialization.TetherDataSerializer","0","0","1","0","0","1","no"
"avro","release-1.4.1","/lang/java/src/java/org/apache/avro/io/parsing/Symbol.java/","org.apache.avro.io.parsing.Symbol.FieldOrderAction","0","0","0","0","2","2","no"
"avro","release-1.4.1","/lang/java/src/java/org/apache/avro/file/DataFileWriter.java/","org.apache.avro.file.DataFileWriter","0","1","1","0","3","5","yes"
"avro","release-1.4.1","/lang/java/src/java/org/apache/avro/ipc/SaslSocketTransceiver.java/","org.apache.avro.ipc.SaslSocketTransceiver.AnonymousClient","0","0","1","0","9","10","no"
"avro","release-1.4.1","/lang/java/src/java/org/apache/avro/io/ValidatingEncoder.java/","org.apache.avro.io.ValidatingEncoder","0","1","1","0","0","2","no"
"avro","release-1.4.1","/lang/java/src/java/org/apache/avro/mapred/tether/TetherInputFormat.java/","org.apache.avro.mapred.tether.TetherInputFormat","0","0","1","0","0","1","no"
"avro","release-1.4.1","/lang/java/src/java/org/apache/avro/io/parsing/SkipParser.java/","org.apache.avro.io.parsing.SkipParser","0","1","1","0","0","2","no"
"avro","release-1.4.1","/lang/java/src/java/org/apache/avro/ipc/NettyTransportCodec.java/","org.apache.avro.ipc.NettyTransportCodec","0","0","0","0","4","4","no"
"avro","release-1.4.1","/lang/java/src/java/org/apache/avro/io/DatumWriter.java/","org.apache.avro.io.DatumWriter","0","0","0","0","0","0","no"
"avro","release-1.4.1","/lang/java/src/java/org/apache/avro/Schema.java/","org.apache.avro.Schema.Field","0","1","1","0","3","5","yes"
"avro","release-1.4.1","/lang/java/src/java/org/apache/avro/ipc/trace/TracePlugin.java/","org.apache.avro.ipc.trace.TracePlugin.TraceResponder","0","0","0","0","0","0","no"
"avro","release-1.4.1","/lang/java/src/java/org/apache/avro/ipc/SaslSocketServer.java/","org.apache.avro.ipc.SaslSocketServer","0","0","1","0","12","13","no"
"avro","release-1.4.1","/lang/java/src/java/org/apache/avro/mapred/SequenceFileInputFormat.java/","org.apache.avro.mapred.SequenceFileInputFormat","0","0","1","0","0","1","no"
"avro","release-1.4.1","/lang/java/src/java/org/apache/avro/AvroRuntimeException.java/","org.apache.avro.AvroRuntimeException","0","0","0","0","0","0","no"
"avro","release-1.4.1","/lang/java/src/java/org/apache/avro/file/LengthLimitedInputStream.java/","org.apache.avro.file.LengthLimitedInputStream","0","0","1","0","1","2","no"
"avro","release-1.4.1","/lang/java/src/java/org/apache/avro/file/DataFileConstants.java/","org.apache.avro.file.DataFileConstants","0","0","0","0","0","0","no"
"avro","release-1.4.1","/lang/java/src/java/org/apache/avro/mapred/tether/TetherReducer.java/","org.apache.avro.mapred.tether.TetherReducer","0","1","1","0","0","2","no"
"avro","release-1.4.1","/lang/java/src/java/org/apache/avro/generic/GenericDatumReader.java/","org.apache.avro.generic.GenericDatumReader","0","1","1","0","1","3","no"
"avro","release-1.4.1","/lang/java/src/java/org/apache/avro/ipc/NettyTransportCodec.java/","org.apache.avro.ipc.NettyTransportCodec.NettyFrameDecoder","0","0","1","0","4","5","no"
"avro","release-1.4.1","/lang/java/src/java/org/apache/avro/ipc/SaslSocketServer.java/","org.apache.avro.ipc.SaslSocketServer.AnonymousServer","0","0","0","0","9","9","no"
"avro","release-1.4.1","/lang/java/src/java/org/apache/avro/generic/GenericResponder.java/","org.apache.avro.generic.GenericResponder","0","0","1","0","1","2","no"
"avro","release-1.4.1","/lang/java/src/java/org/apache/avro/Protocol.java/","org.apache.avro.Protocol.Message","0","1","1","0","3","5","no"
"avro","release-1.4.1","/lang/java/src/java/org/apache/avro/io/ParsingEncoder.java/","org.apache.avro.io.ParsingEncoder","0","0","1","0","0","1","no"
"avro","release-1.4.1","/lang/java/src/java/org/apache/avro/io/BlockingBinaryEncoder.java/","org.apache.avro.io.BlockingBinaryEncoder.BlockedValue","0","1","1","0","0","2","no"
"avro","release-1.4.1","/lang/java/src/java/org/apache/avro/io/parsing/Symbol.java/","org.apache.avro.io.parsing.Symbol.IntCheckAction","0","0","0","0","0","0","no"
"avro","release-1.4.1","/lang/java/src/java/org/apache/avro/io/DirectBinaryDecoder.java/","org.apache.avro.io.DirectBinaryDecoder","0","1","1","0","3","5","yes"
"avro","release-1.4.1","/lang/java/src/java/org/apache/avro/Schema.java/","org.apache.avro.Schema","1","1","1","0","83","86","yes"
"avro","release-1.4.1","/lang/java/src/java/org/apache/avro/mapred/tether/TetheredProcess.java/","org.apache.avro.mapred.tether.TetheredProcess","0","1","1","0","1","3","no"
"avro","release-1.4.1","/lang/java/src/java/org/apache/avro/mapred/tether/TetherMapRunner.java/","org.apache.avro.mapred.tether.TetherMapRunner","0","1","1","0","0","2","no"
"avro","release-1.4.1","/lang/java/src/java/org/apache/avro/ipc/stats/Histogram.java/","org.apache.avro.ipc.stats.Histogram.SegmenterException","0","0","0","0","0","0","no"
"avro","release-1.4.1","/lang/java/src/java/org/apache/avro/io/DecoderFactory.java/","org.apache.avro.io.DecoderFactory.DefaultDecoderFactory","0","0","0","0","0","0","no"
"avro","release-1.4.1","/lang/java/src/java/org/apache/avro/io/BlockingBinaryEncoder.java/","org.apache.avro.io.BlockingBinaryEncoder.BlockedValue.State","0","0","0","0","0","0","no"
"avro","release-1.4.1","/lang/java/src/java/org/apache/avro/specific/SpecificExceptionBase.java/","org.apache.avro.specific.SpecificExceptionBase","0","0","1","0","2","3","no"
"avro","release-1.4.1","/lang/java/src/java/org/apache/avro/Schema.java/","org.apache.avro.Schema.NullSchema","0","0","0","0","0","0","yes"
"avro","release-1.4.1","/lang/java/src/java/org/apache/avro/ipc/trace/TraceNode.java/","org.apache.avro.ipc.trace.TraceNode","0","1","1","0","0","2","no"
"avro","release-1.4.1","/lang/java/src/java/org/apache/avro/reflect/ReflectDatumReader.java/","org.apache.avro.reflect.ReflectDatumReader","0","1","1","0","0","2","no"
"avro","release-1.4.1","/lang/java/src/java/org/apache/avro/generic/GenericData.java/","org.apache.avro.generic.GenericData.Fixed","0","1","1","0","3","5","yes"
"avro","release-1.4.1","/lang/java/src/java/org/apache/avro/specific/FixedSize.java/","org.apache.avro.specific.FixedSize","0","0","0","0","0","0","no"
"avro","release-1.4.1","/lang/java/src/java/org/apache/avro/ipc/Requestor.java/","org.apache.avro.ipc.Requestor","1","1","1","0","0","3","no"
"avro","release-1.4.1","/lang/java/src/java/org/apache/avro/mapred/tether/TetherRecordReader.java/","org.apache.avro.mapred.tether.TetherRecordReader","0","0","1","0","0","1","no"
"avro","release-1.4.1","/lang/java/src/java/org/apache/avro/io/parsing/Parser.java/","org.apache.avro.io.parsing.Parser","0","1","1","0","0","2","no"
"avro","release-1.4.1","/lang/java/src/java/org/apache/avro/ipc/NettyTransceiver.java/","org.apache.avro.ipc.NettyTransceiver.CallFuture","0","0","1","0","0","1","no"
"avro","release-1.4.1","/lang/java/src/java/org/apache/avro/ipc/trace/SpanStorage.java/","org.apache.avro.ipc.trace.SpanStorage","0","0","0","0","0","0","no"
"avro","release-1.4.1","/lang/java/src/java/org/apache/avro/io/JsonEncoder.java/","org.apache.avro.io.JsonEncoder","0","1","1","0","0","2","no"
"avro","release-1.4.1","/lang/java/src/java/org/apache/avro/io/BinaryEncoder.java/","org.apache.avro.io.BinaryEncoder.SimpleByteWriter","0","0","1","0","0","1","no"
"avro","release-1.4.1","/lang/java/src/java/org/apache/avro/generic/GenericData.java/","org.apache.avro.generic.GenericData.EnumSymbol","0","0","1","0","0","1","yes"
"avro","release-1.4.1","/lang/java/src/java/org/apache/avro/Schema.java/","org.apache.avro.Schema.UnionSchema","0","0","1","0","5","6","yes"
"avro","release-1.4.1","/lang/java/src/java/org/apache/avro/ipc/NettyServer.java/","org.apache.avro.ipc.NettyServer","0","0","1","0","2","3","no"
"avro","release-1.4.1","/lang/java/src/java/org/apache/avro/ipc/stats/Histogram.java/","org.apache.avro.ipc.stats.Histogram","0","1","1","0","7","9","no"
"avro","release-1.4.1","/lang/java/src/java/org/apache/avro/specific/SpecificRecord.java/","org.apache.avro.specific.SpecificRecord","0","0","0","0","0","0","no"
"avro","release-1.4.1","/lang/java/src/java/org/apache/avro/ipc/stats/Stopwatch.java/","org.apache.avro.ipc.stats.Stopwatch.SystemTicks","0","0","1","0","0","1","no"
"avro","release-1.4.1","/lang/java/src/java/org/apache/avro/ipc/trace/TraceCollection.java/","org.apache.avro.ipc.trace.TraceCollection","0","1","1","0","6","8","no"
"avro","release-1.4.1","/lang/java/src/java/org/apache/avro/io/parsing/ValidatingGrammarGenerator.java/","org.apache.avro.io.parsing.ValidatingGrammarGenerator.LitS","0","0","1","0","2","3","no"
"avro","release-1.4.1","/lang/java/src/java/org/apache/avro/io/BinaryDecoder.java/","org.apache.avro.io.BinaryDecoder.InputStreamByteSource","0","1","1","0","4","6","no"
"avro","release-1.5.0","/lang/java/ipc/src/main/java/org/apache/avro/ipc/trace/Util.java/","org.apache.avro.ipc.trace.Util","0","1","1","0","7","9","no"
"avro","release-1.5.0","/lang/java/avro/src/main/java/org/apache/avro/file/DataFileWriter.java/","org.apache.avro.file.DataFileWriter.BufferedFileOutputStream.PositionFilter","0","0","1","0","0","1","yes"
"avro","release-1.5.0","/lang/java/mapred/src/main/java/org/apache/avro/mapred/AvroSerialization.java/","org.apache.avro.mapred.AvroSerialization.AvroWrapperSerializer","0","0","1","0","0","1","yes"
"avro","release-1.5.0","/lang/java/avro/src/main/java/org/apache/avro/io/DirectBinaryDecoder.java/","org.apache.avro.io.DirectBinaryDecoder.ReuseByteReader","0","0","0","0","0","0","yes"
"avro","release-1.5.0","/lang/java/ipc/src/main/java/org/apache/avro/ipc/trace/TracePlugin.java/","org.apache.avro.ipc.trace.TracePlugin","1","1","1","0","2","5","no"
"avro","release-1.5.0","/lang/java/avro/src/main/java/org/apache/avro/generic/GenericDatumReader.java/","org.apache.avro.generic.GenericDatumReader","0","1","1","0","1","3","yes"
"avro","release-1.5.0","/lang/java/mapred/src/main/java/org/apache/avro/mapred/tether/TetherPartitioner.java/","org.apache.avro.mapred.tether.TetherPartitioner","0","0","1","0","0","1","no"
"avro","release-1.5.0","/lang/java/ipc/src/main/java/org/apache/avro/ipc/Requestor.java/","org.apache.avro.ipc.Requestor","1","1","1","0","0","3","yes"
"avro","release-1.5.0","/lang/java/avro/src/main/java/org/apache/avro/Schema.java/","org.apache.avro.Schema.StringSchema","0","0","0","0","0","0","yes"
"avro","release-1.5.0","/lang/java/compiler/src/main/java/org/apache/avro/compiler/specific/SpecificCompiler.java/","org.apache.avro.compiler.specific.SpecificCompiler","0","1","1","0","5","7","yes"
"avro","release-1.5.0","/lang/java/mapred/src/main/java/org/apache/avro/mapred/HadoopReducer.java/","org.apache.avro.mapred.HadoopReducer.ReduceCollector","0","0","1","0","0","1","no"
"avro","release-1.5.0","/lang/java/avro/src/main/java/org/apache/avro/io/BinaryDecoder.java/","org.apache.avro.io.BinaryDecoder.BufferAccessor","0","1","1","0","2","4","yes"
"avro","release-1.5.0","/lang/java/avro/src/main/java/org/apache/avro/specific/SpecificDatumWriter.java/","org.apache.avro.specific.SpecificDatumWriter","0","0","1","0","0","1","no"
"avro","release-1.5.0","/lang/java/avro/src/main/java/org/apache/avro/io/BinaryEncoder.java/","org.apache.avro.io.BinaryEncoder","0","0","1","0","0","1","no"
"avro","release-1.5.0","/lang/java/ipc/src/main/java/org/apache/avro/ipc/trace/TraceCollection.java/","org.apache.avro.ipc.trace.TraceCollection.TraceNodeStats","0","1","1","0","0","2","no"
"avro","release-1.5.0","/lang/java/ipc/src/main/java/org/apache/avro/ipc/RPCPlugin.java/","org.apache.avro.ipc.RPCPlugin","0","0","0","0","0","0","no"
"avro","release-1.5.0","/lang/java/ipc/src/main/java/org/apache/avro/ipc/trace/Trace.java/","org.apache.avro.ipc.trace.Trace.NodeComparator","0","1","1","0","0","2","no"
"avro","release-1.5.0","/lang/java/avro/src/main/java/org/apache/avro/file/DeflateCodec.java/","org.apache.avro.file.DeflateCodec.Option","0","0","0","0","0","0","no"
"avro","release-1.5.0","/lang/java/ipc/src/main/java/org/apache/avro/ipc/trace/SpanAggregator.java/","org.apache.avro.ipc.trace.SpanAggregator","1","1","1","0","4","7","no"
"avro","release-1.5.0","/lang/java/mapred/src/main/java/org/apache/avro/mapred/tether/TetheredProcess.java/","org.apache.avro.mapred.tether.TetheredProcess","0","1","1","0","1","3","yes"
"avro","release-1.5.0","/lang/java/avro/src/main/java/org/apache/avro/io/Encoder.java/","org.apache.avro.io.Encoder","0","1","1","0","0","2","no"
"avro","release-1.5.0","/lang/java/ipc/src/main/java/org/apache/avro/ipc/Ipc.java/","org.apache.avro.ipc.Ipc","0","0","1","0","0","1","no"
"avro","release-1.5.0","/lang/java/avro/src/main/java/org/apache/avro/io/parsing/Symbol.java/","org.apache.avro.io.parsing.Symbol.Kind","0","0","0","0","0","0","yes"
"avro","release-1.5.0","/lang/java/avro/src/main/java/org/apache/avro/Schema.java/","org.apache.avro.Schema.Names","0","0","1","0","0","1","yes"
"avro","release-1.5.0","/lang/java/mapred/src/main/java/org/apache/avro/mapred/SequenceFileInputFormat.java/","org.apache.avro.mapred.SequenceFileInputFormat","0","0","1","0","0","1","no"
"avro","release-1.5.0","/lang/java/avro/src/main/java/org/apache/avro/generic/IndexedRecord.java/","org.apache.avro.generic.IndexedRecord","0","0","0","0","0","0","no"
"avro","release-1.5.0","/lang/java/avro/src/main/java/org/apache/avro/Protocol.java/","org.apache.avro.Protocol.Message","0","1","1","0","3","5","yes"
"avro","release-1.5.0","/lang/java/avro/src/main/java/org/apache/avro/io/parsing/Symbol.java/","org.apache.avro.io.parsing.Symbol.ResolvingAction","0","0","1","0","0","1","yes"
"avro","release-1.5.0","/lang/java/avro/src/main/java/org/apache/avro/Schema.java/","org.apache.avro.Schema.NamedSchema","0","1","1","0","9","11","yes"
"avro","release-1.5.0","/lang/java/tools/src/main/java/org/apache/avro/tool/DataFileReadTool.java/","org.apache.avro.tool.DataFileReadTool","0","0","1","0","0","1","yes"
"avro","release-1.5.0","/lang/java/ipc/src/main/java/org/apache/avro/ipc/Responder.java/","org.apache.avro.ipc.Responder","1","1","1","0","2","5","no"
"avro","release-1.5.0","/lang/java/avro/src/main/java/org/apache/avro/io/parsing/Symbol.java/","org.apache.avro.io.parsing.Symbol.FieldOrderAction","0","0","0","0","2","2","yes"
"avro","release-1.5.0","/lang/java/avro/src/main/java/org/apache/avro/Schema.java/","org.apache.avro.Schema.FixedSchema","0","0","1","0","4","5","yes"
"avro","release-1.5.0","/lang/java/avro/src/main/java/org/apache/avro/file/FileReader.java/","org.apache.avro.file.FileReader","0","0","0","0","0","0","no"
"avro","release-1.5.0","/lang/java/tools/src/main/java/org/apache/avro/tool/RpcReceiveTool.java/","org.apache.avro.tool.RpcReceiveTool","0","0","1","1","1","3","yes"
"avro","release-1.5.0","/lang/java/ipc/src/main/java/org/apache/avro/ipc/trace/TracePlugin.java/","org.apache.avro.ipc.trace.TracePlugin.StorageType","0","0","0","0","0","0","no"
"avro","release-1.5.0","/lang/java/tools/src/main/java/org/apache/avro/tool/RpcReceiveTool.java/","org.apache.avro.tool.RpcReceiveTool.SinkResponder","0","0","1","0","0","1","yes"
"avro","release-1.5.0","/lang/java/mapred/src/main/java/org/apache/avro/mapred/Pair.java/","org.apache.avro.mapred.Pair","0","1","1","0","0","2","no"
"avro","release-1.5.0","/lang/java/avro/src/main/java/org/apache/avro/io/parsing/SkipParser.java/","org.apache.avro.io.parsing.SkipParser","0","1","1","0","0","2","no"
"avro","release-1.5.0","/lang/java/tools/src/main/java/org/apache/avro/tool/Util.java/","org.apache.avro.tool.Util","0","0","1","0","4","5","yes"
"avro","release-1.5.0","/lang/java/ipc/src/main/java/org/apache/avro/ipc/SaslSocketServer.java/","org.apache.avro.ipc.SaslSocketServer","0","0","1","0","12","13","no"
"avro","release-1.5.0","/lang/java/mapred/src/main/java/org/apache/avro/mapred/SequenceFileReader.java/","org.apache.avro.mapred.SequenceFileReader","0","1","1","0","11","13","no"
"avro","release-1.5.0","/lang/java/tools/src/main/java/org/apache/avro/tool/DataFileGetSchemaTool.java/","org.apache.avro.tool.DataFileGetSchemaTool","0","0","1","0","0","1","no"
"avro","release-1.5.0","/lang/java/mapred/src/main/java/org/apache/avro/mapred/AvroWrapper.java/","org.apache.avro.mapred.AvroWrapper","0","0","1","0","2","3","no"
"avro","release-1.5.0","/lang/java/ipc/src/main/java/org/apache/avro/ipc/stats/FloatHistogram.java/","org.apache.avro.ipc.stats.FloatHistogram","0","0","1","0","0","1","no"
"avro","release-1.5.0","/lang/java/ipc/src/main/java/org/apache/avro/ipc/NettyTransceiver.java/","org.apache.avro.ipc.NettyTransceiver","0","0","1","0","2","3","yes"
"avro","release-1.5.0","/lang/java/ipc/src/main/java/org/apache/avro/ipc/NettyServer.java/","org.apache.avro.ipc.NettyServer.NettyServerAvroHandler","0","0","1","0","2","3","no"
"avro","release-1.5.0","/lang/java/ipc/src/main/java/org/apache/avro/ipc/NettyServer.java/","org.apache.avro.ipc.NettyServer","0","0","1","0","2","3","no"
"avro","release-1.5.0","/lang/java/ipc/src/main/java/org/apache/avro/ipc/trace/TracePlugin.java/","org.apache.avro.ipc.trace.TracePlugin.TraceResponder","0","0","0","0","0","0","no"
"avro","release-1.5.0","/lang/java/avro/src/main/java/org/apache/avro/io/ResolvingDecoder.java/","org.apache.avro.io.ResolvingDecoder","0","1","1","1","0","3","no"
"avro","release-1.5.0","/lang/java/avro/src/main/java/org/apache/avro/reflect/ReflectData.java/","org.apache.avro.reflect.ReflectData","1","1","1","0","4","7","yes"
"avro","release-1.5.0","/lang/java/avro/src/main/java/org/apache/avro/io/EncoderFactory.java/","org.apache.avro.io.EncoderFactory","0","1","1","0","2","4","no"
"avro","release-1.5.0","/lang/java/avro/src/main/java/org/apache/avro/Protocol.java/","org.apache.avro.Protocol.TwoWayMessage","0","1","1","0","0","2","yes"
"avro","release-1.5.0","/lang/java/avro/src/main/java/org/apache/avro/Schema.java/","org.apache.avro.Schema.BooleanSchema","0","0","0","0","0","0","yes"
"avro","release-1.5.0","/lang/java/mapred/src/main/java/org/apache/avro/mapred/SequenceFileReader.java/","org.apache.avro.mapred.SequenceFileReader.WritableData","0","0","1","0","0","1","no"
"avro","release-1.5.0","/lang/java/avro/src/main/java/org/apache/avro/Schema.java/","org.apache.avro.Schema.BytesSchema","0","0","0","0","0","0","yes"
"avro","release-1.5.0","/lang/java/mapred/src/main/java/org/apache/avro/mapred/HadoopCombiner.java/","org.apache.avro.mapred.HadoopCombiner.PairCollector","0","0","1","0","0","1","no"
"avro","release-1.5.0","/lang/java/ipc/src/main/java/org/apache/avro/ipc/generic/GenericResponder.java/","org.apache.avro.ipc.generic.GenericResponder","0","0","1","0","1","2","no"
"avro","release-1.5.0","/lang/java/ipc/src/main/java/org/apache/avro/ipc/NettyTransportCodec.java/","org.apache.avro.ipc.NettyTransportCodec.NettyDataPack","0","0","0","0","0","0","no"
"avro","release-1.5.0","/lang/java/avro/src/main/java/org/apache/avro/Schema.java/","org.apache.avro.Schema.FloatSchema","0","0","0","0","0","0","yes"
"avro","release-1.5.0","/lang/java/avro/src/main/java/org/apache/avro/file/LengthLimitedInputStream.java/","org.apache.avro.file.LengthLimitedInputStream","0","0","1","0","1","2","no"
"avro","release-1.5.0","/lang/java/avro/src/main/java/org/apache/avro/file/DataFileConstants.java/","org.apache.avro.file.DataFileConstants","0","0","0","0","0","0","no"
"avro","release-1.5.0","/lang/java/ipc/src/main/java/org/apache/avro/ipc/stats/Histogram.java/","org.apache.avro.ipc.stats.Histogram.Segmenter","0","0","0","0","0","0","no"
"avro","release-1.5.0","/lang/java/avro/src/main/java/org/apache/avro/reflect/Union.java/","org.apache.avro.reflect.Union","0","0","0","0","0","0","no"
"avro","release-1.5.0","/lang/java/ipc/src/main/java/org/apache/avro/ipc/stats/Stopwatch.java/","org.apache.avro.ipc.stats.Stopwatch.SystemTicks","0","0","1","0","0","1","no"
"avro","release-1.5.0","/lang/java/ipc/src/main/java/org/apache/avro/ipc/trace/TraceCollection.java/","org.apache.avro.ipc.trace.TraceCollection","0","1","1","0","6","8","no"
"avro","release-1.5.0","/lang/java/avro/src/main/java/org/apache/avro/Schema.java/","org.apache.avro.Schema.LockableArrayList","0","0","0","0","8","8","yes"
"avro","release-1.5.0","/lang/java/avro/src/main/java/org/apache/avro/AvroRuntimeException.java/","org.apache.avro.AvroRuntimeException","0","0","0","0","0","0","no"
"avro","release-1.5.0","/lang/java/mapred/src/main/java/org/apache/avro/mapred/AvroOutputFormat.java/","org.apache.avro.mapred.AvroOutputFormat","0","0","1","0","0","1","no"
"avro","release-1.5.0","/lang/java/avro/src/main/java/org/apache/avro/io/ParsingDecoder.java/","org.apache.avro.io.ParsingDecoder","0","1","1","0","0","2","no"
"avro","release-1.5.0","/lang/java/maven-plugin/src/main/java/org/apache/avro/mojo/ProtocolMojo.java/","org.apache.avro.mojo.ProtocolMojo","0","0","1","0","2","3","yes"
"avro","release-1.5.0","/lang/java/mapred/src/main/java/org/apache/avro/mapred/AvroUtf8InputFormat.java/","org.apache.avro.mapred.AvroUtf8InputFormat.Utf8LineRecordReader","0","0","1","0","0","1","no"
"avro","release-1.5.0","/lang/java/ipc/src/main/java/org/apache/avro/ipc/SocketTransceiver.java/","org.apache.avro.ipc.SocketTransceiver","0","0","1","0","2","3","yes"
"avro","release-1.5.0","/lang/java/avro/src/main/java/org/apache/avro/Schema.java/","org.apache.avro.Schema.MapSchema","0","0","1","0","4","5","yes"
"avro","release-1.5.0","/lang/java/avro/src/main/java/org/apache/avro/io/parsing/Symbol.java/","org.apache.avro.io.parsing.Symbol.Repeater","0","0","1","0","1","2","yes"
"avro","release-1.5.0","/lang/java/mapred/src/main/java/org/apache/avro/mapred/tether/TetherKeySerialization.java/","org.apache.avro.mapred.tether.TetherKeySerialization","0","0","1","0","1","2","no"
"avro","release-1.5.0","/lang/java/avro/src/main/java/org/apache/avro/reflect/ReflectDatumWriter.java/","org.apache.avro.reflect.ReflectDatumWriter","0","0","1","0","5","6","yes"
"avro","release-1.5.0","/lang/java/avro/src/main/java/org/apache/avro/reflect/ReflectData.java/","org.apache.avro.reflect.ReflectData.AllowNull","0","0","0","0","1","1","yes"
"avro","release-1.5.0","/lang/java/avro/src/main/java/org/apache/avro/file/DataFileStream.java/","org.apache.avro.file.DataFileStream.DataBlock","0","1","1","0","1","3","yes"
"avro","release-1.5.0","/lang/java/mapred/src/main/java/org/apache/avro/mapred/AvroSerialization.java/","org.apache.avro.mapred.AvroSerialization.AvroWrapperDeserializer","0","0","1","0","1","2","yes"
"avro","release-1.5.0","/lang/java/mapred/src/main/java/org/apache/avro/mapred/AvroCollector.java/","org.apache.avro.mapred.AvroCollector","0","0","0","0","0","0","no"
"avro","release-1.5.0","/lang/java/avro/src/main/java/org/apache/avro/io/parsing/ValidatingGrammarGenerator.java/","org.apache.avro.io.parsing.ValidatingGrammarGenerator.LitS","0","0","1","0","2","3","no"
"avro","release-1.5.0","/lang/java/avro/src/main/java/org/apache/avro/specific/SpecificRecord.java/","org.apache.avro.specific.SpecificRecord","0","0","0","0","0","0","no"
"avro","release-1.5.0","/lang/java/ipc/src/main/java/org/apache/avro/ipc/stats/StatsPlugin.java/","org.apache.avro.ipc.stats.StatsPlugin","0","1","1","1","0","3","no"
"avro","release-1.5.0","/lang/java/mapred/src/main/java/org/apache/avro/mapred/tether/TetherData.java/","org.apache.avro.mapred.tether.TetherData","0","0","0","0","0","0","no"
"avro","release-1.5.0","/lang/java/tools/src/main/java/org/apache/avro/tool/SpecificCompilerTool.java/","org.apache.avro.tool.SpecificCompilerTool","0","0","1","0","2","3","yes"
"avro","release-1.5.0","/lang/java/avro/src/main/java/org/apache/avro/io/parsing/Symbol.java/","org.apache.avro.io.parsing.Symbol.WriterUnionAction","0","0","0","0","0","0","yes"
"avro","release-1.5.0","/lang/java/avro/src/main/java/org/apache/avro/file/DataFileStream.java/","org.apache.avro.file.DataFileStream","0","1","1","1","3","6","yes"
"avro","release-1.5.0","/lang/java/avro/src/main/java/org/apache/avro/file/DeflateCodec.java/","org.apache.avro.file.DeflateCodec","0","0","1","0","1","2","no"
"avro","release-1.5.0","/lang/java/avro/src/main/java/org/apache/avro/specific/SpecificData.java/","org.apache.avro.specific.SpecificData","1","1","1","0","1","4","yes"
"avro","release-1.5.0","/lang/java/ipc/src/main/java/org/apache/avro/ipc/NettyTransceiver.java/","org.apache.avro.ipc.NettyTransceiver.NettyClientAvroHandler","0","0","1","0","2","3","yes"
"avro","release-1.5.0","/lang/java/avro/src/main/java/org/apache/avro/reflect/Nullable.java/","org.apache.avro.reflect.Nullable","0","0","0","0","0","0","no"
"avro","release-1.5.0","/lang/java/tools/src/main/java/org/apache/avro/tool/FromTextTool.java/","org.apache.avro.tool.FromTextTool","0","0","1","1","0","2","yes"
"avro","release-1.5.0","/lang/java/avro/src/main/java/org/apache/avro/io/BufferedBinaryEncoder.java/","org.apache.avro.io.BufferedBinaryEncoder.ByteSink","0","0","0","0","0","0","no"
"avro","release-1.5.0","/lang/java/mapred/src/main/java/org/apache/avro/mapred/AvroRecordReader.java/","org.apache.avro.mapred.AvroRecordReader","0","0","1","0","0","1","no"
"avro","release-1.5.0","/lang/java/ipc/src/main/java/org/apache/avro/ipc/SaslSocketTransceiver.java/","org.apache.avro.ipc.SaslSocketTransceiver.Status","0","0","0","0","0","0","yes"
"avro","release-1.5.0","/lang/java/avro/src/main/java/org/apache/avro/io/parsing/ResolvingGrammarGenerator.java/","org.apache.avro.io.parsing.ResolvingGrammarGenerator","1","1","1","1","10","14","yes"
"avro","release-1.5.0","/lang/java/mapred/src/main/java/org/apache/avro/mapred/SequenceFileRecordReader.java/","org.apache.avro.mapred.SequenceFileRecordReader","0","0","0","0","0","0","no"
"avro","release-1.5.0","/lang/java/ipc/src/main/java/org/apache/avro/ipc/stats/Histogram.java/","org.apache.avro.ipc.stats.Histogram","0","1","1","0","7","9","no"
"avro","release-1.5.0","/lang/java/ipc/src/main/java/org/apache/avro/ipc/RPCContext.java/","org.apache.avro.ipc.RPCContext","0","1","1","0","1","3","no"
"avro","release-1.5.0","/lang/java/avro/src/main/java/org/apache/avro/io/BlockingBinaryEncoder.java/","org.apache.avro.io.BlockingBinaryEncoder","1","1","1","0","1","4","no"
"avro","release-1.5.0","/lang/java/avro/src/main/java/org/apache/avro/io/parsing/JsonGrammarGenerator.java/","org.apache.avro.io.parsing.JsonGrammarGenerator","0","1","1","1","0","3","yes"
"avro","release-1.5.0","/lang/java/mapred/src/main/java/org/apache/avro/mapred/tether/TetherOutputService.java/","org.apache.avro.mapred.tether.TetherOutputService","0","1","1","0","2","4","no"
"avro","release-1.5.0","/lang/java/ipc/src/main/java/org/apache/avro/ipc/trace/TraceCollection.java/","org.apache.avro.ipc.trace.TraceCollection.TraceComparotor","0","0","1","0","0","1","no"
"avro","release-1.5.0","/lang/java/maven-plugin/src/main/java/org/apache/avro/mojo/SchemaMojo.java/","org.apache.avro.mojo.SchemaMojo","0","0","1","0","2","3","yes"
"avro","release-1.5.0","/lang/java/avro/src/main/java/org/apache/avro/Schema.java/","org.apache.avro.Schema.NullSchema","0","0","0","0","0","0","yes"
"avro","release-1.5.0","/lang/java/mapred/src/main/java/org/apache/avro/mapred/AvroUtf8InputFormat.java/","org.apache.avro.mapred.AvroUtf8InputFormat","0","0","1","0","0","1","no"
"avro","release-1.5.0","/lang/java/avro/src/main/java/org/apache/avro/io/BinaryDecoder.java/","org.apache.avro.io.BinaryDecoder.InputStreamByteSource","0","1","1","0","4","6","yes"
"avro","release-1.5.0","/lang/java/avro/src/main/java/org/apache/avro/generic/GenericData.java/","org.apache.avro.generic.GenericData.EnumSymbol","0","0","1","0","0","1","yes"
"avro","release-1.5.0","/lang/java/avro/src/main/java/org/apache/avro/io/parsing/Symbol.java/","org.apache.avro.io.parsing.Symbol.IntCheckAction","0","0","0","0","0","0","yes"
"avro","release-1.5.0","/lang/java/avro/src/main/java/org/apache/avro/UnresolvedUnionException.java/","org.apache.avro.UnresolvedUnionException","0","0","0","0","0","0","no"
"avro","release-1.5.0","/lang/java/tools/src/main/java/org/apache/avro/tool/Main.java/","org.apache.avro.tool.Main","0","1","1","0","6","8","yes"
"avro","release-1.5.0","/lang/java/mapred/src/main/java/org/apache/avro/mapred/tether/TetherOutputFormat.java/","org.apache.avro.mapred.tether.TetherOutputFormat","0","0","1","0","0","1","no"
"avro","release-1.5.0","/lang/java/mapred/src/main/java/org/apache/avro/mapred/AvroKey.java/","org.apache.avro.mapred.AvroKey","0","0","0","0","0","0","no"
"avro","release-1.5.0","/lang/java/ipc/src/main/java/org/apache/avro/ipc/trace/TraceNode.java/","org.apache.avro.ipc.trace.TraceNode","0","1","1","0","0","2","no"
"avro","release-1.5.0","/lang/java/avro/src/main/java/org/apache/avro/Schema.java/","org.apache.avro.Schema.ArraySchema","0","0","1","0","4","5","yes"
"avro","release-1.5.0","/lang/java/ipc/src/main/java/org/apache/avro/ipc/trace/SpanAggregator.java/","org.apache.avro.ipc.trace.SpanAggregator.SpanAggregationResults","0","0","0","0","0","0","no"
"avro","release-1.5.0","/lang/java/avro/src/main/java/org/apache/avro/io/BinaryDecoder.java/","org.apache.avro.io.BinaryDecoder.ByteSource","0","1","1","0","0","2","yes"
"avro","release-1.5.0","/lang/java/avro/src/main/java/org/apache/avro/generic/GenericData.java/","org.apache.avro.generic.GenericData","1","1","1","1","10","14","yes"
"avro","release-1.5.0","/lang/java/mapred/src/main/java/org/apache/avro/mapred/tether/TetherKeySerialization.java/","org.apache.avro.mapred.tether.TetherKeySerialization.TetherDataDeserializer","0","0","1","0","1","2","no"
"avro","release-1.5.0","/lang/java/ipc/src/main/java/org/apache/avro/ipc/stats/Histogram.java/","org.apache.avro.ipc.stats.Histogram.EntryIterator","0","0","1","0","0","1","no"
"avro","release-1.5.0","/lang/java/avro/src/main/java/org/apache/avro/io/DecoderFactory.java/","org.apache.avro.io.DecoderFactory","0","1","1","1","1","4","no"
"avro","release-1.5.0","/lang/java/avro/src/main/java/org/apache/avro/file/CodecFactory.java/","org.apache.avro.file.CodecFactory","0","0","1","0","0","1","no"
"avro","release-1.5.0","/lang/java/avro/src/main/java/org/apache/avro/AvroTypeException.java/","org.apache.avro.AvroTypeException","0","0","0","0","0","0","no"
"avro","release-1.5.0","/lang/java/avro/src/main/java/org/apache/avro/Schema.java/","org.apache.avro.Schema.Field","0","1","1","0","3","5","yes"
"avro","release-1.5.0","/lang/java/ipc/src/main/java/org/apache/avro/ipc/HttpTransceiver.java/","org.apache.avro.ipc.HttpTransceiver","0","0","1","0","0","1","yes"
"avro","release-1.5.0","/lang/java/avro/src/main/java/org/apache/avro/file/DataFileReader.java/","org.apache.avro.file.DataFileReader.SeekableInputStream","0","0","1","0","0","1","yes"
"avro","release-1.5.0","/lang/java/maven-plugin/src/main/java/org/apache/avro/mojo/AbstractAvroMojo.java/","org.apache.avro.mojo.AbstractAvroMojo","0","0","1","0","1","2","yes"
"avro","release-1.5.0","/lang/java/ipc/src/main/java/org/apache/avro/ipc/trace/SpanAggregator.java/","org.apache.avro.ipc.trace.SpanAggregator.TraceFormationResults","0","0","0","0","0","0","no"
"avro","release-1.5.0","/lang/java/avro/src/main/java/org/apache/avro/generic/GenericRecord.java/","org.apache.avro.generic.GenericRecord","0","0","0","0","0","0","no"
"avro","release-1.5.0","/lang/java/avro/src/main/java/org/apache/avro/io/DecoderFactory.java/","org.apache.avro.io.DecoderFactory.DefaultDecoderFactory","0","0","0","0","0","0","no"
"avro","release-1.5.0","/lang/java/ipc/src/main/java/org/apache/avro/ipc/ResponderServlet.java/","org.apache.avro.ipc.ResponderServlet","0","0","1","0","0","1","no"
"avro","release-1.5.0","/lang/java/avro/src/main/java/org/apache/avro/generic/GenericData.java/","org.apache.avro.generic.GenericData.Fixed","0","1","1","0","4","6","yes"
"avro","release-1.5.0","/lang/java/avro/src/main/java/org/apache/avro/Schema.java/","org.apache.avro.Schema.Name","0","1","1","0","4","6","yes"
"avro","release-1.5.0","/lang/java/mapred/src/main/java/org/apache/avro/mapred/tether/TetherReducer.java/","org.apache.avro.mapred.tether.TetherReducer","0","1","1","0","0","2","no"
"avro","release-1.5.0","/lang/java/avro/src/main/java/org/apache/avro/io/BufferedBinaryEncoder.java/","org.apache.avro.io.BufferedBinaryEncoder.OutputStreamSink","0","0","1","0","0","1","no"
"avro","release-1.5.0","/lang/java/avro/src/main/java/org/apache/avro/SchemaParseException.java/","org.apache.avro.SchemaParseException","0","0","0","0","0","0","no"
"avro","release-1.5.0","/lang/java/avro/src/main/java/org/apache/avro/io/parsing/Symbol.java/","org.apache.avro.io.parsing.Symbol.SkipAction","0","0","1","0","0","1","yes"
"avro","release-1.5.0","/lang/java/tools/src/main/java/org/apache/avro/tool/JsonToBinaryFragmentTool.java/","org.apache.avro.tool.JsonToBinaryFragmentTool","0","0","1","1","2","4","yes"
"avro","release-1.5.0","/lang/java/avro/src/main/java/org/apache/avro/io/BlockingBinaryEncoder.java/","org.apache.avro.io.BlockingBinaryEncoder.BlockedValue.State","0","0","0","0","0","0","no"
"avro","release-1.5.0","/lang/java/mapred/src/main/java/org/apache/avro/mapred/tether/TetherKeySerialization.java/","org.apache.avro.mapred.tether.TetherKeySerialization.TetherDataSerializer","0","0","1","0","0","1","no"
"avro","release-1.5.0","/lang/java/ipc/src/main/java/org/apache/avro/ipc/reflect/ReflectResponder.java/","org.apache.avro.ipc.reflect.ReflectResponder","0","0","0","0","1","1","no"
"avro","release-1.5.0","/lang/java/avro/src/main/java/org/apache/avro/Schema.java/","org.apache.avro.Schema.Field.Order","0","0","0","0","0","0","yes"
"avro","release-1.5.0","/lang/java/ipc/src/main/java/org/apache/avro/ipc/NettyTransportCodec.java/","org.apache.avro.ipc.NettyTransportCodec.NettyFrameEncoder","0","0","1","0","0","1","no"
"avro","release-1.5.0","/lang/java/ipc/src/main/java/org/apache/avro/ipc/HttpServer.java/","org.apache.avro.ipc.HttpServer","0","0","1","0","0","1","no"
"avro","release-1.5.0","/lang/java/tools/src/main/java/org/apache/avro/tool/InduceSchemaTool.java/","org.apache.avro.tool.InduceSchemaTool","0","0","1","0","4","5","no"
"avro","release-1.5.0","/lang/java/avro/src/main/java/org/apache/avro/io/DirectBinaryDecoder.java/","org.apache.avro.io.DirectBinaryDecoder","0","1","1","0","3","5","yes"
"avro","release-1.5.0","/lang/java/mapred/src/main/java/org/apache/avro/mapred/HadoopMapper.java/","org.apache.avro.mapred.HadoopMapper.MapCollector","0","0","1","0","0","1","no"
"avro","release-1.5.0","/lang/java/ipc/src/main/java/org/apache/avro/ipc/SaslSocketTransceiver.java/","org.apache.avro.ipc.SaslSocketTransceiver.SaslParticipant","0","0","1","0","0","1","yes"
"avro","release-1.5.0","/lang/java/ipc/src/main/java/org/apache/avro/ipc/trace/TraceClientServlet.java/","org.apache.avro.ipc.trace.TraceClientServlet","0","1","1","1","6","9","no"
"avro","release-1.5.0","/lang/java/avro/src/main/java/org/apache/avro/file/SeekableInput.java/","org.apache.avro.file.SeekableInput","0","0","0","0","0","0","no"
"avro","release-1.5.0","/lang/java/ipc/src/main/java/org/apache/avro/ipc/specific/SpecificRequestor.java/","org.apache.avro.ipc.specific.SpecificRequestor","0","0","1","0","0","1","yes"
"avro","release-1.5.0","/lang/java/avro/src/main/java/org/apache/avro/io/EncoderFactory.java/","org.apache.avro.io.EncoderFactory.DefaultEncoderFactory","0","0","0","0","0","0","no"
"avro","release-1.5.0","/lang/java/avro/src/main/java/org/apache/avro/io/DatumReader.java/","org.apache.avro.io.DatumReader","0","0","0","0","0","0","no"
"avro","release-1.5.0","/lang/java/tools/src/main/java/org/apache/avro/tool/DataFileWriteTool.java/","org.apache.avro.tool.DataFileWriteTool","1","0","1","0","2","4","yes"
"avro","release-1.5.0","/lang/java/avro/src/main/java/org/apache/avro/specific/SpecificDatumReader.java/","org.apache.avro.specific.SpecificDatumReader.SchemaConstructable","0","0","0","0","0","0","no"
"avro","release-1.5.0","/lang/java/avro/src/main/java/org/apache/avro/AvroRemoteException.java/","org.apache.avro.AvroRemoteException","0","0","0","0","0","0","yes"
"avro","release-1.5.0","/lang/java/tools/src/main/java/org/apache/avro/tool/BinaryFragmentToJsonTool.java/","org.apache.avro.tool.BinaryFragmentToJsonTool","0","0","1","1","2","4","yes"
"avro","release-1.5.0","/lang/java/avro/src/main/java/org/apache/avro/file/DataFileWriter.java/","org.apache.avro.file.DataFileWriter.NonCopyingByteArrayOutputStream","0","0","1","0","0","1","yes"
"avro","release-1.5.0","/lang/java/compiler/src/main/java/org/apache/avro/compiler/specific/SpecificCompiler.java/","org.apache.avro.compiler.specific.SpecificCompiler.OutputFile","0","0","1","0","1","2","yes"
"avro","release-1.5.0","/lang/java/avro/src/main/java/org/apache/avro/generic/GenericArray.java/","org.apache.avro.generic.GenericArray","0","0","0","0","0","0","no"
"avro","release-1.5.0","/lang/java/avro/src/main/java/org/apache/avro/Schema.java/","org.apache.avro.Schema.Type","0","0","0","0","0","0","yes"
"avro","release-1.5.0","/lang/java/avro/src/main/java/org/apache/avro/io/parsing/Symbol.java/","org.apache.avro.io.parsing.Symbol.UnionAdjustAction","0","0","1","0","0","1","yes"
"avro","release-1.5.0","/lang/java/avro/src/main/java/org/apache/avro/file/SeekableFileInput.java/","org.apache.avro.file.SeekableFileInput","0","0","1","0","0","1","no"
"avro","release-1.5.0","/lang/java/avro/src/main/java/org/apache/avro/specific/FixedSize.java/","org.apache.avro.specific.FixedSize","0","0","0","0","0","0","no"
"avro","release-1.5.0","/lang/java/avro/src/main/java/org/apache/avro/Schema.java/","org.apache.avro.Schema.SeenPair","0","1","1","0","2","4","yes"
"avro","release-1.5.0","/lang/java/avro/src/main/java/org/apache/avro/Schema.java/","org.apache.avro.Schema","1","1","1","0","83","86","yes"
"avro","release-1.5.0","/lang/java/avro/src/main/java/org/apache/avro/io/parsing/Symbol.java/","org.apache.avro.io.parsing.Symbol.DefaultStartAction","0","0","0","0","1","1","yes"
"avro","release-1.5.0","/lang/java/avro/src/main/java/org/apache/avro/file/Codec.java/","org.apache.avro.file.Codec","0","0","0","0","0","0","no"
"avro","release-1.5.0","/lang/java/avro/src/main/java/org/apache/avro/io/ValidatingEncoder.java/","org.apache.avro.io.ValidatingEncoder","0","1","1","0","0","2","no"
"avro","release-1.5.0","/lang/java/ipc/src/main/java/org/apache/avro/ipc/trace/FileSpanStorage.java/","org.apache.avro.ipc.trace.FileSpanStorage.DiskWriterThread","0","1","1","0","7","9","no"
"avro","release-1.5.0","/lang/java/avro/src/main/java/org/apache/avro/file/NullCodec.java/","org.apache.avro.file.NullCodec","0","0","1","0","0","1","no"
"avro","release-1.5.0","/lang/java/ipc/src/main/java/org/apache/avro/ipc/stats/StatsServlet.java/","org.apache.avro.ipc.stats.StatsServlet","1","1","1","1","19","23","no"
"avro","release-1.5.0","/lang/java/ipc/src/main/java/org/apache/avro/ipc/SaslSocketTransceiver.java/","org.apache.avro.ipc.SaslSocketTransceiver.AnonymousClient","0","0","1","0","9","10","yes"
"avro","release-1.5.0","/lang/java/ipc/src/main/java/org/apache/avro/ipc/reflect/ReflectRequestor.java/","org.apache.avro.ipc.reflect.ReflectRequestor","0","0","1","0","0","1","yes"
"avro","release-1.5.0","/lang/java/mapred/src/main/java/org/apache/avro/mapred/AvroKeyComparator.java/","org.apache.avro.mapred.AvroKeyComparator","0","0","1","0","0","1","no"
"avro","release-1.5.0","/lang/java/mapred/src/main/java/org/apache/avro/mapred/tether/TetherMapRunner.java/","org.apache.avro.mapred.tether.TetherMapRunner","0","1","1","0","0","2","no"
"avro","release-1.5.0","/lang/java/mapred/src/main/java/org/apache/avro/mapred/SequenceFileReader.java/","org.apache.avro.mapred.SequenceFileReader.Converter","0","0","0","0","0","0","no"
"avro","release-1.5.0","/lang/java/avro/src/main/java/org/apache/avro/file/DataFileStream.java/","org.apache.avro.file.DataFileStream.Header","0","0","0","0","0","0","yes"
"avro","release-1.5.0","/lang/java/mapred/src/main/java/org/apache/avro/mapred/tether/TetherRecordReader.java/","org.apache.avro.mapred.tether.TetherRecordReader","0","0","1","0","0","1","no"
"avro","release-1.5.0","/lang/java/avro/src/main/java/org/apache/avro/reflect/ReflectDatumReader.java/","org.apache.avro.reflect.ReflectDatumReader","0","0","1","0","0","1","yes"
"avro","release-1.5.0","/lang/java/tools/src/main/java/org/apache/avro/tool/RecodecTool.java/","org.apache.avro.tool.RecodecTool","1","0","1","0","4","6","yes"
"avro","release-1.5.0","/lang/java/avro/src/main/java/org/apache/avro/io/BufferedBinaryEncoder.java/","org.apache.avro.io.BufferedBinaryEncoder","0","1","1","0","0","2","no"
"avro","release-1.5.0","/lang/java/avro/src/main/java/org/apache/avro/specific/SpecificRecordBase.java/","org.apache.avro.specific.SpecificRecordBase","0","0","1","0","0","1","yes"
"avro","release-1.5.0","/lang/java/avro/src/main/java/org/apache/avro/io/parsing/Symbol.java/","org.apache.avro.io.parsing.Symbol.Fixup","0","0","0","0","1","1","yes"
"avro","release-1.5.0","/lang/java/mapred/src/main/java/org/apache/avro/mapred/AvroInputFormat.java/","org.apache.avro.mapred.AvroInputFormat","0","0","1","0","0","1","no"
"avro","release-1.5.0","/lang/java/ipc/src/main/java/org/apache/avro/ipc/SaslSocketServer.java/","org.apache.avro.ipc.SaslSocketServer.AnonymousServer","0","0","0","0","9","9","no"
"avro","release-1.5.0","/lang/java/avro/src/main/java/org/apache/avro/io/JsonEncoder.java/","org.apache.avro.io.JsonEncoder","0","1","1","0","0","2","no"
"avro","release-1.5.0","/lang/java/avro/src/main/java/org/apache/avro/file/DataFileReader12.java/","org.apache.avro.file.DataFileReader12","0","1","1","0","3","5","yes"
"avro","release-1.5.0","/lang/java/avro/src/main/java/org/apache/avro/Protocol.java/","org.apache.avro.Protocol","1","1","1","0","8","11","yes"
"avro","release-1.5.0","/lang/java/avro/src/main/java/org/apache/avro/util/ByteBufferOutputStream.java/","org.apache.avro.util.ByteBufferOutputStream","0","0","1","0","2","3","yes"
"avro","release-1.5.0","/lang/java/ipc/src/main/java/org/apache/avro/ipc/stats/Histogram.java/","org.apache.avro.ipc.stats.Histogram.TreeMapSegmenter","0","0","1","0","4","5","no"
"avro","release-1.5.0","/lang/java/tools/src/main/java/org/apache/avro/tool/TetherTool.java/","org.apache.avro.tool.TetherTool","0","0","1","0","0","1","yes"
"avro","release-1.5.0","/lang/java/avro/src/main/java/org/apache/avro/generic/GenericContainer.java/","org.apache.avro.generic.GenericContainer","0","0","0","0","0","0","no"
"avro","release-1.5.0","/lang/java/tools/src/main/java/org/apache/avro/tool/RpcSendTool.java/","org.apache.avro.tool.RpcSendTool","0","0","1","1","1","3","yes"
"avro","release-1.5.0","/lang/java/ipc/src/main/java/org/apache/avro/ipc/stats/IntegerHistogram.java/","org.apache.avro.ipc.stats.IntegerHistogram","0","0","1","0","0","1","no"
"avro","release-1.5.0","/lang/java/ipc/src/main/java/org/apache/avro/ipc/stats/Histogram.java/","org.apache.avro.ipc.stats.Histogram.SegmenterException","0","0","0","0","0","0","no"
"avro","release-1.5.0","/lang/java/ipc/src/main/java/org/apache/avro/ipc/Server.java/","org.apache.avro.ipc.Server","0","0","0","0","0","0","no"
"avro","release-1.5.0","/lang/java/ipc/src/main/java/org/apache/avro/ipc/stats/Stopwatch.java/","org.apache.avro.ipc.stats.Stopwatch.Ticks","0","0","0","0","0","0","no"
"avro","release-1.5.0","/lang/java/ipc/src/main/java/org/apache/avro/ipc/LocalTransceiver.java/","org.apache.avro.ipc.LocalTransceiver","0","0","1","0","0","1","no"
"avro","release-1.5.0","/lang/java/avro/src/main/java/org/apache/avro/Schema.java/","org.apache.avro.Schema.LongSchema","0","0","0","0","0","0","yes"
"avro","release-1.5.0","/lang/java/tools/src/main/java/org/apache/avro/tool/Tool.java/","org.apache.avro.tool.Tool","0","0","0","0","0","0","no"
"avro","release-1.5.0","/lang/java/avro/src/main/java/org/apache/avro/specific/SpecificFixed.java/","org.apache.avro.specific.SpecificFixed","0","0","0","0","0","0","no"
"avro","release-1.5.0","/lang/java/avro/src/main/java/org/apache/avro/io/parsing/ValidatingGrammarGenerator.java/","org.apache.avro.io.parsing.ValidatingGrammarGenerator","1","1","1","1","2","6","no"
"avro","release-1.5.0","/lang/java/avro/src/main/java/org/apache/avro/generic/GenericDatumWriter.java/","org.apache.avro.generic.GenericDatumWriter","0","1","1","0","0","2","no"
"avro","release-1.5.0","/lang/java/ipc/src/main/java/org/apache/avro/ipc/trace/Trace.java/","org.apache.avro.ipc.trace.Trace","0","1","1","0","5","7","no"
"avro","release-1.5.0","/lang/java/avro/src/main/java/org/apache/avro/Schema.java/","org.apache.avro.Schema.EnumSchema","0","0","1","0","7","8","yes"
"avro","release-1.5.0","/lang/java/avro/src/main/java/org/apache/avro/io/parsing/ResolvingGrammarGenerator.java/","org.apache.avro.io.parsing.ResolvingGrammarGenerator.LitS2","0","0","1","0","2","3","yes"
"avro","release-1.5.0","/lang/java/ipc/src/main/java/org/apache/avro/ipc/NettyTransceiver.java/","org.apache.avro.ipc.NettyTransceiver.CallFuture","0","0","1","0","0","1","yes"
"avro","release-1.5.0","/lang/java/avro/src/main/java/org/apache/avro/io/parsing/Parser.java/","org.apache.avro.io.parsing.Parser.ActionHandler","0","0","0","0","0","0","no"
"avro","release-1.5.0","/lang/java/mapred/src/main/java/org/apache/avro/mapred/AvroJob.java/","org.apache.avro.mapred.AvroJob","0","1","1","0","0","2","no"
"avro","release-1.5.0","/lang/java/ipc/src/main/java/org/apache/avro/ipc/trace/InMemorySpanStorage.java/","org.apache.avro.ipc.trace.InMemorySpanStorage","0","1","1","0","1","3","no"
"avro","release-1.5.0","/lang/java/avro/src/main/java/org/apache/avro/io/Decoder.java/","org.apache.avro.io.Decoder","0","1","1","0","0","2","no"
"avro","release-1.5.0","/lang/java/tools/src/main/java/org/apache/avro/tool/ToTextTool.java/","org.apache.avro.tool.ToTextTool","0","0","1","1","0","2","no"
"avro","release-1.5.0","/lang/java/avro/src/main/java/org/apache/avro/util/WeakIdentityHashMap.java/","org.apache.avro.util.WeakIdentityHashMap.IdentityWeakReference","0","0","0","0","2","2","yes"
"avro","release-1.5.0","/lang/java/ipc/src/main/java/org/apache/avro/ipc/trace/FileSpanStorage.java/","org.apache.avro.ipc.trace.FileSpanStorage","1","1","1","1","18","22","no"
"avro","release-1.5.0","/lang/java/ipc/src/main/java/org/apache/avro/ipc/DatagramTransceiver.java/","org.apache.avro.ipc.DatagramTransceiver","0","0","1","0","2","3","yes"
"avro","release-1.5.0","/lang/java/avro/src/main/java/org/apache/avro/io/DatumWriter.java/","org.apache.avro.io.DatumWriter","0","0","0","0","0","0","no"
"avro","release-1.5.0","/lang/java/mapred/src/main/java/org/apache/avro/mapred/tether/TetherInputFormat.java/","org.apache.avro.mapred.tether.TetherInputFormat","0","0","1","0","0","1","no"
"avro","release-1.5.0","/lang/java/mapred/src/main/java/org/apache/avro/mapred/AvroMapper.java/","org.apache.avro.mapred.AvroMapper","0","0","1","0","0","1","no"
"avro","release-1.5.0","/lang/java/avro/src/main/java/org/apache/avro/io/parsing/Symbol.java/","org.apache.avro.io.parsing.Symbol.ErrorAction","0","0","0","0","0","0","yes"
"avro","release-1.5.0","/lang/java/mapred/src/main/java/org/apache/avro/mapred/HadoopReducer.java/","org.apache.avro.mapred.HadoopReducer","0","0","1","0","0","1","no"
"avro","release-1.5.0","/lang/java/avro/src/main/java/org/apache/avro/io/BlockingBinaryEncoder.java/","org.apache.avro.io.BlockingBinaryEncoder.BlockedValue","0","1","1","0","0","2","no"
"avro","release-1.5.0","/lang/java/ipc/src/main/java/org/apache/avro/ipc/SaslSocketTransceiver.java/","org.apache.avro.ipc.SaslSocketTransceiver","1","1","1","0","18","21","yes"
"avro","release-1.5.0","/lang/java/mapred/src/main/java/org/apache/avro/mapred/AvroReducer.java/","org.apache.avro.mapred.AvroReducer","0","0","1","0","0","1","no"
"avro","release-1.5.0","/lang/java/ipc/src/main/java/org/apache/avro/ipc/Transceiver.java/","org.apache.avro.ipc.Transceiver","0","0","0","0","1","1","no"
"avro","release-1.5.0","/lang/java/avro/src/main/java/org/apache/avro/Schema.java/","org.apache.avro.Schema.IntSchema","0","0","0","0","0","0","yes"
"avro","release-1.5.0","/lang/java/avro/src/main/java/org/apache/avro/util/WeakIdentityHashMap.java/","org.apache.avro.util.WeakIdentityHashMap","0","0","1","0","18","19","yes"
"avro","release-1.5.0","/lang/java/mapred/src/main/java/org/apache/avro/mapred/tether/TetherJob.java/","org.apache.avro.mapred.tether.TetherJob","0","0","1","0","0","1","yes"
"avro","release-1.5.0","/lang/java/mapred/src/main/java/org/apache/avro/mapred/HadoopMapper.java/","org.apache.avro.mapred.HadoopMapper","0","0","1","0","0","1","no"
"avro","release-1.5.0","/lang/java/avro/src/main/java/org/apache/avro/generic/GenericEnumSymbol.java/","org.apache.avro.generic.GenericEnumSymbol","0","0","0","0","1","1","no"
"avro","release-1.5.0","/lang/java/avro/src/main/java/org/apache/avro/file/DataFileReader.java/","org.apache.avro.file.DataFileReader","0","1","1","0","1","3","yes"
"avro","release-1.5.0","/lang/java/tools/src/main/java/org/apache/avro/tool/IdlTool.java/","org.apache.avro.tool.IdlTool","0","0","1","0","3","4","no"
"avro","release-1.5.0","/lang/java/avro/src/main/java/org/apache/avro/io/parsing/Symbol.java/","org.apache.avro.io.parsing.Symbol.ImplicitAction","0","0","0","0","0","0","yes"
"avro","release-1.5.0","/lang/java/avro/src/main/java/org/apache/avro/file/DataFileWriter.java/","org.apache.avro.file.DataFileWriter.BufferedFileOutputStream","0","0","0","0","0","0","yes"
"avro","release-1.5.0","/lang/java/avro/src/main/java/org/apache/avro/util/Utf8.java/","org.apache.avro.util.Utf8","0","1","1","0","2","4","yes"
"avro","release-1.5.0","/lang/java/avro/src/main/java/org/apache/avro/io/BinaryData.java/","org.apache.avro.io.BinaryData.Decoders","0","1","0","0","2","3","no"
"avro","release-1.5.0","/lang/java/compiler/src/main/java/org/apache/avro/compiler/specific/ProtocolTask.java/","org.apache.avro.compiler.specific.ProtocolTask","0","0","1","0","4","5","no"
"avro","release-1.5.0","/lang/java/avro/src/main/java/org/apache/avro/io/DirectBinaryDecoder.java/","org.apache.avro.io.DirectBinaryDecoder.ByteReader","0","0","1","1","0","2","yes"
"avro","release-1.5.0","/lang/java/avro/src/main/java/org/apache/avro/io/parsing/Symbol.java/","org.apache.avro.io.parsing.Symbol","0","1","1","0","22","24","yes"
"avro","release-1.5.0","/lang/java/mapred/src/main/java/org/apache/avro/mapred/tether/TetherKeyComparator.java/","org.apache.avro.mapred.tether.TetherKeyComparator","0","0","1","0","1","2","no"
"avro","release-1.5.0","/lang/java/mapred/src/main/java/org/apache/avro/mapred/AvroSerialization.java/","org.apache.avro.mapred.AvroSerialization","0","0","1","0","1","2","yes"
"avro","release-1.5.0","/lang/java/ipc/src/main/java/org/apache/avro/ipc/SaslSocketServer.java/","org.apache.avro.ipc.SaslSocketServer.SaslServerFactory","0","0","0","0","0","0","no"
"avro","release-1.5.0","/lang/java/avro/src/main/java/org/apache/avro/io/parsing/Symbol.java/","org.apache.avro.io.parsing.Symbol.EnumAdjustAction","0","0","0","0","2","2","yes"
"avro","release-1.5.0","/lang/java/ipc/src/main/java/org/apache/avro/ipc/generic/GenericRequestor.java/","org.apache.avro.ipc.generic.GenericRequestor","0","0","1","0","0","1","yes"
"avro","release-1.5.0","/lang/java/ipc/src/main/java/org/apache/avro/ipc/NettyTransportCodec.java/","org.apache.avro.ipc.NettyTransportCodec","0","0","0","0","4","4","no"
"avro","release-1.5.0","/lang/java/avro/src/main/java/org/apache/avro/file/DataFileWriter.java/","org.apache.avro.file.DataFileWriter","0","1","1","0","0","2","yes"
"avro","release-1.5.0","/lang/java/avro/src/main/java/org/apache/avro/io/parsing/Symbol.java/","org.apache.avro.io.parsing.Symbol.Sequence","0","1","1","0","5","7","yes"
"avro","release-1.5.0","/lang/java/avro/src/main/java/org/apache/avro/generic/GenericData.java/","org.apache.avro.generic.GenericData.Array","0","1","1","0","5","7","yes"
"avro","release-1.5.0","/lang/java/compiler/src/main/java/org/apache/avro/compiler/specific/SpecificCompiler.java/","org.apache.avro.compiler.specific.SpecificCompiler.Slf4jLogChute","0","1","1","0","3","5","yes"
"avro","release-1.5.0","/lang/java/avro/src/main/java/org/apache/avro/io/parsing/Symbol.java/","org.apache.avro.io.parsing.Symbol.FieldAdjustAction","0","0","0","0","0","0","yes"
"avro","release-1.5.0","/lang/java/avro/src/main/java/org/apache/avro/io/parsing/Symbol.java/","org.apache.avro.io.parsing.Symbol.Root","0","0","0","0","1","1","yes"
"avro","release-1.5.0","/lang/java/avro/src/main/java/org/apache/avro/io/BinaryDecoder.java/","org.apache.avro.io.BinaryDecoder","0","1","1","1","12","15","yes"
"avro","release-1.5.0","/lang/java/compiler/src/main/java/org/apache/avro/compiler/specific/SchemaTask.java/","org.apache.avro.compiler.specific.SchemaTask","0","0","1","0","0","1","no"
"avro","release-1.5.0","/lang/java/avro/src/main/java/org/apache/avro/io/BinaryDecoder.java/","org.apache.avro.io.BinaryDecoder.ByteArrayByteSource","0","1","1","0","0","2","yes"
"avro","release-1.5.0","/lang/java/mapred/src/main/java/org/apache/avro/mapred/HadoopReducerBase.java/","org.apache.avro.mapred.HadoopReducerBase.ReduceIterable","0","0","1","0","4","5","no"
"avro","release-1.5.0","/lang/java/mapred/src/main/java/org/apache/avro/mapred/AvroValue.java/","org.apache.avro.mapred.AvroValue","0","0","0","0","0","0","no"
"avro","release-1.5.0","/lang/java/ipc/src/main/java/org/apache/avro/ipc/stats/Histogram.java/","org.apache.avro.ipc.stats.Histogram.Entry","0","0","0","0","0","0","no"
"avro","release-1.5.0","/lang/java/avro/src/main/java/org/apache/avro/io/JsonDecoder.java/","org.apache.avro.io.JsonDecoder","0","1","1","1","0","3","yes"
"avro","release-1.5.0","/lang/java/ipc/src/main/java/org/apache/avro/ipc/DatagramServer.java/","org.apache.avro.ipc.DatagramServer","0","0","1","0","2","3","no"
"avro","release-1.5.0","/lang/java/ipc/src/main/java/org/apache/avro/ipc/stats/StatsServlet.java/","org.apache.avro.ipc.stats.StatsServlet.RenderableMessage","0","0","0","0","5","5","no"
"avro","release-1.5.0","/lang/java/ipc/src/main/java/org/apache/avro/ipc/NettyTransportCodec.java/","org.apache.avro.ipc.NettyTransportCodec.NettyFrameDecoder","0","0","1","0","4","5","no"
"avro","release-1.5.0","/lang/java/avro/src/main/java/org/apache/avro/io/parsing/Symbol.java/","org.apache.avro.io.parsing.Symbol.EnumLabelsAction","0","0","1","0","0","1","yes"
"avro","release-1.5.0","/lang/java/ipc/src/main/java/org/apache/avro/ipc/trace/SpanStorage.java/","org.apache.avro.ipc.trace.SpanStorage","0","0","0","0","0","0","no"
"avro","release-1.5.0","/lang/java/ipc/src/main/java/org/apache/avro/ipc/stats/StatsServer.java/","org.apache.avro.ipc.stats.StatsServer","0","0","0","0","0","0","no"
"avro","release-1.5.0","/lang/java/avro/src/main/java/org/apache/avro/generic/GenericFixed.java/","org.apache.avro.generic.GenericFixed","0","0","0","0","0","0","no"
"avro","release-1.5.0","/lang/java/avro/src/main/java/org/apache/avro/specific/SpecificExceptionBase.java/","org.apache.avro.specific.SpecificExceptionBase","0","0","1","0","2","3","no"
"avro","release-1.5.0","/lang/java/avro/src/main/java/org/apache/avro/specific/SpecificDatumReader.java/","org.apache.avro.specific.SpecificDatumReader","0","0","1","0","0","1","no"
"avro","release-1.5.0","/lang/java/avro/src/main/java/org/apache/avro/Schema.java/","org.apache.avro.Schema.RecordSchema","0","1","1","0","6","8","yes"
"avro","release-1.5.0","/lang/java/avro/src/main/java/org/apache/avro/io/parsing/Symbol.java/","org.apache.avro.io.parsing.Symbol.Terminal","0","0","0","0","1","1","yes"
"avro","release-1.5.0","/lang/java/avro/src/main/java/org/apache/avro/io/ValidatingDecoder.java/","org.apache.avro.io.ValidatingDecoder","0","1","1","0","2","4","no"
"avro","release-1.5.0","/lang/java/avro/src/main/java/org/apache/avro/Schema.java/","org.apache.avro.Schema.DoubleSchema","0","0","0","0","0","0","yes"
"avro","release-1.5.0","/lang/java/avro/src/main/java/org/apache/avro/io/parsing/SkipParser.java/","org.apache.avro.io.parsing.SkipParser.SkipHandler","0","0","0","0","0","0","no"
"avro","release-1.5.0","/lang/java/avro/src/main/java/org/apache/avro/io/ParsingEncoder.java/","org.apache.avro.io.ParsingEncoder","0","0","1","0","0","1","no"
"avro","release-1.5.0","/lang/java/mapred/src/main/java/org/apache/avro/mapred/FsInput.java/","org.apache.avro.mapred.FsInput","0","0","1","0","1","2","no"
"avro","release-1.5.0","/lang/java/ipc/src/main/java/org/apache/avro/ipc/stats/Stopwatch.java/","org.apache.avro.ipc.stats.Stopwatch","0","0","1","0","0","1","no"
"avro","release-1.5.0","/lang/java/avro/src/main/java/org/apache/avro/io/DirectBinaryEncoder.java/","org.apache.avro.io.DirectBinaryEncoder","0","0","1","0","0","1","no"
"avro","release-1.5.0","/lang/java/avro/src/main/java/org/apache/avro/Schema.java/","org.apache.avro.Schema.Props","0","0","1","0","0","1","yes"
"avro","release-1.5.0","/lang/java/ipc/src/main/java/org/apache/avro/ipc/SocketServer.java/","org.apache.avro.ipc.SocketServer.Connection","0","0","1","0","1","2","yes"
"avro","release-1.5.0","/lang/java/avro/src/main/java/org/apache/avro/io/BinaryData.java/","org.apache.avro.io.BinaryData","1","1","1","1","10","14","no"
"avro","release-1.5.0","/lang/java/ipc/src/main/java/org/apache/avro/ipc/specific/SpecificResponder.java/","org.apache.avro.ipc.specific.SpecificResponder","0","0","1","0","0","1","yes"
"avro","release-1.5.0","/lang/java/mapred/src/main/java/org/apache/avro/mapred/HadoopCombiner.java/","org.apache.avro.mapred.HadoopCombiner","0","0","1","0","0","1","no"
"avro","release-1.5.0","/lang/java/avro/src/main/java/org/apache/avro/io/parsing/Parser.java/","org.apache.avro.io.parsing.Parser","0","1","1","0","0","2","no"
"avro","release-1.5.0","/lang/java/avro/src/main/java/org/apache/avro/file/NullCodec.java/","org.apache.avro.file.NullCodec.Option","0","0","0","0","0","0","no"
"avro","release-1.5.0","/lang/java/ipc/src/main/java/org/apache/avro/ipc/stats/StaticServlet.java/","org.apache.avro.ipc.stats.StaticServlet","0","0","1","0","0","1","no"
"avro","release-1.5.0","/lang/java/ipc/src/main/java/org/apache/avro/ipc/trace/TracePluginConfiguration.java/","org.apache.avro.ipc.trace.TracePluginConfiguration","0","1","0","0","0","1","no"
"avro","release-1.5.0","/lang/java/mapred/src/main/java/org/apache/avro/mapred/HadoopReducerBase.java/","org.apache.avro.mapred.HadoopReducerBase","0","0","1","0","4","5","no"
"avro","release-1.5.0","/lang/java/avro/src/main/java/org/apache/avro/reflect/Stringable.java/","org.apache.avro.reflect.Stringable","0","0","0","0","0","0","no"
"avro","release-1.5.0","/lang/java/avro/src/main/java/org/apache/avro/io/parsing/Symbol.java/","org.apache.avro.io.parsing.Symbol.Alternative","0","1","1","0","1","3","yes"
"avro","release-1.5.0","/lang/java/avro/src/main/java/org/apache/avro/io/BinaryData.java/","org.apache.avro.io.BinaryData.HashData","0","0","0","0","0","0","no"
"avro","release-1.5.0","/lang/java/ipc/src/main/java/org/apache/avro/ipc/trace/TraceCollection.java/","org.apache.avro.ipc.trace.TraceCollection.TraceTiming","0","1","1","0","2","4","no"
"avro","release-1.5.0","/lang/java/avro/src/main/java/org/apache/avro/Schema.java/","org.apache.avro.Schema.UnionSchema","0","0","1","0","5","6","yes"
"avro","release-1.5.0","/lang/java/avro/src/main/java/org/apache/avro/generic/GenericData.java/","org.apache.avro.generic.GenericData.Record","0","0","1","0","0","1","yes"
"avro","release-1.5.0","/lang/java/ipc/src/main/java/org/apache/avro/ipc/SocketServer.java/","org.apache.avro.ipc.SocketServer","0","0","1","0","6","7","yes"
"avro","release-1.5.0","/lang/java/ipc/src/main/java/org/apache/avro/ipc/trace/StaticServlet.java/","org.apache.avro.ipc.trace.StaticServlet","0","0","1","0","0","1","no"
"avro","release-1.5.0","/lang/java/avro/src/main/java/org/apache/avro/util/ByteBufferInputStream.java/","org.apache.avro.util.ByteBufferInputStream","0","0","1","0","0","1","yes"
"avro","release-1.5.0","/lang/java/maven-plugin/src/main/java/org/apache/avro/mojo/IDLProtocolMojo.java/","org.apache.avro.mojo.IDLProtocolMojo","0","0","1","0","2","3","no"
"avro","release-1.5.1","/lang/java/ipc/src/main/java/org/apache/avro/ipc/trace/Util.java/","org.apache.avro.ipc.trace.Util","0","1","1","0","7","9","no"
"avro","release-1.5.1","/lang/java/avro/src/main/java/org/apache/avro/file/DataFileWriter.java/","org.apache.avro.file.DataFileWriter.BufferedFileOutputStream.PositionFilter","0","0","1","0","0","1","yes"
"avro","release-1.5.1","/lang/java/mapred/src/main/java/org/apache/avro/mapred/AvroSerialization.java/","org.apache.avro.mapred.AvroSerialization.AvroWrapperSerializer","0","0","1","0","0","1","yes"
"avro","release-1.5.1","/lang/java/avro/src/main/java/org/apache/avro/io/DirectBinaryDecoder.java/","org.apache.avro.io.DirectBinaryDecoder.ReuseByteReader","0","0","0","0","0","0","yes"
"avro","release-1.5.1","/lang/java/ipc/src/main/java/org/apache/avro/ipc/trace/TracePlugin.java/","org.apache.avro.ipc.trace.TracePlugin","1","1","1","0","2","5","no"
"avro","release-1.5.1","/lang/java/avro/src/main/java/org/apache/avro/generic/GenericDatumReader.java/","org.apache.avro.generic.GenericDatumReader","0","1","1","0","1","3","yes"
"avro","release-1.5.1","/lang/java/mapred/src/main/java/org/apache/avro/mapred/tether/TetherPartitioner.java/","org.apache.avro.mapred.tether.TetherPartitioner","0","0","1","0","0","1","no"
"avro","release-1.5.1","/lang/java/ipc/src/main/java/org/apache/avro/ipc/Requestor.java/","org.apache.avro.ipc.Requestor","1","1","1","0","0","3","yes"
"avro","release-1.5.1","/lang/java/avro/src/main/java/org/apache/avro/Schema.java/","org.apache.avro.Schema.StringSchema","0","0","0","0","0","0","yes"
"avro","release-1.5.1","/lang/java/compiler/src/main/java/org/apache/avro/compiler/specific/SpecificCompiler.java/","org.apache.avro.compiler.specific.SpecificCompiler","0","1","1","0","5","7","yes"
"avro","release-1.5.1","/lang/java/mapred/src/main/java/org/apache/avro/mapred/HadoopReducer.java/","org.apache.avro.mapred.HadoopReducer.ReduceCollector","0","0","1","0","0","1","no"
"avro","release-1.5.1","/lang/java/avro/src/main/java/org/apache/avro/io/BinaryDecoder.java/","org.apache.avro.io.BinaryDecoder.BufferAccessor","0","1","1","0","2","4","yes"
"avro","release-1.5.1","/lang/java/avro/src/main/java/org/apache/avro/specific/SpecificDatumWriter.java/","org.apache.avro.specific.SpecificDatumWriter","0","0","1","0","0","1","no"
"avro","release-1.5.1","/lang/java/avro/src/main/java/org/apache/avro/io/BinaryEncoder.java/","org.apache.avro.io.BinaryEncoder","0","0","1","0","0","1","no"
"avro","release-1.5.1","/lang/java/ipc/src/main/java/org/apache/avro/ipc/trace/TraceCollection.java/","org.apache.avro.ipc.trace.TraceCollection.TraceNodeStats","0","1","1","0","0","2","no"
"avro","release-1.5.1","/lang/java/ipc/src/main/java/org/apache/avro/ipc/RPCPlugin.java/","org.apache.avro.ipc.RPCPlugin","0","0","0","0","0","0","no"
"avro","release-1.5.1","/lang/java/ipc/src/main/java/org/apache/avro/ipc/trace/Trace.java/","org.apache.avro.ipc.trace.Trace.NodeComparator","0","1","1","0","0","2","no"
"avro","release-1.5.1","/lang/java/avro/src/main/java/org/apache/avro/file/DeflateCodec.java/","org.apache.avro.file.DeflateCodec.Option","0","0","0","0","0","0","no"
"avro","release-1.5.1","/lang/java/ipc/src/main/java/org/apache/avro/ipc/trace/SpanAggregator.java/","org.apache.avro.ipc.trace.SpanAggregator","1","1","1","0","4","7","no"
"avro","release-1.5.1","/lang/java/mapred/src/main/java/org/apache/avro/mapred/tether/TetheredProcess.java/","org.apache.avro.mapred.tether.TetheredProcess","0","1","1","0","1","3","yes"
"avro","release-1.5.1","/lang/java/avro/src/main/java/org/apache/avro/io/Encoder.java/","org.apache.avro.io.Encoder","0","1","1","0","0","2","no"
"avro","release-1.5.1","/lang/java/ipc/src/main/java/org/apache/avro/ipc/Ipc.java/","org.apache.avro.ipc.Ipc","0","0","1","0","0","1","no"
"avro","release-1.5.1","/lang/java/avro/src/main/java/org/apache/avro/io/parsing/Symbol.java/","org.apache.avro.io.parsing.Symbol.Kind","0","0","0","0","0","0","yes"
"avro","release-1.5.1","/lang/java/avro/src/main/java/org/apache/avro/Schema.java/","org.apache.avro.Schema.Names","0","0","1","0","0","1","yes"
"avro","release-1.5.1","/lang/java/mapred/src/main/java/org/apache/avro/mapred/SequenceFileInputFormat.java/","org.apache.avro.mapred.SequenceFileInputFormat","0","0","1","0","0","1","no"
"avro","release-1.5.1","/lang/java/avro/src/main/java/org/apache/avro/generic/IndexedRecord.java/","org.apache.avro.generic.IndexedRecord","0","0","0","0","0","0","no"
"avro","release-1.5.1","/lang/java/avro/src/main/java/org/apache/avro/Protocol.java/","org.apache.avro.Protocol.Message","0","1","1","0","3","5","yes"
"avro","release-1.5.1","/lang/java/avro/src/main/java/org/apache/avro/io/parsing/Symbol.java/","org.apache.avro.io.parsing.Symbol.ResolvingAction","0","0","1","0","0","1","yes"
"avro","release-1.5.1","/lang/java/avro/src/main/java/org/apache/avro/Schema.java/","org.apache.avro.Schema.NamedSchema","0","1","1","0","9","11","yes"
"avro","release-1.5.1","/lang/java/tools/src/main/java/org/apache/avro/tool/DataFileReadTool.java/","org.apache.avro.tool.DataFileReadTool","0","0","1","0","0","1","yes"
"avro","release-1.5.1","/lang/java/ipc/src/main/java/org/apache/avro/ipc/Responder.java/","org.apache.avro.ipc.Responder","1","1","1","0","2","5","yes"
"avro","release-1.5.1","/lang/java/avro/src/main/java/org/apache/avro/io/parsing/Symbol.java/","org.apache.avro.io.parsing.Symbol.FieldOrderAction","0","0","0","0","2","2","yes"
"avro","release-1.5.1","/lang/java/avro/src/main/java/org/apache/avro/Schema.java/","org.apache.avro.Schema.FixedSchema","0","0","1","0","4","5","yes"
"avro","release-1.5.1","/lang/java/avro/src/main/java/org/apache/avro/file/FileReader.java/","org.apache.avro.file.FileReader","0","0","0","0","0","0","no"
"avro","release-1.5.1","/lang/java/tools/src/main/java/org/apache/avro/tool/RpcReceiveTool.java/","org.apache.avro.tool.RpcReceiveTool","0","0","1","1","1","3","yes"
"avro","release-1.5.1","/lang/java/ipc/src/main/java/org/apache/avro/ipc/trace/TracePlugin.java/","org.apache.avro.ipc.trace.TracePlugin.StorageType","0","0","0","0","0","0","no"
"avro","release-1.5.1","/lang/java/tools/src/main/java/org/apache/avro/tool/RpcReceiveTool.java/","org.apache.avro.tool.RpcReceiveTool.SinkResponder","0","0","1","0","0","1","yes"
"avro","release-1.5.1","/lang/java/mapred/src/main/java/org/apache/avro/mapred/Pair.java/","org.apache.avro.mapred.Pair","0","1","1","0","0","2","no"
"avro","release-1.5.1","/lang/java/avro/src/main/java/org/apache/avro/io/parsing/SkipParser.java/","org.apache.avro.io.parsing.SkipParser","0","1","1","0","0","2","no"
"avro","release-1.5.1","/lang/java/tools/src/main/java/org/apache/avro/tool/Util.java/","org.apache.avro.tool.Util","0","0","1","0","4","5","yes"
"avro","release-1.5.1","/lang/java/ipc/src/main/java/org/apache/avro/ipc/SaslSocketServer.java/","org.apache.avro.ipc.SaslSocketServer","0","0","1","0","12","13","no"
"avro","release-1.5.1","/lang/java/mapred/src/main/java/org/apache/avro/mapred/SequenceFileReader.java/","org.apache.avro.mapred.SequenceFileReader","0","1","1","0","11","13","no"
"avro","release-1.5.1","/lang/java/tools/src/main/java/org/apache/avro/tool/DataFileGetSchemaTool.java/","org.apache.avro.tool.DataFileGetSchemaTool","0","0","1","0","0","1","no"
"avro","release-1.5.1","/lang/java/mapred/src/main/java/org/apache/avro/mapred/AvroWrapper.java/","org.apache.avro.mapred.AvroWrapper","0","0","1","0","2","3","no"
"avro","release-1.5.1","/lang/java/ipc/src/main/java/org/apache/avro/ipc/stats/FloatHistogram.java/","org.apache.avro.ipc.stats.FloatHistogram","0","0","1","0","0","1","no"
"avro","release-1.5.1","/lang/java/ipc/src/main/java/org/apache/avro/ipc/NettyTransceiver.java/","org.apache.avro.ipc.NettyTransceiver","0","0","1","0","2","3","yes"
"avro","release-1.5.1","/lang/java/ipc/src/main/java/org/apache/avro/ipc/NettyServer.java/","org.apache.avro.ipc.NettyServer.NettyServerAvroHandler","0","0","1","0","2","3","yes"
"avro","release-1.5.1","/lang/java/ipc/src/main/java/org/apache/avro/ipc/NettyServer.java/","org.apache.avro.ipc.NettyServer","0","0","1","0","2","3","yes"
"avro","release-1.5.1","/lang/java/ipc/src/main/java/org/apache/avro/ipc/trace/TracePlugin.java/","org.apache.avro.ipc.trace.TracePlugin.TraceResponder","0","0","0","0","0","0","no"
"avro","release-1.5.1","/lang/java/avro/src/main/java/org/apache/avro/io/ResolvingDecoder.java/","org.apache.avro.io.ResolvingDecoder","0","1","1","1","0","3","no"
"avro","release-1.5.1","/lang/java/avro/src/main/java/org/apache/avro/reflect/ReflectData.java/","org.apache.avro.reflect.ReflectData","1","1","1","0","4","7","yes"
"avro","release-1.5.1","/lang/java/avro/src/main/java/org/apache/avro/io/EncoderFactory.java/","org.apache.avro.io.EncoderFactory","0","1","1","0","2","4","no"
"avro","release-1.5.1","/lang/java/avro/src/main/java/org/apache/avro/Protocol.java/","org.apache.avro.Protocol.TwoWayMessage","0","1","1","0","0","2","yes"
"avro","release-1.5.1","/lang/java/avro/src/main/java/org/apache/avro/Schema.java/","org.apache.avro.Schema.BooleanSchema","0","0","0","0","0","0","yes"
"avro","release-1.5.1","/lang/java/mapred/src/main/java/org/apache/avro/mapred/SequenceFileReader.java/","org.apache.avro.mapred.SequenceFileReader.WritableData","0","0","1","0","0","1","no"
"avro","release-1.5.1","/lang/java/avro/src/main/java/org/apache/avro/Schema.java/","org.apache.avro.Schema.BytesSchema","0","0","0","0","0","0","yes"
"avro","release-1.5.1","/lang/java/mapred/src/main/java/org/apache/avro/mapred/HadoopCombiner.java/","org.apache.avro.mapred.HadoopCombiner.PairCollector","0","0","1","0","0","1","no"
"avro","release-1.5.1","/lang/java/ipc/src/main/java/org/apache/avro/ipc/generic/GenericResponder.java/","org.apache.avro.ipc.generic.GenericResponder","0","0","1","0","1","2","no"
"avro","release-1.5.1","/lang/java/ipc/src/main/java/org/apache/avro/ipc/NettyTransportCodec.java/","org.apache.avro.ipc.NettyTransportCodec.NettyDataPack","0","0","0","0","0","0","no"
"avro","release-1.5.1","/lang/java/avro/src/main/java/org/apache/avro/Schema.java/","org.apache.avro.Schema.FloatSchema","0","0","0","0","0","0","yes"
"avro","release-1.5.1","/lang/java/avro/src/main/java/org/apache/avro/file/LengthLimitedInputStream.java/","org.apache.avro.file.LengthLimitedInputStream","0","0","1","0","1","2","no"
"avro","release-1.5.1","/lang/java/avro/src/main/java/org/apache/avro/file/DataFileConstants.java/","org.apache.avro.file.DataFileConstants","0","0","0","0","0","0","no"
"avro","release-1.5.1","/lang/java/ipc/src/main/java/org/apache/avro/ipc/stats/Histogram.java/","org.apache.avro.ipc.stats.Histogram.Segmenter","0","0","0","0","0","0","no"
"avro","release-1.5.1","/lang/java/avro/src/main/java/org/apache/avro/reflect/Union.java/","org.apache.avro.reflect.Union","0","0","0","0","0","0","no"
"avro","release-1.5.1","/lang/java/ipc/src/main/java/org/apache/avro/ipc/stats/Stopwatch.java/","org.apache.avro.ipc.stats.Stopwatch.SystemTicks","0","0","1","0","0","1","no"
"avro","release-1.5.1","/lang/java/ipc/src/main/java/org/apache/avro/ipc/trace/TraceCollection.java/","org.apache.avro.ipc.trace.TraceCollection","0","1","1","0","6","8","no"
"avro","release-1.5.1","/lang/java/avro/src/main/java/org/apache/avro/Schema.java/","org.apache.avro.Schema.LockableArrayList","0","0","0","0","8","8","yes"
"avro","release-1.5.1","/lang/java/avro/src/main/java/org/apache/avro/AvroRuntimeException.java/","org.apache.avro.AvroRuntimeException","0","0","0","0","0","0","no"
"avro","release-1.5.1","/lang/java/mapred/src/main/java/org/apache/avro/mapred/AvroOutputFormat.java/","org.apache.avro.mapred.AvroOutputFormat","0","0","1","0","0","1","no"
"avro","release-1.5.1","/lang/java/avro/src/main/java/org/apache/avro/io/ParsingDecoder.java/","org.apache.avro.io.ParsingDecoder","0","1","1","0","0","2","no"
"avro","release-1.5.1","/lang/java/maven-plugin/src/main/java/org/apache/avro/mojo/ProtocolMojo.java/","org.apache.avro.mojo.ProtocolMojo","0","0","1","0","2","3","yes"
"avro","release-1.5.1","/lang/java/mapred/src/main/java/org/apache/avro/mapred/AvroUtf8InputFormat.java/","org.apache.avro.mapred.AvroUtf8InputFormat.Utf8LineRecordReader","0","0","1","0","0","1","no"
"avro","release-1.5.1","/lang/java/ipc/src/main/java/org/apache/avro/ipc/SocketTransceiver.java/","org.apache.avro.ipc.SocketTransceiver","0","0","1","0","2","3","yes"
"avro","release-1.5.1","/lang/java/avro/src/main/java/org/apache/avro/Schema.java/","org.apache.avro.Schema.MapSchema","0","0","1","0","4","5","yes"
"avro","release-1.5.1","/lang/java/avro/src/main/java/org/apache/avro/io/parsing/Symbol.java/","org.apache.avro.io.parsing.Symbol.Repeater","0","0","1","0","1","2","yes"
"avro","release-1.5.1","/lang/java/mapred/src/main/java/org/apache/avro/mapred/tether/TetherKeySerialization.java/","org.apache.avro.mapred.tether.TetherKeySerialization","0","0","1","0","1","2","no"
"avro","release-1.5.1","/lang/java/avro/src/main/java/org/apache/avro/reflect/ReflectDatumWriter.java/","org.apache.avro.reflect.ReflectDatumWriter","0","0","1","0","5","6","yes"
"avro","release-1.5.1","/lang/java/avro/src/main/java/org/apache/avro/reflect/ReflectData.java/","org.apache.avro.reflect.ReflectData.AllowNull","0","0","0","0","1","1","yes"
"avro","release-1.5.1","/lang/java/avro/src/main/java/org/apache/avro/file/DataFileStream.java/","org.apache.avro.file.DataFileStream.DataBlock","0","1","1","0","1","3","yes"
"avro","release-1.5.1","/lang/java/mapred/src/main/java/org/apache/avro/mapred/AvroSerialization.java/","org.apache.avro.mapred.AvroSerialization.AvroWrapperDeserializer","0","0","1","0","1","2","yes"
"avro","release-1.5.1","/lang/java/mapred/src/main/java/org/apache/avro/mapred/AvroCollector.java/","org.apache.avro.mapred.AvroCollector","0","0","0","0","0","0","no"
"avro","release-1.5.1","/lang/java/avro/src/main/java/org/apache/avro/io/parsing/ValidatingGrammarGenerator.java/","org.apache.avro.io.parsing.ValidatingGrammarGenerator.LitS","0","0","1","0","2","3","no"
"avro","release-1.5.1","/lang/java/avro/src/main/java/org/apache/avro/specific/SpecificRecord.java/","org.apache.avro.specific.SpecificRecord","0","0","0","0","0","0","no"
"avro","release-1.5.1","/lang/java/ipc/src/main/java/org/apache/avro/ipc/stats/StatsPlugin.java/","org.apache.avro.ipc.stats.StatsPlugin","0","1","1","1","0","3","no"
"avro","release-1.5.1","/lang/java/mapred/src/main/java/org/apache/avro/mapred/tether/TetherData.java/","org.apache.avro.mapred.tether.TetherData","0","0","0","0","0","0","no"
"avro","release-1.5.1","/lang/java/tools/src/main/java/org/apache/avro/tool/SpecificCompilerTool.java/","org.apache.avro.tool.SpecificCompilerTool","0","0","1","0","2","3","yes"
"avro","release-1.5.1","/lang/java/avro/src/main/java/org/apache/avro/io/parsing/Symbol.java/","org.apache.avro.io.parsing.Symbol.WriterUnionAction","0","0","0","0","0","0","yes"
"avro","release-1.5.1","/lang/java/avro/src/main/java/org/apache/avro/file/DataFileStream.java/","org.apache.avro.file.DataFileStream","0","1","1","1","3","6","yes"
"avro","release-1.5.1","/lang/java/avro/src/main/java/org/apache/avro/file/DeflateCodec.java/","org.apache.avro.file.DeflateCodec","0","0","1","0","1","2","no"
"avro","release-1.5.1","/lang/java/avro/src/main/java/org/apache/avro/specific/SpecificData.java/","org.apache.avro.specific.SpecificData","1","1","1","0","1","4","yes"
"avro","release-1.5.1","/lang/java/ipc/src/main/java/org/apache/avro/ipc/NettyTransceiver.java/","org.apache.avro.ipc.NettyTransceiver.NettyClientAvroHandler","0","0","1","0","2","3","yes"
"avro","release-1.5.1","/lang/java/avro/src/main/java/org/apache/avro/reflect/Nullable.java/","org.apache.avro.reflect.Nullable","0","0","0","0","0","0","no"
"avro","release-1.5.1","/lang/java/tools/src/main/java/org/apache/avro/tool/FromTextTool.java/","org.apache.avro.tool.FromTextTool","0","0","1","1","0","2","yes"
"avro","release-1.5.1","/lang/java/avro/src/main/java/org/apache/avro/io/BufferedBinaryEncoder.java/","org.apache.avro.io.BufferedBinaryEncoder.ByteSink","0","0","0","0","0","0","no"
"avro","release-1.5.1","/lang/java/mapred/src/main/java/org/apache/avro/mapred/AvroRecordReader.java/","org.apache.avro.mapred.AvroRecordReader","0","0","1","0","0","1","no"
"avro","release-1.5.1","/lang/java/ipc/src/main/java/org/apache/avro/ipc/SaslSocketTransceiver.java/","org.apache.avro.ipc.SaslSocketTransceiver.Status","0","0","0","0","0","0","yes"
"avro","release-1.5.1","/lang/java/avro/src/main/java/org/apache/avro/io/parsing/ResolvingGrammarGenerator.java/","org.apache.avro.io.parsing.ResolvingGrammarGenerator","1","1","1","1","10","14","yes"
"avro","release-1.5.1","/lang/java/mapred/src/main/java/org/apache/avro/mapred/SequenceFileRecordReader.java/","org.apache.avro.mapred.SequenceFileRecordReader","0","0","0","0","0","0","no"
"avro","release-1.5.1","/lang/java/ipc/src/main/java/org/apache/avro/ipc/stats/Histogram.java/","org.apache.avro.ipc.stats.Histogram","0","1","1","0","7","9","no"
"avro","release-1.5.1","/lang/java/ipc/src/main/java/org/apache/avro/ipc/RPCContext.java/","org.apache.avro.ipc.RPCContext","0","1","1","0","1","3","no"
"avro","release-1.5.1","/lang/java/avro/src/main/java/org/apache/avro/io/BlockingBinaryEncoder.java/","org.apache.avro.io.BlockingBinaryEncoder","1","1","1","0","1","4","no"
"avro","release-1.5.1","/lang/java/avro/src/main/java/org/apache/avro/io/parsing/JsonGrammarGenerator.java/","org.apache.avro.io.parsing.JsonGrammarGenerator","0","1","1","1","0","3","yes"
"avro","release-1.5.1","/lang/java/mapred/src/main/java/org/apache/avro/mapred/tether/TetherOutputService.java/","org.apache.avro.mapred.tether.TetherOutputService","0","1","1","0","2","4","no"
"avro","release-1.5.1","/lang/java/ipc/src/main/java/org/apache/avro/ipc/trace/TraceCollection.java/","org.apache.avro.ipc.trace.TraceCollection.TraceComparotor","0","0","1","0","0","1","no"
"avro","release-1.5.1","/lang/java/maven-plugin/src/main/java/org/apache/avro/mojo/SchemaMojo.java/","org.apache.avro.mojo.SchemaMojo","0","0","1","0","2","3","yes"
"avro","release-1.5.1","/lang/java/avro/src/main/java/org/apache/avro/Schema.java/","org.apache.avro.Schema.NullSchema","0","0","0","0","0","0","yes"
"avro","release-1.5.1","/lang/java/mapred/src/main/java/org/apache/avro/mapred/AvroUtf8InputFormat.java/","org.apache.avro.mapred.AvroUtf8InputFormat","0","0","1","0","0","1","no"
"avro","release-1.5.1","/lang/java/avro/src/main/java/org/apache/avro/io/BinaryDecoder.java/","org.apache.avro.io.BinaryDecoder.InputStreamByteSource","0","1","1","0","4","6","yes"
"avro","release-1.5.1","/lang/java/avro/src/main/java/org/apache/avro/generic/GenericData.java/","org.apache.avro.generic.GenericData.EnumSymbol","0","0","1","0","0","1","yes"
"avro","release-1.5.1","/lang/java/avro/src/main/java/org/apache/avro/io/parsing/Symbol.java/","org.apache.avro.io.parsing.Symbol.IntCheckAction","0","0","0","0","0","0","yes"
"avro","release-1.5.1","/lang/java/avro/src/main/java/org/apache/avro/UnresolvedUnionException.java/","org.apache.avro.UnresolvedUnionException","0","0","0","0","0","0","no"
"avro","release-1.5.1","/lang/java/tools/src/main/java/org/apache/avro/tool/Main.java/","org.apache.avro.tool.Main","0","1","1","0","6","8","yes"
"avro","release-1.5.1","/lang/java/mapred/src/main/java/org/apache/avro/mapred/tether/TetherOutputFormat.java/","org.apache.avro.mapred.tether.TetherOutputFormat","0","0","1","0","0","1","no"
"avro","release-1.5.1","/lang/java/mapred/src/main/java/org/apache/avro/mapred/AvroKey.java/","org.apache.avro.mapred.AvroKey","0","0","0","0","0","0","no"
"avro","release-1.5.1","/lang/java/ipc/src/main/java/org/apache/avro/ipc/trace/TraceNode.java/","org.apache.avro.ipc.trace.TraceNode","0","1","1","0","0","2","no"
"avro","release-1.5.1","/lang/java/avro/src/main/java/org/apache/avro/Schema.java/","org.apache.avro.Schema.ArraySchema","0","0","1","0","4","5","yes"
"avro","release-1.5.1","/lang/java/ipc/src/main/java/org/apache/avro/ipc/trace/SpanAggregator.java/","org.apache.avro.ipc.trace.SpanAggregator.SpanAggregationResults","0","0","0","0","0","0","no"
"avro","release-1.5.1","/lang/java/avro/src/main/java/org/apache/avro/io/BinaryDecoder.java/","org.apache.avro.io.BinaryDecoder.ByteSource","0","1","1","0","0","2","yes"
"avro","release-1.5.1","/lang/java/avro/src/main/java/org/apache/avro/generic/GenericData.java/","org.apache.avro.generic.GenericData","1","1","1","1","10","14","yes"
"avro","release-1.5.1","/lang/java/mapred/src/main/java/org/apache/avro/mapred/tether/TetherKeySerialization.java/","org.apache.avro.mapred.tether.TetherKeySerialization.TetherDataDeserializer","0","0","1","0","1","2","no"
"avro","release-1.5.1","/lang/java/ipc/src/main/java/org/apache/avro/ipc/stats/Histogram.java/","org.apache.avro.ipc.stats.Histogram.EntryIterator","0","0","1","0","0","1","no"
"avro","release-1.5.1","/lang/java/avro/src/main/java/org/apache/avro/io/DecoderFactory.java/","org.apache.avro.io.DecoderFactory","0","1","1","1","1","4","no"
"avro","release-1.5.1","/lang/java/avro/src/main/java/org/apache/avro/file/CodecFactory.java/","org.apache.avro.file.CodecFactory","0","0","1","0","0","1","no"
"avro","release-1.5.1","/lang/java/avro/src/main/java/org/apache/avro/AvroTypeException.java/","org.apache.avro.AvroTypeException","0","0","0","0","0","0","no"
"avro","release-1.5.1","/lang/java/avro/src/main/java/org/apache/avro/Schema.java/","org.apache.avro.Schema.Field","0","1","1","0","3","5","yes"
"avro","release-1.5.1","/lang/java/ipc/src/main/java/org/apache/avro/ipc/HttpTransceiver.java/","org.apache.avro.ipc.HttpTransceiver","0","0","1","0","0","1","yes"
"avro","release-1.5.1","/lang/java/avro/src/main/java/org/apache/avro/file/DataFileReader.java/","org.apache.avro.file.DataFileReader.SeekableInputStream","0","0","1","0","0","1","yes"
"avro","release-1.5.1","/lang/java/maven-plugin/src/main/java/org/apache/avro/mojo/AbstractAvroMojo.java/","org.apache.avro.mojo.AbstractAvroMojo","0","0","1","0","1","2","yes"
"avro","release-1.5.1","/lang/java/ipc/src/main/java/org/apache/avro/ipc/trace/SpanAggregator.java/","org.apache.avro.ipc.trace.SpanAggregator.TraceFormationResults","0","0","0","0","0","0","no"
"avro","release-1.5.1","/lang/java/avro/src/main/java/org/apache/avro/generic/GenericRecord.java/","org.apache.avro.generic.GenericRecord","0","0","0","0","0","0","no"
"avro","release-1.5.1","/lang/java/avro/src/main/java/org/apache/avro/io/DecoderFactory.java/","org.apache.avro.io.DecoderFactory.DefaultDecoderFactory","0","0","0","0","0","0","no"
"avro","release-1.5.1","/lang/java/ipc/src/main/java/org/apache/avro/ipc/ResponderServlet.java/","org.apache.avro.ipc.ResponderServlet","0","0","1","0","0","1","no"
"avro","release-1.5.1","/lang/java/avro/src/main/java/org/apache/avro/generic/GenericData.java/","org.apache.avro.generic.GenericData.Fixed","0","1","1","0","4","6","yes"
"avro","release-1.5.1","/lang/java/avro/src/main/java/org/apache/avro/Schema.java/","org.apache.avro.Schema.Name","0","1","1","0","4","6","yes"
"avro","release-1.5.1","/lang/java/mapred/src/main/java/org/apache/avro/mapred/tether/TetherReducer.java/","org.apache.avro.mapred.tether.TetherReducer","0","1","1","0","0","2","no"
"avro","release-1.5.1","/lang/java/avro/src/main/java/org/apache/avro/io/BufferedBinaryEncoder.java/","org.apache.avro.io.BufferedBinaryEncoder.OutputStreamSink","0","0","1","0","0","1","no"
"avro","release-1.5.1","/lang/java/avro/src/main/java/org/apache/avro/SchemaParseException.java/","org.apache.avro.SchemaParseException","0","0","0","0","0","0","no"
"avro","release-1.5.1","/lang/java/avro/src/main/java/org/apache/avro/io/parsing/Symbol.java/","org.apache.avro.io.parsing.Symbol.SkipAction","0","0","1","0","0","1","yes"
"avro","release-1.5.1","/lang/java/tools/src/main/java/org/apache/avro/tool/JsonToBinaryFragmentTool.java/","org.apache.avro.tool.JsonToBinaryFragmentTool","0","0","1","1","2","4","yes"
"avro","release-1.5.1","/lang/java/avro/src/main/java/org/apache/avro/io/BlockingBinaryEncoder.java/","org.apache.avro.io.BlockingBinaryEncoder.BlockedValue.State","0","0","0","0","0","0","no"
"avro","release-1.5.1","/lang/java/mapred/src/main/java/org/apache/avro/mapred/tether/TetherKeySerialization.java/","org.apache.avro.mapred.tether.TetherKeySerialization.TetherDataSerializer","0","0","1","0","0","1","no"
"avro","release-1.5.1","/lang/java/ipc/src/main/java/org/apache/avro/ipc/reflect/ReflectResponder.java/","org.apache.avro.ipc.reflect.ReflectResponder","0","0","0","0","1","1","no"
"avro","release-1.5.1","/lang/java/avro/src/main/java/org/apache/avro/Schema.java/","org.apache.avro.Schema.Field.Order","0","0","0","0","0","0","yes"
"avro","release-1.5.1","/lang/java/ipc/src/main/java/org/apache/avro/ipc/NettyTransportCodec.java/","org.apache.avro.ipc.NettyTransportCodec.NettyFrameEncoder","0","0","1","0","0","1","no"
"avro","release-1.5.1","/lang/java/ipc/src/main/java/org/apache/avro/ipc/HttpServer.java/","org.apache.avro.ipc.HttpServer","0","0","1","0","0","1","no"
"avro","release-1.5.1","/lang/java/tools/src/main/java/org/apache/avro/tool/InduceSchemaTool.java/","org.apache.avro.tool.InduceSchemaTool","0","0","1","0","4","5","no"
"avro","release-1.5.1","/lang/java/avro/src/main/java/org/apache/avro/io/DirectBinaryDecoder.java/","org.apache.avro.io.DirectBinaryDecoder","0","1","1","0","3","5","yes"
"avro","release-1.5.1","/lang/java/mapred/src/main/java/org/apache/avro/mapred/HadoopMapper.java/","org.apache.avro.mapred.HadoopMapper.MapCollector","0","0","1","0","0","1","no"
"avro","release-1.5.1","/lang/java/ipc/src/main/java/org/apache/avro/ipc/SaslSocketTransceiver.java/","org.apache.avro.ipc.SaslSocketTransceiver.SaslParticipant","0","0","1","0","0","1","yes"
"avro","release-1.5.1","/lang/java/ipc/src/main/java/org/apache/avro/ipc/trace/TraceClientServlet.java/","org.apache.avro.ipc.trace.TraceClientServlet","0","1","1","1","6","9","no"
"avro","release-1.5.1","/lang/java/avro/src/main/java/org/apache/avro/file/SeekableInput.java/","org.apache.avro.file.SeekableInput","0","0","0","0","0","0","no"
"avro","release-1.5.1","/lang/java/ipc/src/main/java/org/apache/avro/ipc/specific/SpecificRequestor.java/","org.apache.avro.ipc.specific.SpecificRequestor","0","0","1","0","0","1","yes"
"avro","release-1.5.1","/lang/java/avro/src/main/java/org/apache/avro/io/EncoderFactory.java/","org.apache.avro.io.EncoderFactory.DefaultEncoderFactory","0","0","0","0","0","0","no"
"avro","release-1.5.1","/lang/java/avro/src/main/java/org/apache/avro/io/DatumReader.java/","org.apache.avro.io.DatumReader","0","0","0","0","0","0","no"
"avro","release-1.5.1","/lang/java/tools/src/main/java/org/apache/avro/tool/DataFileWriteTool.java/","org.apache.avro.tool.DataFileWriteTool","1","0","1","0","2","4","yes"
"avro","release-1.5.1","/lang/java/avro/src/main/java/org/apache/avro/specific/SpecificDatumReader.java/","org.apache.avro.specific.SpecificDatumReader.SchemaConstructable","0","0","0","0","0","0","no"
"avro","release-1.5.1","/lang/java/avro/src/main/java/org/apache/avro/AvroRemoteException.java/","org.apache.avro.AvroRemoteException","0","0","0","0","0","0","yes"
"avro","release-1.5.1","/lang/java/tools/src/main/java/org/apache/avro/tool/BinaryFragmentToJsonTool.java/","org.apache.avro.tool.BinaryFragmentToJsonTool","0","0","1","1","2","4","yes"
"avro","release-1.5.1","/lang/java/avro/src/main/java/org/apache/avro/file/DataFileWriter.java/","org.apache.avro.file.DataFileWriter.NonCopyingByteArrayOutputStream","0","0","1","0","0","1","yes"
"avro","release-1.5.1","/lang/java/compiler/src/main/java/org/apache/avro/compiler/specific/SpecificCompiler.java/","org.apache.avro.compiler.specific.SpecificCompiler.OutputFile","0","0","1","0","1","2","yes"
"avro","release-1.5.1","/lang/java/avro/src/main/java/org/apache/avro/generic/GenericArray.java/","org.apache.avro.generic.GenericArray","0","0","0","0","0","0","no"
"avro","release-1.5.1","/lang/java/avro/src/main/java/org/apache/avro/Schema.java/","org.apache.avro.Schema.Type","0","0","0","0","0","0","yes"
"avro","release-1.5.1","/lang/java/avro/src/main/java/org/apache/avro/io/parsing/Symbol.java/","org.apache.avro.io.parsing.Symbol.UnionAdjustAction","0","0","1","0","0","1","yes"
"avro","release-1.5.1","/lang/java/avro/src/main/java/org/apache/avro/file/SeekableFileInput.java/","org.apache.avro.file.SeekableFileInput","0","0","1","0","0","1","no"
"avro","release-1.5.1","/lang/java/avro/src/main/java/org/apache/avro/specific/FixedSize.java/","org.apache.avro.specific.FixedSize","0","0","0","0","0","0","no"
"avro","release-1.5.1","/lang/java/avro/src/main/java/org/apache/avro/Schema.java/","org.apache.avro.Schema.SeenPair","0","1","1","0","2","4","yes"
"avro","release-1.5.1","/lang/java/avro/src/main/java/org/apache/avro/Schema.java/","org.apache.avro.Schema","1","1","1","0","83","86","yes"
"avro","release-1.5.1","/lang/java/avro/src/main/java/org/apache/avro/io/parsing/Symbol.java/","org.apache.avro.io.parsing.Symbol.DefaultStartAction","0","0","0","0","1","1","yes"
"avro","release-1.5.1","/lang/java/avro/src/main/java/org/apache/avro/file/Codec.java/","org.apache.avro.file.Codec","0","0","0","0","0","0","no"
"avro","release-1.5.1","/lang/java/avro/src/main/java/org/apache/avro/io/ValidatingEncoder.java/","org.apache.avro.io.ValidatingEncoder","0","1","1","0","0","2","no"
"avro","release-1.5.1","/lang/java/ipc/src/main/java/org/apache/avro/ipc/trace/FileSpanStorage.java/","org.apache.avro.ipc.trace.FileSpanStorage.DiskWriterThread","0","1","1","0","7","9","no"
"avro","release-1.5.1","/lang/java/avro/src/main/java/org/apache/avro/file/NullCodec.java/","org.apache.avro.file.NullCodec","0","0","1","0","0","1","no"
"avro","release-1.5.1","/lang/java/ipc/src/main/java/org/apache/avro/ipc/stats/StatsServlet.java/","org.apache.avro.ipc.stats.StatsServlet","1","1","1","1","19","23","no"
"avro","release-1.5.1","/lang/java/ipc/src/main/java/org/apache/avro/ipc/SaslSocketTransceiver.java/","org.apache.avro.ipc.SaslSocketTransceiver.AnonymousClient","0","0","1","0","9","10","yes"
"avro","release-1.5.1","/lang/java/ipc/src/main/java/org/apache/avro/ipc/reflect/ReflectRequestor.java/","org.apache.avro.ipc.reflect.ReflectRequestor","0","0","1","0","0","1","yes"
"avro","release-1.5.1","/lang/java/mapred/src/main/java/org/apache/avro/mapred/AvroKeyComparator.java/","org.apache.avro.mapred.AvroKeyComparator","0","0","1","0","0","1","no"
"avro","release-1.5.1","/lang/java/mapred/src/main/java/org/apache/avro/mapred/tether/TetherMapRunner.java/","org.apache.avro.mapred.tether.TetherMapRunner","0","1","1","0","0","2","no"
"avro","release-1.5.1","/lang/java/mapred/src/main/java/org/apache/avro/mapred/SequenceFileReader.java/","org.apache.avro.mapred.SequenceFileReader.Converter","0","0","0","0","0","0","no"
"avro","release-1.5.1","/lang/java/avro/src/main/java/org/apache/avro/file/DataFileStream.java/","org.apache.avro.file.DataFileStream.Header","0","0","0","0","0","0","yes"
"avro","release-1.5.1","/lang/java/mapred/src/main/java/org/apache/avro/mapred/tether/TetherRecordReader.java/","org.apache.avro.mapred.tether.TetherRecordReader","0","0","1","0","0","1","no"
"avro","release-1.5.1","/lang/java/avro/src/main/java/org/apache/avro/reflect/ReflectDatumReader.java/","org.apache.avro.reflect.ReflectDatumReader","0","0","1","0","0","1","yes"
"avro","release-1.5.1","/lang/java/tools/src/main/java/org/apache/avro/tool/RecodecTool.java/","org.apache.avro.tool.RecodecTool","1","0","1","0","4","6","yes"
"avro","release-1.5.1","/lang/java/avro/src/main/java/org/apache/avro/io/BufferedBinaryEncoder.java/","org.apache.avro.io.BufferedBinaryEncoder","0","1","1","0","0","2","no"
"avro","release-1.5.1","/lang/java/avro/src/main/java/org/apache/avro/specific/SpecificRecordBase.java/","org.apache.avro.specific.SpecificRecordBase","0","0","1","0","0","1","yes"
"avro","release-1.5.1","/lang/java/avro/src/main/java/org/apache/avro/io/parsing/Symbol.java/","org.apache.avro.io.parsing.Symbol.Fixup","0","0","0","0","1","1","yes"
"avro","release-1.5.1","/lang/java/mapred/src/main/java/org/apache/avro/mapred/AvroInputFormat.java/","org.apache.avro.mapred.AvroInputFormat","0","0","1","0","0","1","no"
"avro","release-1.5.1","/lang/java/ipc/src/main/java/org/apache/avro/ipc/SaslSocketServer.java/","org.apache.avro.ipc.SaslSocketServer.AnonymousServer","0","0","0","0","9","9","no"
"avro","release-1.5.1","/lang/java/avro/src/main/java/org/apache/avro/io/JsonEncoder.java/","org.apache.avro.io.JsonEncoder","0","1","1","0","0","2","no"
"avro","release-1.5.1","/lang/java/avro/src/main/java/org/apache/avro/file/DataFileReader12.java/","org.apache.avro.file.DataFileReader12","0","1","1","0","3","5","yes"
"avro","release-1.5.1","/lang/java/avro/src/main/java/org/apache/avro/Protocol.java/","org.apache.avro.Protocol","1","1","1","0","8","11","yes"
"avro","release-1.5.1","/lang/java/avro/src/main/java/org/apache/avro/util/ByteBufferOutputStream.java/","org.apache.avro.util.ByteBufferOutputStream","0","0","1","0","2","3","yes"
"avro","release-1.5.1","/lang/java/ipc/src/main/java/org/apache/avro/ipc/stats/Histogram.java/","org.apache.avro.ipc.stats.Histogram.TreeMapSegmenter","0","0","1","0","4","5","no"
"avro","release-1.5.1","/lang/java/tools/src/main/java/org/apache/avro/tool/TetherTool.java/","org.apache.avro.tool.TetherTool","0","0","1","0","0","1","yes"
"avro","release-1.5.1","/lang/java/avro/src/main/java/org/apache/avro/generic/GenericContainer.java/","org.apache.avro.generic.GenericContainer","0","0","0","0","0","0","no"
"avro","release-1.5.1","/lang/java/tools/src/main/java/org/apache/avro/tool/RpcSendTool.java/","org.apache.avro.tool.RpcSendTool","0","0","1","1","1","3","yes"
"avro","release-1.5.1","/lang/java/ipc/src/main/java/org/apache/avro/ipc/stats/IntegerHistogram.java/","org.apache.avro.ipc.stats.IntegerHistogram","0","0","1","0","0","1","no"
"avro","release-1.5.1","/lang/java/ipc/src/main/java/org/apache/avro/ipc/stats/Histogram.java/","org.apache.avro.ipc.stats.Histogram.SegmenterException","0","0","0","0","0","0","no"
"avro","release-1.5.1","/lang/java/ipc/src/main/java/org/apache/avro/ipc/Server.java/","org.apache.avro.ipc.Server","0","0","0","0","0","0","no"
"avro","release-1.5.1","/lang/java/ipc/src/main/java/org/apache/avro/ipc/stats/Stopwatch.java/","org.apache.avro.ipc.stats.Stopwatch.Ticks","0","0","0","0","0","0","no"
"avro","release-1.5.1","/lang/java/ipc/src/main/java/org/apache/avro/ipc/LocalTransceiver.java/","org.apache.avro.ipc.LocalTransceiver","0","0","1","0","0","1","no"
"avro","release-1.5.1","/lang/java/avro/src/main/java/org/apache/avro/Schema.java/","org.apache.avro.Schema.LongSchema","0","0","0","0","0","0","yes"
"avro","release-1.5.1","/lang/java/tools/src/main/java/org/apache/avro/tool/Tool.java/","org.apache.avro.tool.Tool","0","0","0","0","0","0","no"
"avro","release-1.5.1","/lang/java/avro/src/main/java/org/apache/avro/specific/SpecificFixed.java/","org.apache.avro.specific.SpecificFixed","0","0","0","0","0","0","no"
"avro","release-1.5.1","/lang/java/avro/src/main/java/org/apache/avro/io/parsing/ValidatingGrammarGenerator.java/","org.apache.avro.io.parsing.ValidatingGrammarGenerator","1","1","1","1","2","6","no"
"avro","release-1.5.1","/lang/java/avro/src/main/java/org/apache/avro/generic/GenericDatumWriter.java/","org.apache.avro.generic.GenericDatumWriter","0","1","1","0","0","2","yes"
"avro","release-1.5.1","/lang/java/ipc/src/main/java/org/apache/avro/ipc/trace/Trace.java/","org.apache.avro.ipc.trace.Trace","0","1","1","0","5","7","no"
"avro","release-1.5.1","/lang/java/avro/src/main/java/org/apache/avro/Schema.java/","org.apache.avro.Schema.EnumSchema","0","0","1","0","7","8","yes"
"avro","release-1.5.1","/lang/java/avro/src/main/java/org/apache/avro/io/parsing/ResolvingGrammarGenerator.java/","org.apache.avro.io.parsing.ResolvingGrammarGenerator.LitS2","0","0","1","0","2","3","yes"
"avro","release-1.5.1","/lang/java/ipc/src/main/java/org/apache/avro/ipc/NettyTransceiver.java/","org.apache.avro.ipc.NettyTransceiver.CallFuture","0","0","1","0","0","1","yes"
"avro","release-1.5.1","/lang/java/avro/src/main/java/org/apache/avro/io/parsing/Parser.java/","org.apache.avro.io.parsing.Parser.ActionHandler","0","0","0","0","0","0","no"
"avro","release-1.5.1","/lang/java/mapred/src/main/java/org/apache/avro/mapred/AvroJob.java/","org.apache.avro.mapred.AvroJob","0","1","1","0","0","2","no"
"avro","release-1.5.1","/lang/java/ipc/src/main/java/org/apache/avro/ipc/trace/InMemorySpanStorage.java/","org.apache.avro.ipc.trace.InMemorySpanStorage","0","1","1","0","1","3","no"
"avro","release-1.5.1","/lang/java/avro/src/main/java/org/apache/avro/io/Decoder.java/","org.apache.avro.io.Decoder","0","1","1","0","0","2","no"
"avro","release-1.5.1","/lang/java/tools/src/main/java/org/apache/avro/tool/ToTextTool.java/","org.apache.avro.tool.ToTextTool","0","0","1","1","0","2","no"
"avro","release-1.5.1","/lang/java/avro/src/main/java/org/apache/avro/util/WeakIdentityHashMap.java/","org.apache.avro.util.WeakIdentityHashMap.IdentityWeakReference","0","0","0","0","2","2","yes"
"avro","release-1.5.1","/lang/java/ipc/src/main/java/org/apache/avro/ipc/trace/FileSpanStorage.java/","org.apache.avro.ipc.trace.FileSpanStorage","1","1","1","1","18","22","no"
"avro","release-1.5.1","/lang/java/ipc/src/main/java/org/apache/avro/ipc/DatagramTransceiver.java/","org.apache.avro.ipc.DatagramTransceiver","0","0","1","0","2","3","yes"
"avro","release-1.5.1","/lang/java/avro/src/main/java/org/apache/avro/io/DatumWriter.java/","org.apache.avro.io.DatumWriter","0","0","0","0","0","0","no"
"avro","release-1.5.1","/lang/java/mapred/src/main/java/org/apache/avro/mapred/tether/TetherInputFormat.java/","org.apache.avro.mapred.tether.TetherInputFormat","0","0","1","0","0","1","no"
"avro","release-1.5.1","/lang/java/mapred/src/main/java/org/apache/avro/mapred/AvroMapper.java/","org.apache.avro.mapred.AvroMapper","0","0","1","0","0","1","no"
"avro","release-1.5.1","/lang/java/avro/src/main/java/org/apache/avro/io/parsing/Symbol.java/","org.apache.avro.io.parsing.Symbol.ErrorAction","0","0","0","0","0","0","yes"
"avro","release-1.5.1","/lang/java/mapred/src/main/java/org/apache/avro/mapred/HadoopReducer.java/","org.apache.avro.mapred.HadoopReducer","0","0","1","0","0","1","no"
"avro","release-1.5.1","/lang/java/avro/src/main/java/org/apache/avro/io/BlockingBinaryEncoder.java/","org.apache.avro.io.BlockingBinaryEncoder.BlockedValue","0","1","1","0","0","2","no"
"avro","release-1.5.1","/lang/java/ipc/src/main/java/org/apache/avro/ipc/SaslSocketTransceiver.java/","org.apache.avro.ipc.SaslSocketTransceiver","1","1","1","0","18","21","yes"
"avro","release-1.5.1","/lang/java/mapred/src/main/java/org/apache/avro/mapred/AvroReducer.java/","org.apache.avro.mapred.AvroReducer","0","0","1","0","0","1","no"
"avro","release-1.5.1","/lang/java/ipc/src/main/java/org/apache/avro/ipc/Transceiver.java/","org.apache.avro.ipc.Transceiver","0","0","0","0","1","1","yes"
"avro","release-1.5.1","/lang/java/avro/src/main/java/org/apache/avro/Schema.java/","org.apache.avro.Schema.IntSchema","0","0","0","0","0","0","yes"
"avro","release-1.5.1","/lang/java/avro/src/main/java/org/apache/avro/util/WeakIdentityHashMap.java/","org.apache.avro.util.WeakIdentityHashMap","0","0","1","0","18","19","yes"
"avro","release-1.5.1","/lang/java/mapred/src/main/java/org/apache/avro/mapred/tether/TetherJob.java/","org.apache.avro.mapred.tether.TetherJob","0","0","1","0","0","1","yes"
"avro","release-1.5.1","/lang/java/mapred/src/main/java/org/apache/avro/mapred/HadoopMapper.java/","org.apache.avro.mapred.HadoopMapper","0","0","1","0","0","1","no"
"avro","release-1.5.1","/lang/java/avro/src/main/java/org/apache/avro/generic/GenericEnumSymbol.java/","org.apache.avro.generic.GenericEnumSymbol","0","0","0","0","1","1","no"
"avro","release-1.5.1","/lang/java/avro/src/main/java/org/apache/avro/file/DataFileReader.java/","org.apache.avro.file.DataFileReader","0","1","1","0","1","3","yes"
"avro","release-1.5.1","/lang/java/tools/src/main/java/org/apache/avro/tool/IdlTool.java/","org.apache.avro.tool.IdlTool","0","0","1","0","3","4","no"
"avro","release-1.5.1","/lang/java/avro/src/main/java/org/apache/avro/io/parsing/Symbol.java/","org.apache.avro.io.parsing.Symbol.ImplicitAction","0","0","0","0","0","0","yes"
"avro","release-1.5.1","/lang/java/avro/src/main/java/org/apache/avro/file/DataFileWriter.java/","org.apache.avro.file.DataFileWriter.BufferedFileOutputStream","0","0","0","0","0","0","yes"
"avro","release-1.5.1","/lang/java/avro/src/main/java/org/apache/avro/util/Utf8.java/","org.apache.avro.util.Utf8","0","1","1","0","2","4","yes"
"avro","release-1.5.1","/lang/java/avro/src/main/java/org/apache/avro/io/BinaryData.java/","org.apache.avro.io.BinaryData.Decoders","0","1","0","0","2","3","no"
"avro","release-1.5.1","/lang/java/compiler/src/main/java/org/apache/avro/compiler/specific/ProtocolTask.java/","org.apache.avro.compiler.specific.ProtocolTask","0","0","1","0","4","5","no"
"avro","release-1.5.1","/lang/java/avro/src/main/java/org/apache/avro/io/DirectBinaryDecoder.java/","org.apache.avro.io.DirectBinaryDecoder.ByteReader","0","0","1","1","0","2","yes"
"avro","release-1.5.1","/lang/java/avro/src/main/java/org/apache/avro/io/parsing/Symbol.java/","org.apache.avro.io.parsing.Symbol","0","1","1","0","22","24","yes"
"avro","release-1.5.1","/lang/java/mapred/src/main/java/org/apache/avro/mapred/tether/TetherKeyComparator.java/","org.apache.avro.mapred.tether.TetherKeyComparator","0","0","1","0","1","2","no"
"avro","release-1.5.1","/lang/java/mapred/src/main/java/org/apache/avro/mapred/AvroSerialization.java/","org.apache.avro.mapred.AvroSerialization","0","0","1","0","1","2","yes"
"avro","release-1.5.1","/lang/java/ipc/src/main/java/org/apache/avro/ipc/SaslSocketServer.java/","org.apache.avro.ipc.SaslSocketServer.SaslServerFactory","0","0","0","0","0","0","no"
"avro","release-1.5.1","/lang/java/avro/src/main/java/org/apache/avro/io/parsing/Symbol.java/","org.apache.avro.io.parsing.Symbol.EnumAdjustAction","0","0","0","0","2","2","yes"
"avro","release-1.5.1","/lang/java/ipc/src/main/java/org/apache/avro/ipc/generic/GenericRequestor.java/","org.apache.avro.ipc.generic.GenericRequestor","0","0","1","0","0","1","yes"
"avro","release-1.5.1","/lang/java/ipc/src/main/java/org/apache/avro/ipc/NettyTransportCodec.java/","org.apache.avro.ipc.NettyTransportCodec","0","0","0","0","4","4","no"
"avro","release-1.5.1","/lang/java/avro/src/main/java/org/apache/avro/file/DataFileWriter.java/","org.apache.avro.file.DataFileWriter","0","1","1","0","0","2","yes"
"avro","release-1.5.1","/lang/java/avro/src/main/java/org/apache/avro/io/parsing/Symbol.java/","org.apache.avro.io.parsing.Symbol.Sequence","0","1","1","0","5","7","yes"
"avro","release-1.5.1","/lang/java/avro/src/main/java/org/apache/avro/generic/GenericData.java/","org.apache.avro.generic.GenericData.Array","0","1","1","0","5","7","yes"
"avro","release-1.5.1","/lang/java/compiler/src/main/java/org/apache/avro/compiler/specific/SpecificCompiler.java/","org.apache.avro.compiler.specific.SpecificCompiler.Slf4jLogChute","0","1","1","0","3","5","yes"
"avro","release-1.5.1","/lang/java/avro/src/main/java/org/apache/avro/io/parsing/Symbol.java/","org.apache.avro.io.parsing.Symbol.FieldAdjustAction","0","0","0","0","0","0","yes"
"avro","release-1.5.1","/lang/java/avro/src/main/java/org/apache/avro/io/parsing/Symbol.java/","org.apache.avro.io.parsing.Symbol.Root","0","0","0","0","1","1","yes"
"avro","release-1.5.1","/lang/java/avro/src/main/java/org/apache/avro/io/BinaryDecoder.java/","org.apache.avro.io.BinaryDecoder","0","1","1","1","12","15","yes"
"avro","release-1.5.1","/lang/java/compiler/src/main/java/org/apache/avro/compiler/specific/SchemaTask.java/","org.apache.avro.compiler.specific.SchemaTask","0","0","1","0","0","1","no"
"avro","release-1.5.1","/lang/java/avro/src/main/java/org/apache/avro/io/BinaryDecoder.java/","org.apache.avro.io.BinaryDecoder.ByteArrayByteSource","0","1","1","0","0","2","yes"
"avro","release-1.5.1","/lang/java/mapred/src/main/java/org/apache/avro/mapred/HadoopReducerBase.java/","org.apache.avro.mapred.HadoopReducerBase.ReduceIterable","0","0","1","0","4","5","no"
"avro","release-1.5.1","/lang/java/mapred/src/main/java/org/apache/avro/mapred/AvroValue.java/","org.apache.avro.mapred.AvroValue","0","0","0","0","0","0","no"
"avro","release-1.5.1","/lang/java/ipc/src/main/java/org/apache/avro/ipc/stats/Histogram.java/","org.apache.avro.ipc.stats.Histogram.Entry","0","0","0","0","0","0","no"
"avro","release-1.5.1","/lang/java/avro/src/main/java/org/apache/avro/io/JsonDecoder.java/","org.apache.avro.io.JsonDecoder","0","1","1","1","0","3","yes"
"avro","release-1.5.1","/lang/java/ipc/src/main/java/org/apache/avro/ipc/DatagramServer.java/","org.apache.avro.ipc.DatagramServer","0","0","1","0","2","3","no"
"avro","release-1.5.1","/lang/java/ipc/src/main/java/org/apache/avro/ipc/stats/StatsServlet.java/","org.apache.avro.ipc.stats.StatsServlet.RenderableMessage","0","0","0","0","5","5","no"
"avro","release-1.5.1","/lang/java/ipc/src/main/java/org/apache/avro/ipc/NettyTransportCodec.java/","org.apache.avro.ipc.NettyTransportCodec.NettyFrameDecoder","0","0","1","0","4","5","no"
"avro","release-1.5.1","/lang/java/avro/src/main/java/org/apache/avro/io/parsing/Symbol.java/","org.apache.avro.io.parsing.Symbol.EnumLabelsAction","0","0","1","0","0","1","yes"
"avro","release-1.5.1","/lang/java/ipc/src/main/java/org/apache/avro/ipc/trace/SpanStorage.java/","org.apache.avro.ipc.trace.SpanStorage","0","0","0","0","0","0","no"
"avro","release-1.5.1","/lang/java/ipc/src/main/java/org/apache/avro/ipc/stats/StatsServer.java/","org.apache.avro.ipc.stats.StatsServer","0","0","0","0","0","0","no"
"avro","release-1.5.1","/lang/java/avro/src/main/java/org/apache/avro/generic/GenericFixed.java/","org.apache.avro.generic.GenericFixed","0","0","0","0","0","0","no"
"avro","release-1.5.1","/lang/java/avro/src/main/java/org/apache/avro/specific/SpecificExceptionBase.java/","org.apache.avro.specific.SpecificExceptionBase","0","0","1","0","2","3","no"
"avro","release-1.5.1","/lang/java/avro/src/main/java/org/apache/avro/specific/SpecificDatumReader.java/","org.apache.avro.specific.SpecificDatumReader","0","0","1","0","0","1","no"
"avro","release-1.5.1","/lang/java/avro/src/main/java/org/apache/avro/Schema.java/","org.apache.avro.Schema.RecordSchema","0","1","1","0","6","8","yes"
"avro","release-1.5.1","/lang/java/avro/src/main/java/org/apache/avro/io/parsing/Symbol.java/","org.apache.avro.io.parsing.Symbol.Terminal","0","0","0","0","1","1","yes"
"avro","release-1.5.1","/lang/java/avro/src/main/java/org/apache/avro/io/ValidatingDecoder.java/","org.apache.avro.io.ValidatingDecoder","0","1","1","0","2","4","no"
"avro","release-1.5.1","/lang/java/avro/src/main/java/org/apache/avro/Schema.java/","org.apache.avro.Schema.DoubleSchema","0","0","0","0","0","0","yes"
"avro","release-1.5.1","/lang/java/avro/src/main/java/org/apache/avro/io/parsing/SkipParser.java/","org.apache.avro.io.parsing.SkipParser.SkipHandler","0","0","0","0","0","0","no"
"avro","release-1.5.1","/lang/java/avro/src/main/java/org/apache/avro/io/ParsingEncoder.java/","org.apache.avro.io.ParsingEncoder","0","0","1","0","0","1","no"
"avro","release-1.5.1","/lang/java/mapred/src/main/java/org/apache/avro/mapred/FsInput.java/","org.apache.avro.mapred.FsInput","0","0","1","0","1","2","no"
"avro","release-1.5.1","/lang/java/ipc/src/main/java/org/apache/avro/ipc/stats/Stopwatch.java/","org.apache.avro.ipc.stats.Stopwatch","0","0","1","0","0","1","no"
"avro","release-1.5.1","/lang/java/avro/src/main/java/org/apache/avro/io/DirectBinaryEncoder.java/","org.apache.avro.io.DirectBinaryEncoder","0","0","1","0","0","1","no"
"avro","release-1.5.1","/lang/java/avro/src/main/java/org/apache/avro/Schema.java/","org.apache.avro.Schema.Props","0","0","1","0","0","1","yes"
"avro","release-1.5.1","/lang/java/ipc/src/main/java/org/apache/avro/ipc/SocketServer.java/","org.apache.avro.ipc.SocketServer.Connection","0","0","1","0","1","2","yes"
"avro","release-1.5.1","/lang/java/avro/src/main/java/org/apache/avro/io/BinaryData.java/","org.apache.avro.io.BinaryData","1","1","1","1","10","14","no"
"avro","release-1.5.1","/lang/java/ipc/src/main/java/org/apache/avro/ipc/specific/SpecificResponder.java/","org.apache.avro.ipc.specific.SpecificResponder","0","0","1","0","0","1","yes"
"avro","release-1.5.1","/lang/java/mapred/src/main/java/org/apache/avro/mapred/HadoopCombiner.java/","org.apache.avro.mapred.HadoopCombiner","0","0","1","0","0","1","no"
"avro","release-1.5.1","/lang/java/avro/src/main/java/org/apache/avro/io/parsing/Parser.java/","org.apache.avro.io.parsing.Parser","0","1","1","0","0","2","no"
"avro","release-1.5.1","/lang/java/avro/src/main/java/org/apache/avro/file/NullCodec.java/","org.apache.avro.file.NullCodec.Option","0","0","0","0","0","0","no"
"avro","release-1.5.1","/lang/java/ipc/src/main/java/org/apache/avro/ipc/stats/StaticServlet.java/","org.apache.avro.ipc.stats.StaticServlet","0","0","1","0","0","1","no"
"avro","release-1.5.1","/lang/java/ipc/src/main/java/org/apache/avro/ipc/trace/TracePluginConfiguration.java/","org.apache.avro.ipc.trace.TracePluginConfiguration","0","1","0","0","0","1","no"
"avro","release-1.5.1","/lang/java/mapred/src/main/java/org/apache/avro/mapred/HadoopReducerBase.java/","org.apache.avro.mapred.HadoopReducerBase","0","0","1","0","4","5","no"
"avro","release-1.5.1","/lang/java/avro/src/main/java/org/apache/avro/reflect/Stringable.java/","org.apache.avro.reflect.Stringable","0","0","0","0","0","0","no"
"avro","release-1.5.1","/lang/java/avro/src/main/java/org/apache/avro/io/parsing/Symbol.java/","org.apache.avro.io.parsing.Symbol.Alternative","0","1","1","0","1","3","yes"
"avro","release-1.5.1","/lang/java/avro/src/main/java/org/apache/avro/io/BinaryData.java/","org.apache.avro.io.BinaryData.HashData","0","0","0","0","0","0","no"
"avro","release-1.5.1","/lang/java/ipc/src/main/java/org/apache/avro/ipc/trace/TraceCollection.java/","org.apache.avro.ipc.trace.TraceCollection.TraceTiming","0","1","1","0","2","4","no"
"avro","release-1.5.1","/lang/java/avro/src/main/java/org/apache/avro/Schema.java/","org.apache.avro.Schema.UnionSchema","0","0","1","0","5","6","yes"
"avro","release-1.5.1","/lang/java/avro/src/main/java/org/apache/avro/generic/GenericData.java/","org.apache.avro.generic.GenericData.Record","0","0","1","0","0","1","yes"
"avro","release-1.5.1","/lang/java/ipc/src/main/java/org/apache/avro/ipc/SocketServer.java/","org.apache.avro.ipc.SocketServer","0","0","1","0","6","7","yes"
"avro","release-1.5.1","/lang/java/ipc/src/main/java/org/apache/avro/ipc/trace/StaticServlet.java/","org.apache.avro.ipc.trace.StaticServlet","0","0","1","0","0","1","no"
"avro","release-1.5.1","/lang/java/avro/src/main/java/org/apache/avro/util/ByteBufferInputStream.java/","org.apache.avro.util.ByteBufferInputStream","0","0","1","0","0","1","yes"
"avro","release-1.5.1","/lang/java/maven-plugin/src/main/java/org/apache/avro/mojo/IDLProtocolMojo.java/","org.apache.avro.mojo.IDLProtocolMojo","0","0","1","0","2","3","no"
"avro","release-1.5.2","/lang/java/ipc/src/main/java/org/apache/avro/ipc/trace/Util.java/","org.apache.avro.ipc.trace.Util","0","1","1","0","7","9","no"
"avro","release-1.5.2","/lang/java/avro/src/main/java/org/apache/avro/file/DataFileWriter.java/","org.apache.avro.file.DataFileWriter.BufferedFileOutputStream.PositionFilter","0","0","1","0","0","1","yes"
"avro","release-1.5.2","/lang/java/mapred/src/main/java/org/apache/avro/mapred/AvroSerialization.java/","org.apache.avro.mapred.AvroSerialization.AvroWrapperSerializer","0","0","1","0","0","1","yes"
"avro","release-1.5.2","/lang/java/avro/src/main/java/org/apache/avro/io/DirectBinaryDecoder.java/","org.apache.avro.io.DirectBinaryDecoder.ReuseByteReader","0","0","0","0","0","0","yes"
"avro","release-1.5.2","/lang/java/ipc/src/main/java/org/apache/avro/ipc/trace/TracePlugin.java/","org.apache.avro.ipc.trace.TracePlugin","1","1","1","0","2","5","no"
"avro","release-1.5.2","/lang/java/avro/src/main/java/org/apache/avro/generic/GenericDatumReader.java/","org.apache.avro.generic.GenericDatumReader","0","1","1","0","1","3","yes"
"avro","release-1.5.2","/lang/java/mapred/src/main/java/org/apache/avro/mapred/tether/TetherPartitioner.java/","org.apache.avro.mapred.tether.TetherPartitioner","0","0","1","0","0","1","no"
"avro","release-1.5.2","/lang/java/ipc/src/main/java/org/apache/avro/ipc/Requestor.java/","org.apache.avro.ipc.Requestor","0","1","1","0","4","6","yes"
"avro","release-1.5.2","/lang/java/avro/src/main/java/org/apache/avro/Schema.java/","org.apache.avro.Schema.StringSchema","0","0","0","0","0","0","yes"
"avro","release-1.5.2","/lang/java/compiler/src/main/java/org/apache/avro/compiler/specific/SpecificCompiler.java/","org.apache.avro.compiler.specific.SpecificCompiler","0","1","1","0","5","7","yes"
"avro","release-1.5.2","/lang/java/mapred/src/main/java/org/apache/avro/mapred/HadoopReducer.java/","org.apache.avro.mapred.HadoopReducer.ReduceCollector","0","0","1","0","0","1","no"
"avro","release-1.5.2","/lang/java/avro/src/main/java/org/apache/avro/io/BinaryDecoder.java/","org.apache.avro.io.BinaryDecoder.BufferAccessor","0","1","1","0","2","4","yes"
"avro","release-1.5.2","/lang/java/avro/src/main/java/org/apache/avro/specific/SpecificDatumWriter.java/","org.apache.avro.specific.SpecificDatumWriter","0","0","1","0","0","1","no"
"avro","release-1.5.2","/lang/java/avro/src/main/java/org/apache/avro/io/BinaryEncoder.java/","org.apache.avro.io.BinaryEncoder","0","0","1","0","0","1","no"
"avro","release-1.5.2","/lang/java/ipc/src/main/java/org/apache/avro/ipc/trace/TraceCollection.java/","org.apache.avro.ipc.trace.TraceCollection.TraceNodeStats","0","1","1","0","0","2","no"
"avro","release-1.5.2","/lang/java/ipc/src/main/java/org/apache/avro/ipc/RPCPlugin.java/","org.apache.avro.ipc.RPCPlugin","0","0","0","0","0","0","no"
"avro","release-1.5.2","/lang/java/ipc/src/main/java/org/apache/avro/ipc/trace/Trace.java/","org.apache.avro.ipc.trace.Trace.NodeComparator","0","1","1","0","0","2","no"
"avro","release-1.5.2","/lang/java/avro/src/main/java/org/apache/avro/file/DeflateCodec.java/","org.apache.avro.file.DeflateCodec.Option","0","0","0","0","0","0","no"
"avro","release-1.5.2","/lang/java/ipc/src/main/java/org/apache/avro/ipc/trace/SpanAggregator.java/","org.apache.avro.ipc.trace.SpanAggregator","1","1","1","0","4","7","no"
"avro","release-1.5.2","/lang/java/mapred/src/main/java/org/apache/avro/mapred/tether/TetheredProcess.java/","org.apache.avro.mapred.tether.TetheredProcess","0","1","1","0","1","3","yes"
"avro","release-1.5.2","/lang/java/avro/src/main/java/org/apache/avro/io/Encoder.java/","org.apache.avro.io.Encoder","0","1","1","0","0","2","no"
"avro","release-1.5.2","/lang/java/ipc/src/main/java/org/apache/avro/ipc/Ipc.java/","org.apache.avro.ipc.Ipc","0","0","1","0","0","1","no"
"avro","release-1.5.2","/lang/java/avro/src/main/java/org/apache/avro/io/parsing/Symbol.java/","org.apache.avro.io.parsing.Symbol.Kind","0","0","0","0","0","0","yes"
"avro","release-1.5.2","/lang/java/avro/src/main/java/org/apache/avro/Schema.java/","org.apache.avro.Schema.Names","0","0","1","0","0","1","yes"
"avro","release-1.5.2","/lang/java/mapred/src/main/java/org/apache/avro/mapred/SequenceFileInputFormat.java/","org.apache.avro.mapred.SequenceFileInputFormat","0","0","1","0","0","1","no"
"avro","release-1.5.2","/lang/java/avro/src/main/java/org/apache/avro/generic/IndexedRecord.java/","org.apache.avro.generic.IndexedRecord","0","0","0","0","0","0","no"
"avro","release-1.5.2","/lang/java/avro/src/main/java/org/apache/avro/Protocol.java/","org.apache.avro.Protocol.Message","0","1","1","0","3","5","yes"
"avro","release-1.5.2","/lang/java/avro/src/main/java/org/apache/avro/io/parsing/Symbol.java/","org.apache.avro.io.parsing.Symbol.ResolvingAction","0","0","1","0","0","1","yes"
"avro","release-1.5.2","/lang/java/avro/src/main/java/org/apache/avro/Schema.java/","org.apache.avro.Schema.NamedSchema","0","1","1","0","9","11","yes"
"avro","release-1.5.2","/lang/java/tools/src/main/java/org/apache/avro/tool/DataFileReadTool.java/","org.apache.avro.tool.DataFileReadTool","0","0","1","0","0","1","yes"
"avro","release-1.5.2","/lang/java/ipc/src/main/java/org/apache/avro/ipc/Responder.java/","org.apache.avro.ipc.Responder","1","1","1","0","2","5","no"
"avro","release-1.5.2","/lang/java/ipc/src/main/java/org/apache/avro/ipc/Requestor.java/","org.apache.avro.ipc.Requestor.Response","0","0","1","0","0","1","yes"
"avro","release-1.5.2","/lang/java/avro/src/main/java/org/apache/avro/io/parsing/Symbol.java/","org.apache.avro.io.parsing.Symbol.FieldOrderAction","0","0","0","0","2","2","yes"
"avro","release-1.5.2","/lang/java/avro/src/main/java/org/apache/avro/Schema.java/","org.apache.avro.Schema.FixedSchema","0","0","1","0","4","5","yes"
"avro","release-1.5.2","/lang/java/avro/src/main/java/org/apache/avro/file/FileReader.java/","org.apache.avro.file.FileReader","0","0","0","0","0","0","no"
"avro","release-1.5.2","/lang/java/tools/src/main/java/org/apache/avro/tool/RpcReceiveTool.java/","org.apache.avro.tool.RpcReceiveTool","0","0","1","1","1","3","yes"
"avro","release-1.5.2","/lang/java/ipc/src/main/java/org/apache/avro/ipc/trace/TracePlugin.java/","org.apache.avro.ipc.trace.TracePlugin.StorageType","0","0","0","0","0","0","no"
"avro","release-1.5.2","/lang/java/ipc/src/main/java/org/apache/avro/ipc/Requestor.java/","org.apache.avro.ipc.Requestor.TransceiverCallback","0","0","1","0","2","3","yes"
"avro","release-1.5.2","/lang/java/tools/src/main/java/org/apache/avro/tool/RpcReceiveTool.java/","org.apache.avro.tool.RpcReceiveTool.SinkResponder","0","0","1","0","0","1","yes"
"avro","release-1.5.2","/lang/java/mapred/src/main/java/org/apache/avro/mapred/Pair.java/","org.apache.avro.mapred.Pair","0","1","1","0","0","2","no"
"avro","release-1.5.2","/lang/java/avro/src/main/java/org/apache/avro/io/parsing/SkipParser.java/","org.apache.avro.io.parsing.SkipParser","0","1","1","0","0","2","no"
"avro","release-1.5.2","/lang/java/tools/src/main/java/org/apache/avro/tool/Util.java/","org.apache.avro.tool.Util","0","0","1","0","4","5","yes"
"avro","release-1.5.2","/lang/java/ipc/src/main/java/org/apache/avro/ipc/SaslSocketServer.java/","org.apache.avro.ipc.SaslSocketServer","0","0","1","0","12","13","no"
"avro","release-1.5.2","/lang/java/mapred/src/main/java/org/apache/avro/mapred/SequenceFileReader.java/","org.apache.avro.mapred.SequenceFileReader","0","1","1","0","11","13","no"
"avro","release-1.5.2","/lang/java/tools/src/main/java/org/apache/avro/tool/DataFileGetSchemaTool.java/","org.apache.avro.tool.DataFileGetSchemaTool","0","0","1","0","0","1","no"
"avro","release-1.5.2","/lang/java/mapred/src/main/java/org/apache/avro/mapred/AvroWrapper.java/","org.apache.avro.mapred.AvroWrapper","0","0","1","0","2","3","no"
"avro","release-1.5.2","/lang/java/ipc/src/main/java/org/apache/avro/ipc/stats/FloatHistogram.java/","org.apache.avro.ipc.stats.FloatHistogram","0","0","1","0","0","1","no"
"avro","release-1.5.2","/lang/java/ipc/src/main/java/org/apache/avro/ipc/NettyTransceiver.java/","org.apache.avro.ipc.NettyTransceiver","0","1","1","0","6","8","yes"
"avro","release-1.5.2","/lang/java/ipc/src/main/java/org/apache/avro/ipc/NettyServer.java/","org.apache.avro.ipc.NettyServer.NettyServerAvroHandler","0","0","1","0","2","3","no"
"avro","release-1.5.2","/lang/java/ipc/src/main/java/org/apache/avro/ipc/NettyServer.java/","org.apache.avro.ipc.NettyServer","0","0","1","0","2","3","no"
"avro","release-1.5.2","/lang/java/ipc/src/main/java/org/apache/avro/ipc/trace/TracePlugin.java/","org.apache.avro.ipc.trace.TracePlugin.TraceResponder","0","0","0","0","0","0","no"
"avro","release-1.5.2","/lang/java/avro/src/main/java/org/apache/avro/io/ResolvingDecoder.java/","org.apache.avro.io.ResolvingDecoder","0","1","1","1","0","3","no"
"avro","release-1.5.2","/lang/java/avro/src/main/java/org/apache/avro/reflect/ReflectData.java/","org.apache.avro.reflect.ReflectData","1","1","1","0","4","7","yes"
"avro","release-1.5.2","/lang/java/avro/src/main/java/org/apache/avro/io/EncoderFactory.java/","org.apache.avro.io.EncoderFactory","0","1","1","0","2","4","no"
"avro","release-1.5.2","/lang/java/avro/src/main/java/org/apache/avro/Protocol.java/","org.apache.avro.Protocol.TwoWayMessage","0","1","1","0","0","2","yes"
"avro","release-1.5.2","/lang/java/avro/src/main/java/org/apache/avro/Schema.java/","org.apache.avro.Schema.BooleanSchema","0","0","0","0","0","0","yes"
"avro","release-1.5.2","/lang/java/mapred/src/main/java/org/apache/avro/mapred/SequenceFileReader.java/","org.apache.avro.mapred.SequenceFileReader.WritableData","0","0","1","0","0","1","no"
"avro","release-1.5.2","/lang/java/avro/src/main/java/org/apache/avro/Schema.java/","org.apache.avro.Schema.BytesSchema","0","0","0","0","0","0","yes"
"avro","release-1.5.2","/lang/java/mapred/src/main/java/org/apache/avro/mapred/HadoopCombiner.java/","org.apache.avro.mapred.HadoopCombiner.PairCollector","0","0","1","0","0","1","no"
"avro","release-1.5.2","/lang/java/ipc/src/main/java/org/apache/avro/ipc/generic/GenericResponder.java/","org.apache.avro.ipc.generic.GenericResponder","0","0","1","0","1","2","no"
"avro","release-1.5.2","/lang/java/ipc/src/main/java/org/apache/avro/ipc/NettyTransportCodec.java/","org.apache.avro.ipc.NettyTransportCodec.NettyDataPack","0","0","0","0","0","0","no"
"avro","release-1.5.2","/lang/java/avro/src/main/java/org/apache/avro/Schema.java/","org.apache.avro.Schema.FloatSchema","0","0","0","0","0","0","yes"
"avro","release-1.5.2","/lang/java/avro/src/main/java/org/apache/avro/file/LengthLimitedInputStream.java/","org.apache.avro.file.LengthLimitedInputStream","0","0","1","0","1","2","no"
"avro","release-1.5.2","/lang/java/avro/src/main/java/org/apache/avro/file/DataFileConstants.java/","org.apache.avro.file.DataFileConstants","0","0","0","0","0","0","no"
"avro","release-1.5.2","/lang/java/ipc/src/main/java/org/apache/avro/ipc/stats/Histogram.java/","org.apache.avro.ipc.stats.Histogram.Segmenter","0","0","0","0","0","0","no"
"avro","release-1.5.2","/lang/java/avro/src/main/java/org/apache/avro/reflect/Union.java/","org.apache.avro.reflect.Union","0","0","0","0","0","0","no"
"avro","release-1.5.2","/lang/java/ipc/src/main/java/org/apache/avro/ipc/stats/Stopwatch.java/","org.apache.avro.ipc.stats.Stopwatch.SystemTicks","0","0","1","0","0","1","no"
"avro","release-1.5.2","/lang/java/ipc/src/main/java/org/apache/avro/ipc/trace/TraceCollection.java/","org.apache.avro.ipc.trace.TraceCollection","0","1","1","0","6","8","no"
"avro","release-1.5.2","/lang/java/avro/src/main/java/org/apache/avro/Schema.java/","org.apache.avro.Schema.LockableArrayList","0","0","0","0","8","8","yes"
"avro","release-1.5.2","/lang/java/avro/src/main/java/org/apache/avro/AvroRuntimeException.java/","org.apache.avro.AvroRuntimeException","0","0","0","0","0","0","no"
"avro","release-1.5.2","/lang/java/mapred/src/main/java/org/apache/avro/mapred/AvroOutputFormat.java/","org.apache.avro.mapred.AvroOutputFormat","0","0","1","0","0","1","no"
"avro","release-1.5.2","/lang/java/avro/src/main/java/org/apache/avro/io/ParsingDecoder.java/","org.apache.avro.io.ParsingDecoder","0","1","1","0","0","2","no"
"avro","release-1.5.2","/lang/java/maven-plugin/src/main/java/org/apache/avro/mojo/ProtocolMojo.java/","org.apache.avro.mojo.ProtocolMojo","0","0","1","0","2","3","yes"
"avro","release-1.5.2","/lang/java/mapred/src/main/java/org/apache/avro/mapred/AvroUtf8InputFormat.java/","org.apache.avro.mapred.AvroUtf8InputFormat.Utf8LineRecordReader","0","0","1","0","0","1","no"
"avro","release-1.5.2","/lang/java/ipc/src/main/java/org/apache/avro/ipc/SocketTransceiver.java/","org.apache.avro.ipc.SocketTransceiver","0","0","1","0","2","3","yes"
"avro","release-1.5.2","/lang/java/avro/src/main/java/org/apache/avro/Schema.java/","org.apache.avro.Schema.MapSchema","0","0","1","0","4","5","yes"
"avro","release-1.5.2","/lang/java/avro/src/main/java/org/apache/avro/io/parsing/Symbol.java/","org.apache.avro.io.parsing.Symbol.Repeater","0","0","1","0","1","2","yes"
"avro","release-1.5.2","/lang/java/mapred/src/main/java/org/apache/avro/mapred/tether/TetherKeySerialization.java/","org.apache.avro.mapred.tether.TetherKeySerialization","0","0","1","0","1","2","no"
"avro","release-1.5.2","/lang/java/avro/src/main/java/org/apache/avro/reflect/ReflectDatumWriter.java/","org.apache.avro.reflect.ReflectDatumWriter","0","0","1","0","6","7","yes"
"avro","release-1.5.2","/lang/java/avro/src/main/java/org/apache/avro/reflect/ReflectData.java/","org.apache.avro.reflect.ReflectData.AllowNull","0","0","0","0","1","1","yes"
"avro","release-1.5.2","/lang/java/avro/src/main/java/org/apache/avro/file/DataFileStream.java/","org.apache.avro.file.DataFileStream.DataBlock","0","1","1","0","1","3","yes"
"avro","release-1.5.2","/lang/java/mapred/src/main/java/org/apache/avro/mapred/AvroSerialization.java/","org.apache.avro.mapred.AvroSerialization.AvroWrapperDeserializer","0","0","1","0","1","2","yes"
"avro","release-1.5.2","/lang/java/mapred/src/main/java/org/apache/avro/mapred/AvroCollector.java/","org.apache.avro.mapred.AvroCollector","0","0","0","0","0","0","no"
"avro","release-1.5.2","/lang/java/avro/src/main/java/org/apache/avro/io/parsing/ValidatingGrammarGenerator.java/","org.apache.avro.io.parsing.ValidatingGrammarGenerator.LitS","0","0","1","0","2","3","no"
"avro","release-1.5.2","/lang/java/avro/src/main/java/org/apache/avro/specific/SpecificRecord.java/","org.apache.avro.specific.SpecificRecord","0","0","0","0","0","0","no"
"avro","release-1.5.2","/lang/java/ipc/src/main/java/org/apache/avro/ipc/stats/StatsPlugin.java/","org.apache.avro.ipc.stats.StatsPlugin","0","1","1","1","0","3","no"
"avro","release-1.5.2","/lang/java/mapred/src/main/java/org/apache/avro/mapred/tether/TetherData.java/","org.apache.avro.mapred.tether.TetherData","0","0","0","0","0","0","no"
"avro","release-1.5.2","/lang/java/tools/src/main/java/org/apache/avro/tool/SpecificCompilerTool.java/","org.apache.avro.tool.SpecificCompilerTool","0","0","1","0","2","3","yes"
"avro","release-1.5.2","/lang/java/avro/src/main/java/org/apache/avro/io/parsing/Symbol.java/","org.apache.avro.io.parsing.Symbol.WriterUnionAction","0","0","0","0","0","0","yes"
"avro","release-1.5.2","/lang/java/avro/src/main/java/org/apache/avro/file/DataFileStream.java/","org.apache.avro.file.DataFileStream","0","1","1","1","3","6","yes"
"avro","release-1.5.2","/lang/java/avro/src/main/java/org/apache/avro/file/DeflateCodec.java/","org.apache.avro.file.DeflateCodec","0","0","1","0","1","2","no"
"avro","release-1.5.2","/lang/java/avro/src/main/java/org/apache/avro/specific/SpecificData.java/","org.apache.avro.specific.SpecificData","1","1","1","0","1","4","yes"
"avro","release-1.5.2","/lang/java/ipc/src/main/java/org/apache/avro/ipc/NettyTransceiver.java/","org.apache.avro.ipc.NettyTransceiver.NettyClientAvroHandler","0","0","1","0","3","4","yes"
"avro","release-1.5.2","/lang/java/avro/src/main/java/org/apache/avro/reflect/Nullable.java/","org.apache.avro.reflect.Nullable","0","0","0","0","0","0","no"
"avro","release-1.5.2","/lang/java/tools/src/main/java/org/apache/avro/tool/FromTextTool.java/","org.apache.avro.tool.FromTextTool","1","0","1","0","6","8","yes"
"avro","release-1.5.2","/lang/java/avro/src/main/java/org/apache/avro/io/BufferedBinaryEncoder.java/","org.apache.avro.io.BufferedBinaryEncoder.ByteSink","0","0","0","0","0","0","no"
"avro","release-1.5.2","/lang/java/mapred/src/main/java/org/apache/avro/mapred/AvroRecordReader.java/","org.apache.avro.mapred.AvroRecordReader","0","0","1","0","0","1","no"
"avro","release-1.5.2","/lang/java/ipc/src/main/java/org/apache/avro/ipc/SaslSocketTransceiver.java/","org.apache.avro.ipc.SaslSocketTransceiver.Status","0","0","0","0","0","0","yes"
"avro","release-1.5.2","/lang/java/avro/src/main/java/org/apache/avro/io/parsing/ResolvingGrammarGenerator.java/","org.apache.avro.io.parsing.ResolvingGrammarGenerator","1","1","1","1","10","14","yes"
"avro","release-1.5.2","/lang/java/mapred/src/main/java/org/apache/avro/mapred/SequenceFileRecordReader.java/","org.apache.avro.mapred.SequenceFileRecordReader","0","0","0","0","0","0","no"
"avro","release-1.5.2","/lang/java/ipc/src/main/java/org/apache/avro/ipc/stats/Histogram.java/","org.apache.avro.ipc.stats.Histogram","0","1","1","0","7","9","no"
"avro","release-1.5.2","/lang/java/ipc/src/main/java/org/apache/avro/ipc/RPCContext.java/","org.apache.avro.ipc.RPCContext","0","1","1","0","1","3","no"
"avro","release-1.5.2","/lang/java/avro/src/main/java/org/apache/avro/io/BlockingBinaryEncoder.java/","org.apache.avro.io.BlockingBinaryEncoder","1","1","1","0","1","4","no"
"avro","release-1.5.2","/lang/java/avro/src/main/java/org/apache/avro/io/parsing/JsonGrammarGenerator.java/","org.apache.avro.io.parsing.JsonGrammarGenerator","0","1","1","1","0","3","yes"
"avro","release-1.5.2","/lang/java/mapred/src/main/java/org/apache/avro/mapred/tether/TetherOutputService.java/","org.apache.avro.mapred.tether.TetherOutputService","0","1","1","0","2","4","no"
"avro","release-1.5.2","/lang/java/ipc/src/main/java/org/apache/avro/ipc/trace/TraceCollection.java/","org.apache.avro.ipc.trace.TraceCollection.TraceComparotor","0","0","1","0","0","1","no"
"avro","release-1.5.2","/lang/java/maven-plugin/src/main/java/org/apache/avro/mojo/SchemaMojo.java/","org.apache.avro.mojo.SchemaMojo","0","0","1","0","2","3","yes"
"avro","release-1.5.2","/lang/java/avro/src/main/java/org/apache/avro/Schema.java/","org.apache.avro.Schema.NullSchema","0","0","0","0","0","0","yes"
"avro","release-1.5.2","/lang/java/mapred/src/main/java/org/apache/avro/mapred/AvroUtf8InputFormat.java/","org.apache.avro.mapred.AvroUtf8InputFormat","0","0","1","0","0","1","no"
"avro","release-1.5.2","/lang/java/ipc/src/main/java/org/apache/avro/ipc/Callback.java/","org.apache.avro.ipc.Callback","0","0","0","0","0","0","no"
"avro","release-1.5.2","/lang/java/avro/src/main/java/org/apache/avro/io/BinaryDecoder.java/","org.apache.avro.io.BinaryDecoder.InputStreamByteSource","0","1","1","0","4","6","yes"
"avro","release-1.5.2","/lang/java/avro/src/main/java/org/apache/avro/generic/GenericData.java/","org.apache.avro.generic.GenericData.EnumSymbol","0","0","1","0","0","1","yes"
"avro","release-1.5.2","/lang/java/avro/src/main/java/org/apache/avro/io/parsing/Symbol.java/","org.apache.avro.io.parsing.Symbol.IntCheckAction","0","0","0","0","0","0","yes"
"avro","release-1.5.2","/lang/java/avro/src/main/java/org/apache/avro/UnresolvedUnionException.java/","org.apache.avro.UnresolvedUnionException","0","0","0","0","0","0","no"
"avro","release-1.5.2","/lang/java/tools/src/main/java/org/apache/avro/tool/Main.java/","org.apache.avro.tool.Main","0","1","1","0","6","8","yes"
"avro","release-1.5.2","/lang/java/mapred/src/main/java/org/apache/avro/mapred/tether/TetherOutputFormat.java/","org.apache.avro.mapred.tether.TetherOutputFormat","0","0","1","0","0","1","no"
"avro","release-1.5.2","/lang/java/mapred/src/main/java/org/apache/avro/mapred/AvroKey.java/","org.apache.avro.mapred.AvroKey","0","0","0","0","0","0","no"
"avro","release-1.5.2","/lang/java/ipc/src/main/java/org/apache/avro/ipc/trace/TraceNode.java/","org.apache.avro.ipc.trace.TraceNode","0","1","1","0","0","2","no"
"avro","release-1.5.2","/lang/java/avro/src/main/java/org/apache/avro/Schema.java/","org.apache.avro.Schema.ArraySchema","0","0","1","0","4","5","yes"
"avro","release-1.5.2","/lang/java/ipc/src/main/java/org/apache/avro/ipc/trace/SpanAggregator.java/","org.apache.avro.ipc.trace.SpanAggregator.SpanAggregationResults","0","0","0","0","0","0","no"
"avro","release-1.5.2","/lang/java/avro/src/main/java/org/apache/avro/io/BinaryDecoder.java/","org.apache.avro.io.BinaryDecoder.ByteSource","0","1","1","0","0","2","yes"
"avro","release-1.5.2","/lang/java/avro/src/main/java/org/apache/avro/file/SnappyCodec.java/","org.apache.avro.file.SnappyCodec","0","0","1","0","0","1","yes"
"avro","release-1.5.2","/lang/java/avro/src/main/java/org/apache/avro/generic/GenericData.java/","org.apache.avro.generic.GenericData","1","1","1","1","10","14","yes"
"avro","release-1.5.2","/lang/java/mapred/src/main/java/org/apache/avro/mapred/tether/TetherKeySerialization.java/","org.apache.avro.mapred.tether.TetherKeySerialization.TetherDataDeserializer","0","0","1","0","1","2","no"
"avro","release-1.5.2","/lang/java/ipc/src/main/java/org/apache/avro/ipc/stats/Histogram.java/","org.apache.avro.ipc.stats.Histogram.EntryIterator","0","0","1","0","0","1","no"
"avro","release-1.5.2","/lang/java/avro/src/main/java/org/apache/avro/io/DecoderFactory.java/","org.apache.avro.io.DecoderFactory","0","1","1","1","1","4","no"
"avro","release-1.5.2","/lang/java/avro/src/main/java/org/apache/avro/file/CodecFactory.java/","org.apache.avro.file.CodecFactory","0","0","1","0","0","1","no"
"avro","release-1.5.2","/lang/java/avro/src/main/java/org/apache/avro/AvroTypeException.java/","org.apache.avro.AvroTypeException","0","0","0","0","0","0","no"
"avro","release-1.5.2","/lang/java/avro/src/main/java/org/apache/avro/Schema.java/","org.apache.avro.Schema.Field","0","1","1","0","3","5","yes"
"avro","release-1.5.2","/lang/java/ipc/src/main/java/org/apache/avro/ipc/HttpTransceiver.java/","org.apache.avro.ipc.HttpTransceiver","0","0","1","0","0","1","yes"
"avro","release-1.5.2","/lang/java/avro/src/main/java/org/apache/avro/file/DataFileReader.java/","org.apache.avro.file.DataFileReader.SeekableInputStream","0","0","1","0","0","1","yes"
"avro","release-1.5.2","/lang/java/maven-plugin/src/main/java/org/apache/avro/mojo/AbstractAvroMojo.java/","org.apache.avro.mojo.AbstractAvroMojo","0","0","1","0","1","2","yes"
"avro","release-1.5.2","/lang/java/ipc/src/main/java/org/apache/avro/ipc/trace/SpanAggregator.java/","org.apache.avro.ipc.trace.SpanAggregator.TraceFormationResults","0","0","0","0","0","0","no"
"avro","release-1.5.2","/lang/java/avro/src/main/java/org/apache/avro/generic/GenericRecord.java/","org.apache.avro.generic.GenericRecord","0","0","0","0","0","0","no"
"avro","release-1.5.2","/lang/java/avro/src/main/java/org/apache/avro/io/DecoderFactory.java/","org.apache.avro.io.DecoderFactory.DefaultDecoderFactory","0","0","0","0","0","0","no"
"avro","release-1.5.2","/lang/java/ipc/src/main/java/org/apache/avro/ipc/ResponderServlet.java/","org.apache.avro.ipc.ResponderServlet","0","0","1","0","0","1","no"
"avro","release-1.5.2","/lang/java/avro/src/main/java/org/apache/avro/generic/GenericData.java/","org.apache.avro.generic.GenericData.Fixed","0","1","1","0","4","6","yes"
"avro","release-1.5.2","/lang/java/avro/src/main/java/org/apache/avro/Schema.java/","org.apache.avro.Schema.Name","0","1","1","0","4","6","yes"
"avro","release-1.5.2","/lang/java/mapred/src/main/java/org/apache/avro/mapred/tether/TetherReducer.java/","org.apache.avro.mapred.tether.TetherReducer","0","1","1","0","0","2","no"
"avro","release-1.5.2","/lang/java/avro/src/main/java/org/apache/avro/io/BufferedBinaryEncoder.java/","org.apache.avro.io.BufferedBinaryEncoder.OutputStreamSink","0","0","1","0","0","1","no"
"avro","release-1.5.2","/lang/java/avro/src/main/java/org/apache/avro/SchemaParseException.java/","org.apache.avro.SchemaParseException","0","0","0","0","0","0","no"
"avro","release-1.5.2","/lang/java/avro/src/main/java/org/apache/avro/io/parsing/Symbol.java/","org.apache.avro.io.parsing.Symbol.SkipAction","0","0","1","0","0","1","yes"
"avro","release-1.5.2","/lang/java/tools/src/main/java/org/apache/avro/tool/JsonToBinaryFragmentTool.java/","org.apache.avro.tool.JsonToBinaryFragmentTool","0","0","1","1","2","4","yes"
"avro","release-1.5.2","/lang/java/avro/src/main/java/org/apache/avro/io/BlockingBinaryEncoder.java/","org.apache.avro.io.BlockingBinaryEncoder.BlockedValue.State","0","0","0","0","0","0","no"
"avro","release-1.5.2","/lang/java/mapred/src/main/java/org/apache/avro/mapred/tether/TetherKeySerialization.java/","org.apache.avro.mapred.tether.TetherKeySerialization.TetherDataSerializer","0","0","1","0","0","1","no"
"avro","release-1.5.2","/lang/java/ipc/src/main/java/org/apache/avro/ipc/reflect/ReflectResponder.java/","org.apache.avro.ipc.reflect.ReflectResponder","0","0","0","0","1","1","no"
"avro","release-1.5.2","/lang/java/avro/src/main/java/org/apache/avro/Schema.java/","org.apache.avro.Schema.Field.Order","0","0","0","0","0","0","yes"
"avro","release-1.5.2","/lang/java/ipc/src/main/java/org/apache/avro/ipc/NettyTransportCodec.java/","org.apache.avro.ipc.NettyTransportCodec.NettyFrameEncoder","0","0","1","0","0","1","no"
"avro","release-1.5.2","/lang/java/ipc/src/main/java/org/apache/avro/ipc/HttpServer.java/","org.apache.avro.ipc.HttpServer","0","0","1","0","0","1","no"
"avro","release-1.5.2","/lang/java/tools/src/main/java/org/apache/avro/tool/InduceSchemaTool.java/","org.apache.avro.tool.InduceSchemaTool","0","0","1","0","4","5","no"
"avro","release-1.5.2","/lang/java/avro/src/main/java/org/apache/avro/io/DirectBinaryDecoder.java/","org.apache.avro.io.DirectBinaryDecoder","0","1","1","0","3","5","yes"
"avro","release-1.5.2","/lang/java/ipc/src/main/java/org/apache/avro/ipc/Requestor.java/","org.apache.avro.ipc.Requestor.Request","0","1","1","0","0","2","yes"
"avro","release-1.5.2","/lang/java/mapred/src/main/java/org/apache/avro/mapred/HadoopMapper.java/","org.apache.avro.mapred.HadoopMapper.MapCollector","0","0","1","0","0","1","no"
"avro","release-1.5.2","/lang/java/ipc/src/main/java/org/apache/avro/ipc/SaslSocketTransceiver.java/","org.apache.avro.ipc.SaslSocketTransceiver.SaslParticipant","0","0","1","0","0","1","yes"
"avro","release-1.5.2","/lang/java/ipc/src/main/java/org/apache/avro/ipc/trace/TraceClientServlet.java/","org.apache.avro.ipc.trace.TraceClientServlet","0","1","1","1","6","9","no"
"avro","release-1.5.2","/lang/java/avro/src/main/java/org/apache/avro/file/SeekableInput.java/","org.apache.avro.file.SeekableInput","0","0","0","0","0","0","no"
"avro","release-1.5.2","/lang/java/ipc/src/main/java/org/apache/avro/ipc/specific/SpecificRequestor.java/","org.apache.avro.ipc.specific.SpecificRequestor","0","0","1","0","0","1","yes"
"avro","release-1.5.2","/lang/java/avro/src/main/java/org/apache/avro/io/EncoderFactory.java/","org.apache.avro.io.EncoderFactory.DefaultEncoderFactory","0","0","0","0","0","0","no"
"avro","release-1.5.2","/lang/java/mapred/src/main/java/org/apache/avro/mapred/AvroAsTextInputFormat.java/","org.apache.avro.mapred.AvroAsTextInputFormat","0","0","1","0","0","1","no"
"avro","release-1.5.2","/lang/java/avro/src/main/java/org/apache/avro/io/DatumReader.java/","org.apache.avro.io.DatumReader","0","0","0","0","0","0","no"
"avro","release-1.5.2","/lang/java/mapred/src/main/java/org/apache/avro/mapred/AvroTextOutputFormat.java/","org.apache.avro.mapred.AvroTextOutputFormat.AvroTextRecordWriter","0","0","1","0","3","4","yes"
"avro","release-1.5.2","/lang/java/mapred/src/main/java/org/apache/avro/mapred/AvroAsTextRecordReader.java/","org.apache.avro.mapred.AvroAsTextRecordReader","0","0","1","0","0","1","no"
"avro","release-1.5.2","/lang/java/tools/src/main/java/org/apache/avro/tool/DataFileWriteTool.java/","org.apache.avro.tool.DataFileWriteTool","1","0","1","0","2","4","yes"
"avro","release-1.5.2","/lang/java/avro/src/main/java/org/apache/avro/specific/SpecificDatumReader.java/","org.apache.avro.specific.SpecificDatumReader.SchemaConstructable","0","0","0","0","0","0","no"
"avro","release-1.5.2","/lang/java/avro/src/main/java/org/apache/avro/AvroRemoteException.java/","org.apache.avro.AvroRemoteException","0","0","0","0","0","0","yes"
"avro","release-1.5.2","/lang/java/tools/src/main/java/org/apache/avro/tool/BinaryFragmentToJsonTool.java/","org.apache.avro.tool.BinaryFragmentToJsonTool","0","0","1","1","2","4","yes"
"avro","release-1.5.2","/lang/java/avro/src/main/java/org/apache/avro/file/DataFileWriter.java/","org.apache.avro.file.DataFileWriter.NonCopyingByteArrayOutputStream","0","0","1","0","0","1","yes"
"avro","release-1.5.2","/lang/java/compiler/src/main/java/org/apache/avro/compiler/specific/SpecificCompiler.java/","org.apache.avro.compiler.specific.SpecificCompiler.OutputFile","0","0","1","0","1","2","yes"
"avro","release-1.5.2","/lang/java/avro/src/main/java/org/apache/avro/generic/GenericArray.java/","org.apache.avro.generic.GenericArray","0","0","0","0","0","0","no"
"avro","release-1.5.2","/lang/java/avro/src/main/java/org/apache/avro/Schema.java/","org.apache.avro.Schema.Type","0","0","0","0","0","0","yes"
"avro","release-1.5.2","/lang/java/avro/src/main/java/org/apache/avro/io/parsing/Symbol.java/","org.apache.avro.io.parsing.Symbol.UnionAdjustAction","0","0","1","0","0","1","yes"
"avro","release-1.5.2","/lang/java/avro/src/main/java/org/apache/avro/file/SeekableFileInput.java/","org.apache.avro.file.SeekableFileInput","0","0","1","0","0","1","no"
"avro","release-1.5.2","/lang/java/avro/src/main/java/org/apache/avro/specific/FixedSize.java/","org.apache.avro.specific.FixedSize","0","0","0","0","0","0","no"
"avro","release-1.5.2","/lang/java/avro/src/main/java/org/apache/avro/Schema.java/","org.apache.avro.Schema.SeenPair","0","1","1","0","2","4","yes"
"avro","release-1.5.2","/lang/java/avro/src/main/java/org/apache/avro/Schema.java/","org.apache.avro.Schema","1","1","1","0","83","86","yes"
"avro","release-1.5.2","/lang/java/avro/src/main/java/org/apache/avro/io/parsing/Symbol.java/","org.apache.avro.io.parsing.Symbol.DefaultStartAction","0","0","0","0","1","1","yes"
"avro","release-1.5.2","/lang/java/avro/src/main/java/org/apache/avro/file/Codec.java/","org.apache.avro.file.Codec","0","0","0","0","0","0","no"
"avro","release-1.5.2","/lang/java/avro/src/main/java/org/apache/avro/io/ValidatingEncoder.java/","org.apache.avro.io.ValidatingEncoder","0","1","1","0","0","2","no"
"avro","release-1.5.2","/lang/java/ipc/src/main/java/org/apache/avro/ipc/trace/FileSpanStorage.java/","org.apache.avro.ipc.trace.FileSpanStorage.DiskWriterThread","0","1","1","0","7","9","no"
"avro","release-1.5.2","/lang/java/avro/src/main/java/org/apache/avro/file/NullCodec.java/","org.apache.avro.file.NullCodec","0","0","1","0","0","1","no"
"avro","release-1.5.2","/lang/java/ipc/src/main/java/org/apache/avro/ipc/stats/StatsServlet.java/","org.apache.avro.ipc.stats.StatsServlet","1","1","1","1","19","23","no"
"avro","release-1.5.2","/lang/java/ipc/src/main/java/org/apache/avro/ipc/SaslSocketTransceiver.java/","org.apache.avro.ipc.SaslSocketTransceiver.AnonymousClient","0","0","1","0","9","10","yes"
"avro","release-1.5.2","/lang/java/ipc/src/main/java/org/apache/avro/ipc/reflect/ReflectRequestor.java/","org.apache.avro.ipc.reflect.ReflectRequestor","0","0","1","0","0","1","no"
"avro","release-1.5.2","/lang/java/mapred/src/main/java/org/apache/avro/mapred/AvroKeyComparator.java/","org.apache.avro.mapred.AvroKeyComparator","0","0","1","0","0","1","no"
"avro","release-1.5.2","/lang/java/mapred/src/main/java/org/apache/avro/mapred/tether/TetherMapRunner.java/","org.apache.avro.mapred.tether.TetherMapRunner","0","1","1","0","0","2","no"
"avro","release-1.5.2","/lang/java/mapred/src/main/java/org/apache/avro/mapred/SequenceFileReader.java/","org.apache.avro.mapred.SequenceFileReader.Converter","0","0","0","0","0","0","no"
"avro","release-1.5.2","/lang/java/avro/src/main/java/org/apache/avro/file/DataFileStream.java/","org.apache.avro.file.DataFileStream.Header","0","0","0","0","0","0","yes"
"avro","release-1.5.2","/lang/java/mapred/src/main/java/org/apache/avro/mapred/tether/TetherRecordReader.java/","org.apache.avro.mapred.tether.TetherRecordReader","0","0","1","0","0","1","no"
"avro","release-1.5.2","/lang/java/avro/src/main/java/org/apache/avro/reflect/ReflectDatumReader.java/","org.apache.avro.reflect.ReflectDatumReader","0","0","1","0","0","1","yes"
"avro","release-1.5.2","/lang/java/tools/src/main/java/org/apache/avro/tool/RecodecTool.java/","org.apache.avro.tool.RecodecTool","1","0","1","0","4","6","yes"
"avro","release-1.5.2","/lang/java/avro/src/main/java/org/apache/avro/io/BufferedBinaryEncoder.java/","org.apache.avro.io.BufferedBinaryEncoder","0","1","1","0","0","2","no"
"avro","release-1.5.2","/lang/java/avro/src/main/java/org/apache/avro/specific/SpecificRecordBase.java/","org.apache.avro.specific.SpecificRecordBase","0","0","1","0","0","1","yes"
"avro","release-1.5.2","/lang/java/avro/src/main/java/org/apache/avro/io/parsing/Symbol.java/","org.apache.avro.io.parsing.Symbol.Fixup","0","0","0","0","1","1","yes"
"avro","release-1.5.2","/lang/java/mapred/src/main/java/org/apache/avro/mapred/AvroInputFormat.java/","org.apache.avro.mapred.AvroInputFormat","0","0","1","0","0","1","no"
"avro","release-1.5.2","/lang/java/ipc/src/main/java/org/apache/avro/ipc/SaslSocketServer.java/","org.apache.avro.ipc.SaslSocketServer.AnonymousServer","0","0","0","0","9","9","no"
"avro","release-1.5.2","/lang/java/avro/src/main/java/org/apache/avro/io/JsonEncoder.java/","org.apache.avro.io.JsonEncoder","0","1","1","0","0","2","no"
"avro","release-1.5.2","/lang/java/avro/src/main/java/org/apache/avro/file/DataFileReader12.java/","org.apache.avro.file.DataFileReader12","0","1","1","0","3","5","yes"
"avro","release-1.5.2","/lang/java/avro/src/main/java/org/apache/avro/Protocol.java/","org.apache.avro.Protocol","1","1","1","0","8","11","yes"
"avro","release-1.5.2","/lang/java/avro/src/main/java/org/apache/avro/util/ByteBufferOutputStream.java/","org.apache.avro.util.ByteBufferOutputStream","0","0","1","0","2","3","yes"
"avro","release-1.5.2","/lang/java/ipc/src/main/java/org/apache/avro/ipc/stats/Histogram.java/","org.apache.avro.ipc.stats.Histogram.TreeMapSegmenter","0","0","1","0","4","5","no"
"avro","release-1.5.2","/lang/java/tools/src/main/java/org/apache/avro/tool/TetherTool.java/","org.apache.avro.tool.TetherTool","0","0","1","0","0","1","yes"
"avro","release-1.5.2","/lang/java/avro/src/main/java/org/apache/avro/generic/GenericContainer.java/","org.apache.avro.generic.GenericContainer","0","0","0","0","0","0","no"
"avro","release-1.5.2","/lang/java/tools/src/main/java/org/apache/avro/tool/RpcSendTool.java/","org.apache.avro.tool.RpcSendTool","0","0","1","1","1","3","yes"
"avro","release-1.5.2","/lang/java/ipc/src/main/java/org/apache/avro/ipc/stats/IntegerHistogram.java/","org.apache.avro.ipc.stats.IntegerHistogram","0","0","1","0","0","1","no"
"avro","release-1.5.2","/lang/java/ipc/src/main/java/org/apache/avro/ipc/stats/Histogram.java/","org.apache.avro.ipc.stats.Histogram.SegmenterException","0","0","0","0","0","0","no"
"avro","release-1.5.2","/lang/java/ipc/src/main/java/org/apache/avro/ipc/Server.java/","org.apache.avro.ipc.Server","0","0","0","0","0","0","no"
"avro","release-1.5.2","/lang/java/ipc/src/main/java/org/apache/avro/ipc/stats/Stopwatch.java/","org.apache.avro.ipc.stats.Stopwatch.Ticks","0","0","0","0","0","0","no"
"avro","release-1.5.2","/lang/java/ipc/src/main/java/org/apache/avro/ipc/LocalTransceiver.java/","org.apache.avro.ipc.LocalTransceiver","0","0","1","0","0","1","no"
"avro","release-1.5.2","/lang/java/avro/src/main/java/org/apache/avro/Schema.java/","org.apache.avro.Schema.LongSchema","0","0","0","0","0","0","yes"
"avro","release-1.5.2","/lang/java/tools/src/main/java/org/apache/avro/tool/Tool.java/","org.apache.avro.tool.Tool","0","0","0","0","0","0","no"
"avro","release-1.5.2","/lang/java/avro/src/main/java/org/apache/avro/specific/SpecificFixed.java/","org.apache.avro.specific.SpecificFixed","0","0","0","0","0","0","no"
"avro","release-1.5.2","/lang/java/avro/src/main/java/org/apache/avro/io/parsing/ValidatingGrammarGenerator.java/","org.apache.avro.io.parsing.ValidatingGrammarGenerator","1","1","1","1","2","6","no"
"avro","release-1.5.2","/lang/java/avro/src/main/java/org/apache/avro/generic/GenericDatumWriter.java/","org.apache.avro.generic.GenericDatumWriter","0","1","1","0","0","2","yes"
"avro","release-1.5.2","/lang/java/ipc/src/main/java/org/apache/avro/ipc/trace/Trace.java/","org.apache.avro.ipc.trace.Trace","0","1","1","0","5","7","no"
"avro","release-1.5.2","/lang/java/avro/src/main/java/org/apache/avro/Schema.java/","org.apache.avro.Schema.EnumSchema","0","0","1","0","7","8","yes"
"avro","release-1.5.2","/lang/java/avro/src/main/java/org/apache/avro/io/parsing/ResolvingGrammarGenerator.java/","org.apache.avro.io.parsing.ResolvingGrammarGenerator.LitS2","0","0","1","0","2","3","yes"
"avro","release-1.5.2","/lang/java/avro/src/main/java/org/apache/avro/io/parsing/Parser.java/","org.apache.avro.io.parsing.Parser.ActionHandler","0","0","0","0","0","0","no"
"avro","release-1.5.2","/lang/java/mapred/src/main/java/org/apache/avro/mapred/AvroJob.java/","org.apache.avro.mapred.AvroJob","0","1","1","0","0","2","no"
"avro","release-1.5.2","/lang/java/ipc/src/main/java/org/apache/avro/ipc/trace/InMemorySpanStorage.java/","org.apache.avro.ipc.trace.InMemorySpanStorage","0","1","1","0","1","3","no"
"avro","release-1.5.2","/lang/java/avro/src/main/java/org/apache/avro/io/Decoder.java/","org.apache.avro.io.Decoder","0","1","1","0","0","2","no"
"avro","release-1.5.2","/lang/java/tools/src/main/java/org/apache/avro/tool/ToTextTool.java/","org.apache.avro.tool.ToTextTool","0","0","1","0","0","1","no"
"avro","release-1.5.2","/lang/java/mapred/src/main/java/org/apache/avro/mapred/AvroTextOutputFormat.java/","org.apache.avro.mapred.AvroTextOutputFormat","0","0","1","0","3","4","yes"
"avro","release-1.5.2","/lang/java/avro/src/main/java/org/apache/avro/util/WeakIdentityHashMap.java/","org.apache.avro.util.WeakIdentityHashMap.IdentityWeakReference","0","0","0","0","2","2","yes"
"avro","release-1.5.2","/lang/java/ipc/src/main/java/org/apache/avro/ipc/trace/FileSpanStorage.java/","org.apache.avro.ipc.trace.FileSpanStorage","1","1","1","1","18","22","no"
"avro","release-1.5.2","/lang/java/ipc/src/main/java/org/apache/avro/ipc/DatagramTransceiver.java/","org.apache.avro.ipc.DatagramTransceiver","0","0","1","0","2","3","yes"
"avro","release-1.5.2","/lang/java/avro/src/main/java/org/apache/avro/io/DatumWriter.java/","org.apache.avro.io.DatumWriter","0","0","0","0","0","0","no"
"avro","release-1.5.2","/lang/java/mapred/src/main/java/org/apache/avro/mapred/tether/TetherInputFormat.java/","org.apache.avro.mapred.tether.TetherInputFormat","0","0","1","0","0","1","no"
"avro","release-1.5.2","/lang/java/mapred/src/main/java/org/apache/avro/mapred/AvroMapper.java/","org.apache.avro.mapred.AvroMapper","0","0","1","0","0","1","no"
"avro","release-1.5.2","/lang/java/avro/src/main/java/org/apache/avro/io/parsing/Symbol.java/","org.apache.avro.io.parsing.Symbol.ErrorAction","0","0","0","0","0","0","yes"
"avro","release-1.5.2","/lang/java/mapred/src/main/java/org/apache/avro/mapred/HadoopReducer.java/","org.apache.avro.mapred.HadoopReducer","0","0","1","0","0","1","no"
"avro","release-1.5.2","/lang/java/avro/src/main/java/org/apache/avro/io/BlockingBinaryEncoder.java/","org.apache.avro.io.BlockingBinaryEncoder.BlockedValue","0","1","1","0","0","2","no"
"avro","release-1.5.2","/lang/java/ipc/src/main/java/org/apache/avro/ipc/SaslSocketTransceiver.java/","org.apache.avro.ipc.SaslSocketTransceiver","1","1","1","0","19","22","yes"
"avro","release-1.5.2","/lang/java/avro/src/main/java/org/apache/avro/file/DataFileWriter.java/","org.apache.avro.file.DataFileWriter.AppendWriteException","0","0","0","0","0","0","yes"
"avro","release-1.5.2","/lang/java/mapred/src/main/java/org/apache/avro/mapred/AvroReducer.java/","org.apache.avro.mapred.AvroReducer","0","0","1","0","0","1","no"
"avro","release-1.5.2","/lang/java/ipc/src/main/java/org/apache/avro/ipc/Transceiver.java/","org.apache.avro.ipc.Transceiver","0","0","1","0","1","2","no"
"avro","release-1.5.2","/lang/java/avro/src/main/java/org/apache/avro/Schema.java/","org.apache.avro.Schema.IntSchema","0","0","0","0","0","0","yes"
"avro","release-1.5.2","/lang/java/avro/src/main/java/org/apache/avro/util/WeakIdentityHashMap.java/","org.apache.avro.util.WeakIdentityHashMap","0","0","1","0","18","19","yes"
"avro","release-1.5.2","/lang/java/mapred/src/main/java/org/apache/avro/mapred/tether/TetherJob.java/","org.apache.avro.mapred.tether.TetherJob","0","0","1","0","0","1","yes"
"avro","release-1.5.2","/lang/java/ipc/src/main/java/org/apache/avro/ipc/CallFuture.java/","org.apache.avro.ipc.CallFuture","0","0","1","0","0","1","no"
"avro","release-1.5.2","/lang/java/mapred/src/main/java/org/apache/avro/mapred/HadoopMapper.java/","org.apache.avro.mapred.HadoopMapper","0","1","1","0","0","2","no"
"avro","release-1.5.2","/lang/java/avro/src/main/java/org/apache/avro/generic/GenericEnumSymbol.java/","org.apache.avro.generic.GenericEnumSymbol","0","0","0","0","1","1","no"
"avro","release-1.5.2","/lang/java/avro/src/main/java/org/apache/avro/file/DataFileReader.java/","org.apache.avro.file.DataFileReader","0","1","1","0","1","3","yes"
"avro","release-1.5.2","/lang/java/tools/src/main/java/org/apache/avro/tool/IdlTool.java/","org.apache.avro.tool.IdlTool","0","0","1","0","3","4","no"
"avro","release-1.5.2","/lang/java/avro/src/main/java/org/apache/avro/io/parsing/Symbol.java/","org.apache.avro.io.parsing.Symbol.ImplicitAction","0","0","0","0","0","0","yes"
"avro","release-1.5.2","/lang/java/avro/src/main/java/org/apache/avro/file/DataFileWriter.java/","org.apache.avro.file.DataFileWriter.BufferedFileOutputStream","0","0","0","0","0","0","yes"
"avro","release-1.5.2","/lang/java/avro/src/main/java/org/apache/avro/util/Utf8.java/","org.apache.avro.util.Utf8","0","1","1","0","2","4","yes"
"avro","release-1.5.2","/lang/java/avro/src/main/java/org/apache/avro/io/BinaryData.java/","org.apache.avro.io.BinaryData.Decoders","0","1","0","0","2","3","no"
"avro","release-1.5.2","/lang/java/compiler/src/main/java/org/apache/avro/compiler/specific/ProtocolTask.java/","org.apache.avro.compiler.specific.ProtocolTask","0","0","1","0","4","5","no"
"avro","release-1.5.2","/lang/java/avro/src/main/java/org/apache/avro/io/DirectBinaryDecoder.java/","org.apache.avro.io.DirectBinaryDecoder.ByteReader","0","0","1","1","0","2","yes"
"avro","release-1.5.2","/lang/java/avro/src/main/java/org/apache/avro/io/parsing/Symbol.java/","org.apache.avro.io.parsing.Symbol","0","1","1","0","22","24","yes"
"avro","release-1.5.2","/lang/java/mapred/src/main/java/org/apache/avro/mapred/tether/TetherKeyComparator.java/","org.apache.avro.mapred.tether.TetherKeyComparator","0","0","1","0","1","2","no"
"avro","release-1.5.2","/lang/java/mapred/src/main/java/org/apache/avro/mapred/AvroSerialization.java/","org.apache.avro.mapred.AvroSerialization","0","0","1","0","1","2","yes"
"avro","release-1.5.2","/lang/java/ipc/src/main/java/org/apache/avro/ipc/SaslSocketServer.java/","org.apache.avro.ipc.SaslSocketServer.SaslServerFactory","0","0","0","0","0","0","no"
"avro","release-1.5.2","/lang/java/avro/src/main/java/org/apache/avro/io/parsing/Symbol.java/","org.apache.avro.io.parsing.Symbol.EnumAdjustAction","0","0","0","0","2","2","yes"
"avro","release-1.5.2","/lang/java/ipc/src/main/java/org/apache/avro/ipc/generic/GenericRequestor.java/","org.apache.avro.ipc.generic.GenericRequestor","0","0","1","0","0","1","yes"
"avro","release-1.5.2","/lang/java/ipc/src/main/java/org/apache/avro/ipc/NettyTransportCodec.java/","org.apache.avro.ipc.NettyTransportCodec","0","0","0","0","4","4","no"
"avro","release-1.5.2","/lang/java/avro/src/main/java/org/apache/avro/file/DataFileWriter.java/","org.apache.avro.file.DataFileWriter","0","1","1","0","0","2","yes"
"avro","release-1.5.2","/lang/java/avro/src/main/java/org/apache/avro/io/parsing/Symbol.java/","org.apache.avro.io.parsing.Symbol.Sequence","0","1","1","0","5","7","yes"
"avro","release-1.5.2","/lang/java/avro/src/main/java/org/apache/avro/generic/GenericData.java/","org.apache.avro.generic.GenericData.Array","0","1","1","0","5","7","yes"
"avro","release-1.5.2","/lang/java/compiler/src/main/java/org/apache/avro/compiler/specific/SpecificCompiler.java/","org.apache.avro.compiler.specific.SpecificCompiler.Slf4jLogChute","0","1","1","0","3","5","yes"
"avro","release-1.5.2","/lang/java/avro/src/main/java/org/apache/avro/io/parsing/Symbol.java/","org.apache.avro.io.parsing.Symbol.FieldAdjustAction","0","0","0","0","0","0","yes"
"avro","release-1.5.2","/lang/java/avro/src/main/java/org/apache/avro/io/parsing/Symbol.java/","org.apache.avro.io.parsing.Symbol.Root","0","0","0","0","1","1","yes"
"avro","release-1.5.2","/lang/java/avro/src/main/java/org/apache/avro/io/BinaryDecoder.java/","org.apache.avro.io.BinaryDecoder","0","1","1","1","12","15","yes"
"avro","release-1.5.2","/lang/java/compiler/src/main/java/org/apache/avro/compiler/specific/SchemaTask.java/","org.apache.avro.compiler.specific.SchemaTask","0","0","1","0","0","1","no"
"avro","release-1.5.2","/lang/java/avro/src/main/java/org/apache/avro/io/BinaryDecoder.java/","org.apache.avro.io.BinaryDecoder.ByteArrayByteSource","0","1","1","0","0","2","yes"
"avro","release-1.5.2","/lang/java/mapred/src/main/java/org/apache/avro/mapred/HadoopReducerBase.java/","org.apache.avro.mapred.HadoopReducerBase.ReduceIterable","0","0","1","0","4","5","no"
"avro","release-1.5.2","/lang/java/mapred/src/main/java/org/apache/avro/mapred/AvroValue.java/","org.apache.avro.mapred.AvroValue","0","0","0","0","0","0","no"
"avro","release-1.5.2","/lang/java/ipc/src/main/java/org/apache/avro/ipc/stats/Histogram.java/","org.apache.avro.ipc.stats.Histogram.Entry","0","0","0","0","0","0","no"
"avro","release-1.5.2","/lang/java/avro/src/main/java/org/apache/avro/io/JsonDecoder.java/","org.apache.avro.io.JsonDecoder","0","1","1","1","0","3","yes"
"avro","release-1.5.2","/lang/java/ipc/src/main/java/org/apache/avro/ipc/DatagramServer.java/","org.apache.avro.ipc.DatagramServer","0","0","1","0","2","3","no"
"avro","release-1.5.2","/lang/java/ipc/src/main/java/org/apache/avro/ipc/stats/StatsServlet.java/","org.apache.avro.ipc.stats.StatsServlet.RenderableMessage","0","0","0","0","5","5","no"
"avro","release-1.5.2","/lang/java/ipc/src/main/java/org/apache/avro/ipc/NettyTransportCodec.java/","org.apache.avro.ipc.NettyTransportCodec.NettyFrameDecoder","0","0","1","0","4","5","no"
"avro","release-1.5.2","/lang/java/avro/src/main/java/org/apache/avro/io/parsing/Symbol.java/","org.apache.avro.io.parsing.Symbol.EnumLabelsAction","0","0","1","0","0","1","yes"
"avro","release-1.5.2","/lang/java/ipc/src/main/java/org/apache/avro/ipc/trace/SpanStorage.java/","org.apache.avro.ipc.trace.SpanStorage","0","0","0","0","0","0","no"
"avro","release-1.5.2","/lang/java/ipc/src/main/java/org/apache/avro/ipc/stats/StatsServer.java/","org.apache.avro.ipc.stats.StatsServer","0","0","0","0","0","0","no"
"avro","release-1.5.2","/lang/java/avro/src/main/java/org/apache/avro/generic/GenericFixed.java/","org.apache.avro.generic.GenericFixed","0","0","0","0","0","0","no"
"avro","release-1.5.2","/lang/java/avro/src/main/java/org/apache/avro/specific/SpecificExceptionBase.java/","org.apache.avro.specific.SpecificExceptionBase","0","0","1","0","2","3","no"
"avro","release-1.5.2","/lang/java/avro/src/main/java/org/apache/avro/file/SnappyCodec.java/","org.apache.avro.file.SnappyCodec.Option","0","0","0","0","0","0","yes"
"avro","release-1.5.2","/lang/java/avro/src/main/java/org/apache/avro/specific/SpecificDatumReader.java/","org.apache.avro.specific.SpecificDatumReader","0","0","1","0","0","1","no"
"avro","release-1.5.2","/lang/java/avro/src/main/java/org/apache/avro/Schema.java/","org.apache.avro.Schema.RecordSchema","0","1","1","0","6","8","yes"
"avro","release-1.5.2","/lang/java/avro/src/main/java/org/apache/avro/io/parsing/Symbol.java/","org.apache.avro.io.parsing.Symbol.Terminal","0","0","0","0","1","1","yes"
"avro","release-1.5.2","/lang/java/avro/src/main/java/org/apache/avro/io/ValidatingDecoder.java/","org.apache.avro.io.ValidatingDecoder","0","1","1","0","2","4","no"
"avro","release-1.5.2","/lang/java/avro/src/main/java/org/apache/avro/Schema.java/","org.apache.avro.Schema.DoubleSchema","0","0","0","0","0","0","yes"
"avro","release-1.5.2","/lang/java/avro/src/main/java/org/apache/avro/io/parsing/SkipParser.java/","org.apache.avro.io.parsing.SkipParser.SkipHandler","0","0","0","0","0","0","no"
"avro","release-1.5.2","/lang/java/avro/src/main/java/org/apache/avro/io/ParsingEncoder.java/","org.apache.avro.io.ParsingEncoder","0","0","1","0","0","1","no"
"avro","release-1.5.2","/lang/java/mapred/src/main/java/org/apache/avro/mapred/FsInput.java/","org.apache.avro.mapred.FsInput","0","0","1","0","1","2","no"
"avro","release-1.5.2","/lang/java/ipc/src/main/java/org/apache/avro/ipc/stats/Stopwatch.java/","org.apache.avro.ipc.stats.Stopwatch","0","0","1","0","0","1","no"
"avro","release-1.5.2","/lang/java/avro/src/main/java/org/apache/avro/io/DirectBinaryEncoder.java/","org.apache.avro.io.DirectBinaryEncoder","0","0","1","0","0","1","no"
"avro","release-1.5.2","/lang/java/avro/src/main/java/org/apache/avro/Schema.java/","org.apache.avro.Schema.Props","0","0","1","0","0","1","yes"
"avro","release-1.5.2","/lang/java/ipc/src/main/java/org/apache/avro/ipc/SocketServer.java/","org.apache.avro.ipc.SocketServer.Connection","0","0","1","0","1","2","yes"
"avro","release-1.5.2","/lang/java/avro/src/main/java/org/apache/avro/io/BinaryData.java/","org.apache.avro.io.BinaryData","1","1","1","1","10","14","no"
"avro","release-1.5.2","/lang/java/ipc/src/main/java/org/apache/avro/ipc/specific/SpecificResponder.java/","org.apache.avro.ipc.specific.SpecificResponder","0","0","1","0","0","1","yes"
"avro","release-1.5.2","/lang/java/mapred/src/main/java/org/apache/avro/mapred/HadoopCombiner.java/","org.apache.avro.mapred.HadoopCombiner","0","0","1","0","0","1","no"
"avro","release-1.5.2","/lang/java/avro/src/main/java/org/apache/avro/io/parsing/Parser.java/","org.apache.avro.io.parsing.Parser","0","1","1","0","0","2","no"
"avro","release-1.5.2","/lang/java/avro/src/main/java/org/apache/avro/file/NullCodec.java/","org.apache.avro.file.NullCodec.Option","0","0","0","0","0","0","no"
"avro","release-1.5.2","/lang/java/ipc/src/main/java/org/apache/avro/ipc/stats/StaticServlet.java/","org.apache.avro.ipc.stats.StaticServlet","0","0","1","0","0","1","no"
"avro","release-1.5.2","/lang/java/ipc/src/main/java/org/apache/avro/ipc/trace/TracePluginConfiguration.java/","org.apache.avro.ipc.trace.TracePluginConfiguration","0","1","0","0","0","1","no"
"avro","release-1.5.2","/lang/java/mapred/src/main/java/org/apache/avro/mapred/HadoopReducerBase.java/","org.apache.avro.mapred.HadoopReducerBase","0","1","1","0","4","6","no"
"avro","release-1.5.2","/lang/java/avro/src/main/java/org/apache/avro/reflect/Stringable.java/","org.apache.avro.reflect.Stringable","0","0","0","0","0","0","no"
"avro","release-1.5.2","/lang/java/avro/src/main/java/org/apache/avro/io/parsing/Symbol.java/","org.apache.avro.io.parsing.Symbol.Alternative","0","1","1","0","1","3","yes"
"avro","release-1.5.2","/lang/java/avro/src/main/java/org/apache/avro/io/BinaryData.java/","org.apache.avro.io.BinaryData.HashData","0","0","0","0","0","0","no"
"avro","release-1.5.2","/lang/java/ipc/src/main/java/org/apache/avro/ipc/trace/TraceCollection.java/","org.apache.avro.ipc.trace.TraceCollection.TraceTiming","0","1","1","0","2","4","no"
"avro","release-1.5.2","/lang/java/avro/src/main/java/org/apache/avro/Schema.java/","org.apache.avro.Schema.UnionSchema","0","0","1","0","5","6","yes"
"avro","release-1.5.2","/lang/java/avro/src/main/java/org/apache/avro/generic/GenericData.java/","org.apache.avro.generic.GenericData.Record","0","0","1","0","0","1","yes"
"avro","release-1.5.2","/lang/java/ipc/src/main/java/org/apache/avro/ipc/SocketServer.java/","org.apache.avro.ipc.SocketServer","0","0","1","0","6","7","yes"
"avro","release-1.5.2","/lang/java/ipc/src/main/java/org/apache/avro/ipc/trace/StaticServlet.java/","org.apache.avro.ipc.trace.StaticServlet","0","0","1","0","0","1","no"
"avro","release-1.5.2","/lang/java/avro/src/main/java/org/apache/avro/util/ByteBufferInputStream.java/","org.apache.avro.util.ByteBufferInputStream","0","0","1","0","0","1","yes"
"avro","release-1.5.2","/lang/java/maven-plugin/src/main/java/org/apache/avro/mojo/IDLProtocolMojo.java/","org.apache.avro.mojo.IDLProtocolMojo","0","0","1","0","2","3","no"
"avro","release-1.5.3","/lang/java/ipc/src/main/java/org/apache/avro/ipc/trace/Util.java/","org.apache.avro.ipc.trace.Util","0","1","1","0","7","9","no"
"avro","release-1.5.3","/lang/java/avro/src/main/java/org/apache/avro/file/DataFileWriter.java/","org.apache.avro.file.DataFileWriter.BufferedFileOutputStream.PositionFilter","0","0","1","0","0","1","yes"
"avro","release-1.5.3","/lang/java/mapred/src/main/java/org/apache/avro/mapred/AvroSerialization.java/","org.apache.avro.mapred.AvroSerialization.AvroWrapperSerializer","0","0","1","0","0","1","yes"
"avro","release-1.5.3","/lang/java/avro/src/main/java/org/apache/avro/io/DirectBinaryDecoder.java/","org.apache.avro.io.DirectBinaryDecoder.ReuseByteReader","0","0","0","0","0","0","yes"
"avro","release-1.5.3","/lang/java/ipc/src/main/java/org/apache/avro/ipc/trace/TracePlugin.java/","org.apache.avro.ipc.trace.TracePlugin","1","1","1","0","2","5","no"
"avro","release-1.5.3","/lang/java/avro/src/main/java/org/apache/avro/generic/GenericDatumReader.java/","org.apache.avro.generic.GenericDatumReader","0","1","1","0","1","3","yes"
"avro","release-1.5.3","/lang/java/mapred/src/main/java/org/apache/avro/mapred/tether/TetherPartitioner.java/","org.apache.avro.mapred.tether.TetherPartitioner","0","0","1","0","0","1","no"
"avro","release-1.5.3","/lang/java/ipc/src/main/java/org/apache/avro/ipc/Requestor.java/","org.apache.avro.ipc.Requestor","0","1","1","0","4","6","yes"
"avro","release-1.5.3","/lang/java/avro/src/main/java/org/apache/avro/Schema.java/","org.apache.avro.Schema.StringSchema","0","0","0","0","0","0","yes"
"avro","release-1.5.3","/lang/java/compiler/src/main/java/org/apache/avro/compiler/specific/SpecificCompiler.java/","org.apache.avro.compiler.specific.SpecificCompiler","0","1","1","0","5","7","yes"
"avro","release-1.5.3","/lang/java/mapred/src/main/java/org/apache/avro/mapred/HadoopReducer.java/","org.apache.avro.mapred.HadoopReducer.ReduceCollector","0","0","1","0","0","1","no"
"avro","release-1.5.3","/lang/java/avro/src/main/java/org/apache/avro/io/BinaryDecoder.java/","org.apache.avro.io.BinaryDecoder.BufferAccessor","0","1","1","0","2","4","yes"
"avro","release-1.5.3","/lang/java/avro/src/main/java/org/apache/avro/specific/SpecificDatumWriter.java/","org.apache.avro.specific.SpecificDatumWriter","0","0","1","0","0","1","no"
"avro","release-1.5.3","/lang/java/avro/src/main/java/org/apache/avro/io/BinaryEncoder.java/","org.apache.avro.io.BinaryEncoder","0","0","1","0","0","1","no"
"avro","release-1.5.3","/lang/java/ipc/src/main/java/org/apache/avro/ipc/trace/TraceCollection.java/","org.apache.avro.ipc.trace.TraceCollection.TraceNodeStats","0","1","1","0","0","2","no"
"avro","release-1.5.3","/lang/java/ipc/src/main/java/org/apache/avro/ipc/RPCPlugin.java/","org.apache.avro.ipc.RPCPlugin","0","0","0","0","0","0","no"
"avro","release-1.5.3","/lang/java/ipc/src/main/java/org/apache/avro/ipc/trace/Trace.java/","org.apache.avro.ipc.trace.Trace.NodeComparator","0","1","1","0","0","2","no"
"avro","release-1.5.3","/lang/java/avro/src/main/java/org/apache/avro/file/DeflateCodec.java/","org.apache.avro.file.DeflateCodec.Option","0","0","0","0","0","0","no"
"avro","release-1.5.3","/lang/java/ipc/src/main/java/org/apache/avro/ipc/trace/SpanAggregator.java/","org.apache.avro.ipc.trace.SpanAggregator","1","1","1","0","4","7","no"
"avro","release-1.5.3","/lang/java/mapred/src/main/java/org/apache/avro/mapred/tether/TetheredProcess.java/","org.apache.avro.mapred.tether.TetheredProcess","0","1","1","0","1","3","yes"
"avro","release-1.5.3","/lang/java/avro/src/main/java/org/apache/avro/io/Encoder.java/","org.apache.avro.io.Encoder","0","1","1","0","0","2","no"
"avro","release-1.5.3","/lang/java/ipc/src/main/java/org/apache/avro/ipc/Ipc.java/","org.apache.avro.ipc.Ipc","0","0","1","0","0","1","no"
"avro","release-1.5.3","/lang/java/avro/src/main/java/org/apache/avro/io/parsing/Symbol.java/","org.apache.avro.io.parsing.Symbol.Kind","0","0","0","0","0","0","yes"
"avro","release-1.5.3","/lang/java/avro/src/main/java/org/apache/avro/Schema.java/","org.apache.avro.Schema.Names","0","0","1","0","0","1","yes"
"avro","release-1.5.3","/lang/java/mapred/src/main/java/org/apache/avro/mapred/SequenceFileInputFormat.java/","org.apache.avro.mapred.SequenceFileInputFormat","0","0","1","0","0","1","no"
"avro","release-1.5.3","/lang/java/avro/src/main/java/org/apache/avro/generic/IndexedRecord.java/","org.apache.avro.generic.IndexedRecord","0","0","0","0","0","0","no"
"avro","release-1.5.3","/lang/java/avro/src/main/java/org/apache/avro/Protocol.java/","org.apache.avro.Protocol.Message","0","1","1","0","3","5","yes"
"avro","release-1.5.3","/lang/java/avro/src/main/java/org/apache/avro/io/parsing/Symbol.java/","org.apache.avro.io.parsing.Symbol.ResolvingAction","0","0","1","0","0","1","yes"
"avro","release-1.5.3","/lang/java/avro/src/main/java/org/apache/avro/Schema.java/","org.apache.avro.Schema.NamedSchema","0","1","1","0","9","11","yes"
"avro","release-1.5.3","/lang/java/tools/src/main/java/org/apache/avro/tool/DataFileReadTool.java/","org.apache.avro.tool.DataFileReadTool","0","0","1","0","0","1","yes"
"avro","release-1.5.3","/lang/java/ipc/src/main/java/org/apache/avro/ipc/Responder.java/","org.apache.avro.ipc.Responder","1","1","1","0","2","5","no"
"avro","release-1.5.3","/lang/java/ipc/src/main/java/org/apache/avro/ipc/Requestor.java/","org.apache.avro.ipc.Requestor.Response","0","0","1","0","0","1","yes"
"avro","release-1.5.3","/lang/java/avro/src/main/java/org/apache/avro/io/parsing/Symbol.java/","org.apache.avro.io.parsing.Symbol.FieldOrderAction","0","0","0","0","2","2","yes"
"avro","release-1.5.3","/lang/java/avro/src/main/java/org/apache/avro/Schema.java/","org.apache.avro.Schema.FixedSchema","0","0","1","0","4","5","yes"
"avro","release-1.5.3","/lang/java/avro/src/main/java/org/apache/avro/file/FileReader.java/","org.apache.avro.file.FileReader","0","0","0","0","0","0","no"
"avro","release-1.5.3","/lang/java/tools/src/main/java/org/apache/avro/tool/RpcReceiveTool.java/","org.apache.avro.tool.RpcReceiveTool","0","0","1","1","1","3","yes"
"avro","release-1.5.3","/lang/java/ipc/src/main/java/org/apache/avro/ipc/trace/TracePlugin.java/","org.apache.avro.ipc.trace.TracePlugin.StorageType","0","0","0","0","0","0","no"
"avro","release-1.5.3","/lang/java/ipc/src/main/java/org/apache/avro/ipc/Requestor.java/","org.apache.avro.ipc.Requestor.TransceiverCallback","0","0","1","0","2","3","yes"
"avro","release-1.5.3","/lang/java/tools/src/main/java/org/apache/avro/tool/RpcReceiveTool.java/","org.apache.avro.tool.RpcReceiveTool.SinkResponder","0","0","1","0","0","1","yes"
"avro","release-1.5.3","/lang/java/mapred/src/main/java/org/apache/avro/mapred/Pair.java/","org.apache.avro.mapred.Pair","0","1","1","0","0","2","no"
"avro","release-1.5.3","/lang/java/avro/src/main/java/org/apache/avro/io/parsing/SkipParser.java/","org.apache.avro.io.parsing.SkipParser","0","1","1","0","0","2","no"
"avro","release-1.5.3","/lang/java/tools/src/main/java/org/apache/avro/tool/Util.java/","org.apache.avro.tool.Util","0","0","1","0","4","5","yes"
"avro","release-1.5.3","/lang/java/ipc/src/main/java/org/apache/avro/ipc/SaslSocketServer.java/","org.apache.avro.ipc.SaslSocketServer","0","0","1","0","12","13","no"
"avro","release-1.5.3","/lang/java/mapred/src/main/java/org/apache/avro/mapred/SequenceFileReader.java/","org.apache.avro.mapred.SequenceFileReader","0","1","1","0","11","13","no"
"avro","release-1.5.3","/lang/java/tools/src/main/java/org/apache/avro/tool/DataFileGetSchemaTool.java/","org.apache.avro.tool.DataFileGetSchemaTool","0","0","1","0","0","1","no"
"avro","release-1.5.3","/lang/java/mapred/src/main/java/org/apache/avro/mapred/AvroWrapper.java/","org.apache.avro.mapred.AvroWrapper","0","0","1","0","2","3","no"
"avro","release-1.5.3","/lang/java/ipc/src/main/java/org/apache/avro/ipc/stats/FloatHistogram.java/","org.apache.avro.ipc.stats.FloatHistogram","0","0","1","0","0","1","no"
"avro","release-1.5.3","/lang/java/ipc/src/main/java/org/apache/avro/ipc/NettyTransceiver.java/","org.apache.avro.ipc.NettyTransceiver","0","1","1","0","6","8","yes"
"avro","release-1.5.3","/lang/java/ipc/src/main/java/org/apache/avro/ipc/NettyServer.java/","org.apache.avro.ipc.NettyServer.NettyServerAvroHandler","0","0","1","0","2","3","no"
"avro","release-1.5.3","/lang/java/ipc/src/main/java/org/apache/avro/ipc/NettyServer.java/","org.apache.avro.ipc.NettyServer","0","0","1","0","2","3","no"
"avro","release-1.5.3","/lang/java/ipc/src/main/java/org/apache/avro/ipc/trace/TracePlugin.java/","org.apache.avro.ipc.trace.TracePlugin.TraceResponder","0","0","0","0","0","0","no"
"avro","release-1.5.3","/lang/java/avro/src/main/java/org/apache/avro/io/ResolvingDecoder.java/","org.apache.avro.io.ResolvingDecoder","0","1","1","1","0","3","no"
"avro","release-1.5.3","/lang/java/avro/src/main/java/org/apache/avro/reflect/ReflectData.java/","org.apache.avro.reflect.ReflectData","1","1","1","0","4","7","yes"
"avro","release-1.5.3","/lang/java/avro/src/main/java/org/apache/avro/io/EncoderFactory.java/","org.apache.avro.io.EncoderFactory","0","1","1","0","2","4","no"
"avro","release-1.5.3","/lang/java/avro/src/main/java/org/apache/avro/Protocol.java/","org.apache.avro.Protocol.TwoWayMessage","0","1","1","0","0","2","yes"
"avro","release-1.5.3","/lang/java/avro/src/main/java/org/apache/avro/Schema.java/","org.apache.avro.Schema.BooleanSchema","0","0","0","0","0","0","yes"
"avro","release-1.5.3","/lang/java/mapred/src/main/java/org/apache/avro/mapred/SequenceFileReader.java/","org.apache.avro.mapred.SequenceFileReader.WritableData","0","0","1","0","0","1","no"
"avro","release-1.5.3","/lang/java/avro/src/main/java/org/apache/avro/Schema.java/","org.apache.avro.Schema.BytesSchema","0","0","0","0","0","0","yes"
"avro","release-1.5.3","/lang/java/mapred/src/main/java/org/apache/avro/mapred/HadoopCombiner.java/","org.apache.avro.mapred.HadoopCombiner.PairCollector","0","0","1","0","0","1","no"
"avro","release-1.5.3","/lang/java/ipc/src/main/java/org/apache/avro/ipc/generic/GenericResponder.java/","org.apache.avro.ipc.generic.GenericResponder","0","0","1","0","1","2","no"
"avro","release-1.5.3","/lang/java/ipc/src/main/java/org/apache/avro/ipc/NettyTransportCodec.java/","org.apache.avro.ipc.NettyTransportCodec.NettyDataPack","0","0","0","0","0","0","no"
"avro","release-1.5.3","/lang/java/avro/src/main/java/org/apache/avro/Schema.java/","org.apache.avro.Schema.FloatSchema","0","0","0","0","0","0","yes"
"avro","release-1.5.3","/lang/java/avro/src/main/java/org/apache/avro/file/LengthLimitedInputStream.java/","org.apache.avro.file.LengthLimitedInputStream","0","0","1","0","1","2","no"
"avro","release-1.5.3","/lang/java/avro/src/main/java/org/apache/avro/file/DataFileConstants.java/","org.apache.avro.file.DataFileConstants","0","0","0","0","0","0","no"
"avro","release-1.5.3","/lang/java/ipc/src/main/java/org/apache/avro/ipc/stats/Histogram.java/","org.apache.avro.ipc.stats.Histogram.Segmenter","0","0","0","0","0","0","no"
"avro","release-1.5.3","/lang/java/avro/src/main/java/org/apache/avro/reflect/Union.java/","org.apache.avro.reflect.Union","0","0","0","0","0","0","no"
"avro","release-1.5.3","/lang/java/ipc/src/main/java/org/apache/avro/ipc/stats/Stopwatch.java/","org.apache.avro.ipc.stats.Stopwatch.SystemTicks","0","0","1","0","0","1","no"
"avro","release-1.5.3","/lang/java/ipc/src/main/java/org/apache/avro/ipc/trace/TraceCollection.java/","org.apache.avro.ipc.trace.TraceCollection","0","1","1","0","6","8","no"
"avro","release-1.5.3","/lang/java/avro/src/main/java/org/apache/avro/Schema.java/","org.apache.avro.Schema.LockableArrayList","0","0","0","0","8","8","yes"
"avro","release-1.5.3","/lang/java/avro/src/main/java/org/apache/avro/AvroRuntimeException.java/","org.apache.avro.AvroRuntimeException","0","0","0","0","0","0","no"
"avro","release-1.5.3","/lang/java/mapred/src/main/java/org/apache/avro/mapred/AvroOutputFormat.java/","org.apache.avro.mapred.AvroOutputFormat","0","0","1","0","0","1","no"
"avro","release-1.5.3","/lang/java/avro/src/main/java/org/apache/avro/io/ParsingDecoder.java/","org.apache.avro.io.ParsingDecoder","0","1","1","0","0","2","no"
"avro","release-1.5.3","/lang/java/maven-plugin/src/main/java/org/apache/avro/mojo/ProtocolMojo.java/","org.apache.avro.mojo.ProtocolMojo","0","0","1","0","2","3","yes"
"avro","release-1.5.3","/lang/java/mapred/src/main/java/org/apache/avro/mapred/AvroUtf8InputFormat.java/","org.apache.avro.mapred.AvroUtf8InputFormat.Utf8LineRecordReader","0","0","1","0","0","1","no"
"avro","release-1.5.3","/lang/java/ipc/src/main/java/org/apache/avro/ipc/SocketTransceiver.java/","org.apache.avro.ipc.SocketTransceiver","0","0","1","0","2","3","yes"
"avro","release-1.5.3","/lang/java/avro/src/main/java/org/apache/avro/Schema.java/","org.apache.avro.Schema.MapSchema","0","0","1","0","4","5","yes"
"avro","release-1.5.3","/lang/java/avro/src/main/java/org/apache/avro/io/parsing/Symbol.java/","org.apache.avro.io.parsing.Symbol.Repeater","0","0","1","0","1","2","yes"
"avro","release-1.5.3","/lang/java/mapred/src/main/java/org/apache/avro/mapred/tether/TetherKeySerialization.java/","org.apache.avro.mapred.tether.TetherKeySerialization","0","0","1","0","1","2","no"
"avro","release-1.5.3","/lang/java/avro/src/main/java/org/apache/avro/reflect/ReflectDatumWriter.java/","org.apache.avro.reflect.ReflectDatumWriter","0","0","1","0","6","7","yes"
"avro","release-1.5.3","/lang/java/avro/src/main/java/org/apache/avro/reflect/ReflectData.java/","org.apache.avro.reflect.ReflectData.AllowNull","0","0","0","0","1","1","yes"
"avro","release-1.5.3","/lang/java/avro/src/main/java/org/apache/avro/file/DataFileStream.java/","org.apache.avro.file.DataFileStream.DataBlock","0","1","1","0","1","3","yes"
"avro","release-1.5.3","/lang/java/mapred/src/main/java/org/apache/avro/mapred/AvroSerialization.java/","org.apache.avro.mapred.AvroSerialization.AvroWrapperDeserializer","0","0","1","0","1","2","yes"
"avro","release-1.5.3","/lang/java/mapred/src/main/java/org/apache/avro/mapred/AvroCollector.java/","org.apache.avro.mapred.AvroCollector","0","0","0","0","0","0","no"
"avro","release-1.5.3","/lang/java/avro/src/main/java/org/apache/avro/io/parsing/ValidatingGrammarGenerator.java/","org.apache.avro.io.parsing.ValidatingGrammarGenerator.LitS","0","0","1","0","2","3","no"
"avro","release-1.5.3","/lang/java/avro/src/main/java/org/apache/avro/specific/SpecificRecord.java/","org.apache.avro.specific.SpecificRecord","0","0","0","0","0","0","no"
"avro","release-1.5.3","/lang/java/ipc/src/main/java/org/apache/avro/ipc/stats/StatsPlugin.java/","org.apache.avro.ipc.stats.StatsPlugin","0","1","1","1","0","3","no"
"avro","release-1.5.3","/lang/java/mapred/src/main/java/org/apache/avro/mapred/tether/TetherData.java/","org.apache.avro.mapred.tether.TetherData","0","0","0","0","0","0","no"
"avro","release-1.5.3","/lang/java/tools/src/main/java/org/apache/avro/tool/SpecificCompilerTool.java/","org.apache.avro.tool.SpecificCompilerTool","0","1","1","0","8","10","yes"
"avro","release-1.5.3","/lang/java/avro/src/main/java/org/apache/avro/io/parsing/Symbol.java/","org.apache.avro.io.parsing.Symbol.WriterUnionAction","0","0","0","0","0","0","yes"
"avro","release-1.5.3","/lang/java/avro/src/main/java/org/apache/avro/file/DataFileStream.java/","org.apache.avro.file.DataFileStream","0","1","1","1","3","6","yes"
"avro","release-1.5.3","/lang/java/avro/src/main/java/org/apache/avro/file/DeflateCodec.java/","org.apache.avro.file.DeflateCodec","0","0","1","0","1","2","no"
"avro","release-1.5.3","/lang/java/avro/src/main/java/org/apache/avro/specific/SpecificData.java/","org.apache.avro.specific.SpecificData","1","1","1","0","1","4","yes"
"avro","release-1.5.3","/lang/java/ipc/src/main/java/org/apache/avro/ipc/NettyTransceiver.java/","org.apache.avro.ipc.NettyTransceiver.NettyClientAvroHandler","0","0","1","0","3","4","yes"
"avro","release-1.5.3","/lang/java/avro/src/main/java/org/apache/avro/reflect/Nullable.java/","org.apache.avro.reflect.Nullable","0","0","0","0","0","0","no"
"avro","release-1.5.3","/lang/java/tools/src/main/java/org/apache/avro/tool/FromTextTool.java/","org.apache.avro.tool.FromTextTool","1","0","1","0","6","8","yes"
"avro","release-1.5.3","/lang/java/avro/src/main/java/org/apache/avro/io/BufferedBinaryEncoder.java/","org.apache.avro.io.BufferedBinaryEncoder.ByteSink","0","0","0","0","0","0","no"
"avro","release-1.5.3","/lang/java/mapred/src/main/java/org/apache/avro/mapred/AvroRecordReader.java/","org.apache.avro.mapred.AvroRecordReader","0","0","1","0","0","1","no"
"avro","release-1.5.3","/lang/java/ipc/src/main/java/org/apache/avro/ipc/SaslSocketTransceiver.java/","org.apache.avro.ipc.SaslSocketTransceiver.Status","0","0","0","0","0","0","yes"
"avro","release-1.5.3","/lang/java/avro/src/main/java/org/apache/avro/io/parsing/ResolvingGrammarGenerator.java/","org.apache.avro.io.parsing.ResolvingGrammarGenerator","1","1","1","1","10","14","yes"
"avro","release-1.5.3","/lang/java/mapred/src/main/java/org/apache/avro/mapred/SequenceFileRecordReader.java/","org.apache.avro.mapred.SequenceFileRecordReader","0","0","0","0","0","0","no"
"avro","release-1.5.3","/lang/java/ipc/src/main/java/org/apache/avro/ipc/stats/Histogram.java/","org.apache.avro.ipc.stats.Histogram","0","1","1","0","7","9","no"
"avro","release-1.5.3","/lang/java/ipc/src/main/java/org/apache/avro/ipc/RPCContext.java/","org.apache.avro.ipc.RPCContext","0","1","1","0","1","3","no"
"avro","release-1.5.3","/lang/java/avro/src/main/java/org/apache/avro/io/BlockingBinaryEncoder.java/","org.apache.avro.io.BlockingBinaryEncoder","1","1","1","0","1","4","no"
"avro","release-1.5.3","/lang/java/avro/src/main/java/org/apache/avro/io/parsing/JsonGrammarGenerator.java/","org.apache.avro.io.parsing.JsonGrammarGenerator","0","1","1","1","0","3","yes"
"avro","release-1.5.3","/lang/java/mapred/src/main/java/org/apache/avro/mapred/tether/TetherOutputService.java/","org.apache.avro.mapred.tether.TetherOutputService","0","1","1","0","2","4","no"
"avro","release-1.5.3","/lang/java/ipc/src/main/java/org/apache/avro/ipc/trace/TraceCollection.java/","org.apache.avro.ipc.trace.TraceCollection.TraceComparotor","0","0","1","0","0","1","no"
"avro","release-1.5.3","/lang/java/maven-plugin/src/main/java/org/apache/avro/mojo/SchemaMojo.java/","org.apache.avro.mojo.SchemaMojo","0","0","1","0","2","3","yes"
"avro","release-1.5.3","/lang/java/avro/src/main/java/org/apache/avro/Schema.java/","org.apache.avro.Schema.NullSchema","0","0","0","0","0","0","yes"
"avro","release-1.5.3","/lang/java/mapred/src/main/java/org/apache/avro/mapred/AvroUtf8InputFormat.java/","org.apache.avro.mapred.AvroUtf8InputFormat","0","0","1","0","0","1","no"
"avro","release-1.5.3","/lang/java/ipc/src/main/java/org/apache/avro/ipc/Callback.java/","org.apache.avro.ipc.Callback","0","0","0","0","0","0","no"
"avro","release-1.5.3","/lang/java/avro/src/main/java/org/apache/avro/io/BinaryDecoder.java/","org.apache.avro.io.BinaryDecoder.InputStreamByteSource","0","1","1","0","4","6","yes"
"avro","release-1.5.3","/lang/java/avro/src/main/java/org/apache/avro/generic/GenericData.java/","org.apache.avro.generic.GenericData.EnumSymbol","0","0","1","0","0","1","yes"
"avro","release-1.5.3","/lang/java/avro/src/main/java/org/apache/avro/io/parsing/Symbol.java/","org.apache.avro.io.parsing.Symbol.IntCheckAction","0","0","0","0","0","0","yes"
"avro","release-1.5.3","/lang/java/avro/src/main/java/org/apache/avro/UnresolvedUnionException.java/","org.apache.avro.UnresolvedUnionException","0","0","0","0","0","0","no"
"avro","release-1.5.3","/lang/java/tools/src/main/java/org/apache/avro/tool/Main.java/","org.apache.avro.tool.Main","0","1","1","0","6","8","yes"
"avro","release-1.5.3","/lang/java/mapred/src/main/java/org/apache/avro/mapred/tether/TetherOutputFormat.java/","org.apache.avro.mapred.tether.TetherOutputFormat","0","0","1","0","0","1","no"
"avro","release-1.5.3","/lang/java/mapred/src/main/java/org/apache/avro/mapred/AvroKey.java/","org.apache.avro.mapred.AvroKey","0","0","0","0","0","0","no"
"avro","release-1.5.3","/lang/java/ipc/src/main/java/org/apache/avro/ipc/trace/TraceNode.java/","org.apache.avro.ipc.trace.TraceNode","0","1","1","0","0","2","no"
"avro","release-1.5.3","/lang/java/avro/src/main/java/org/apache/avro/Schema.java/","org.apache.avro.Schema.ArraySchema","0","0","1","0","4","5","yes"
"avro","release-1.5.3","/lang/java/ipc/src/main/java/org/apache/avro/ipc/trace/SpanAggregator.java/","org.apache.avro.ipc.trace.SpanAggregator.SpanAggregationResults","0","0","0","0","0","0","no"
"avro","release-1.5.3","/lang/java/avro/src/main/java/org/apache/avro/io/BinaryDecoder.java/","org.apache.avro.io.BinaryDecoder.ByteSource","0","1","1","0","0","2","yes"
"avro","release-1.5.3","/lang/java/avro/src/main/java/org/apache/avro/file/SnappyCodec.java/","org.apache.avro.file.SnappyCodec","0","0","1","0","0","1","yes"
"avro","release-1.5.3","/lang/java/avro/src/main/java/org/apache/avro/generic/GenericData.java/","org.apache.avro.generic.GenericData","1","1","1","1","10","14","yes"
"avro","release-1.5.3","/lang/java/mapred/src/main/java/org/apache/avro/mapred/tether/TetherKeySerialization.java/","org.apache.avro.mapred.tether.TetherKeySerialization.TetherDataDeserializer","0","0","1","0","1","2","no"
"avro","release-1.5.3","/lang/java/ipc/src/main/java/org/apache/avro/ipc/stats/Histogram.java/","org.apache.avro.ipc.stats.Histogram.EntryIterator","0","0","1","0","0","1","no"
"avro","release-1.5.3","/lang/java/tools/src/main/java/org/apache/avro/tool/SpecificCompilerTool.java/","org.apache.avro.tool.SpecificCompilerTool.FileExtensionFilter","0","0","0","0","0","0","yes"
"avro","release-1.5.3","/lang/java/avro/src/main/java/org/apache/avro/io/DecoderFactory.java/","org.apache.avro.io.DecoderFactory","0","1","1","1","1","4","no"
"avro","release-1.5.3","/lang/java/avro/src/main/java/org/apache/avro/file/CodecFactory.java/","org.apache.avro.file.CodecFactory","0","0","1","0","0","1","no"
"avro","release-1.5.3","/lang/java/avro/src/main/java/org/apache/avro/AvroTypeException.java/","org.apache.avro.AvroTypeException","0","0","0","0","0","0","no"
"avro","release-1.5.3","/lang/java/avro/src/main/java/org/apache/avro/Schema.java/","org.apache.avro.Schema.Field","0","1","1","0","3","5","yes"
"avro","release-1.5.3","/lang/java/ipc/src/main/java/org/apache/avro/ipc/HttpTransceiver.java/","org.apache.avro.ipc.HttpTransceiver","0","0","1","0","0","1","yes"
"avro","release-1.5.3","/lang/java/avro/src/main/java/org/apache/avro/file/DataFileReader.java/","org.apache.avro.file.DataFileReader.SeekableInputStream","0","0","1","0","0","1","yes"
"avro","release-1.5.3","/lang/java/maven-plugin/src/main/java/org/apache/avro/mojo/AbstractAvroMojo.java/","org.apache.avro.mojo.AbstractAvroMojo","0","0","1","0","1","2","yes"
"avro","release-1.5.3","/lang/java/ipc/src/main/java/org/apache/avro/ipc/trace/SpanAggregator.java/","org.apache.avro.ipc.trace.SpanAggregator.TraceFormationResults","0","0","0","0","0","0","no"
"avro","release-1.5.3","/lang/java/avro/src/main/java/org/apache/avro/generic/GenericRecord.java/","org.apache.avro.generic.GenericRecord","0","0","0","0","0","0","no"
"avro","release-1.5.3","/lang/java/avro/src/main/java/org/apache/avro/io/DecoderFactory.java/","org.apache.avro.io.DecoderFactory.DefaultDecoderFactory","0","0","0","0","0","0","no"
"avro","release-1.5.3","/lang/java/ipc/src/main/java/org/apache/avro/ipc/ResponderServlet.java/","org.apache.avro.ipc.ResponderServlet","0","0","1","0","0","1","no"
"avro","release-1.5.3","/lang/java/avro/src/main/java/org/apache/avro/generic/GenericData.java/","org.apache.avro.generic.GenericData.Fixed","0","1","1","0","4","6","yes"
"avro","release-1.5.3","/lang/java/avro/src/main/java/org/apache/avro/Schema.java/","org.apache.avro.Schema.Name","0","1","1","0","4","6","yes"
"avro","release-1.5.3","/lang/java/mapred/src/main/java/org/apache/avro/mapred/tether/TetherReducer.java/","org.apache.avro.mapred.tether.TetherReducer","0","1","1","0","0","2","no"
"avro","release-1.5.3","/lang/java/avro/src/main/java/org/apache/avro/io/BufferedBinaryEncoder.java/","org.apache.avro.io.BufferedBinaryEncoder.OutputStreamSink","0","0","1","0","0","1","no"
"avro","release-1.5.3","/lang/java/avro/src/main/java/org/apache/avro/SchemaParseException.java/","org.apache.avro.SchemaParseException","0","0","0","0","0","0","no"
"avro","release-1.5.3","/lang/java/avro/src/main/java/org/apache/avro/io/parsing/Symbol.java/","org.apache.avro.io.parsing.Symbol.SkipAction","0","0","1","0","0","1","yes"
"avro","release-1.5.3","/lang/java/tools/src/main/java/org/apache/avro/tool/JsonToBinaryFragmentTool.java/","org.apache.avro.tool.JsonToBinaryFragmentTool","0","0","1","1","2","4","yes"
"avro","release-1.5.3","/lang/java/avro/src/main/java/org/apache/avro/io/BlockingBinaryEncoder.java/","org.apache.avro.io.BlockingBinaryEncoder.BlockedValue.State","0","0","0","0","0","0","no"
"avro","release-1.5.3","/lang/java/mapred/src/main/java/org/apache/avro/mapred/tether/TetherKeySerialization.java/","org.apache.avro.mapred.tether.TetherKeySerialization.TetherDataSerializer","0","0","1","0","0","1","no"
"avro","release-1.5.3","/lang/java/ipc/src/main/java/org/apache/avro/ipc/reflect/ReflectResponder.java/","org.apache.avro.ipc.reflect.ReflectResponder","0","0","0","0","1","1","no"
"avro","release-1.5.3","/lang/java/avro/src/main/java/org/apache/avro/Schema.java/","org.apache.avro.Schema.Field.Order","0","0","0","0","0","0","yes"
"avro","release-1.5.3","/lang/java/ipc/src/main/java/org/apache/avro/ipc/NettyTransportCodec.java/","org.apache.avro.ipc.NettyTransportCodec.NettyFrameEncoder","0","0","1","0","0","1","no"
"avro","release-1.5.3","/lang/java/ipc/src/main/java/org/apache/avro/ipc/HttpServer.java/","org.apache.avro.ipc.HttpServer","0","0","1","0","0","1","no"
"avro","release-1.5.3","/lang/java/tools/src/main/java/org/apache/avro/tool/InduceSchemaTool.java/","org.apache.avro.tool.InduceSchemaTool","0","0","1","0","4","5","no"
"avro","release-1.5.3","/lang/java/avro/src/main/java/org/apache/avro/io/DirectBinaryDecoder.java/","org.apache.avro.io.DirectBinaryDecoder","0","1","1","0","3","5","yes"
"avro","release-1.5.3","/lang/java/ipc/src/main/java/org/apache/avro/ipc/Requestor.java/","org.apache.avro.ipc.Requestor.Request","0","1","1","0","0","2","yes"
"avro","release-1.5.3","/lang/java/mapred/src/main/java/org/apache/avro/mapred/HadoopMapper.java/","org.apache.avro.mapred.HadoopMapper.MapCollector","0","0","1","0","0","1","no"
"avro","release-1.5.3","/lang/java/ipc/src/main/java/org/apache/avro/ipc/SaslSocketTransceiver.java/","org.apache.avro.ipc.SaslSocketTransceiver.SaslParticipant","0","0","1","0","0","1","yes"
"avro","release-1.5.3","/lang/java/ipc/src/main/java/org/apache/avro/ipc/trace/TraceClientServlet.java/","org.apache.avro.ipc.trace.TraceClientServlet","0","1","1","1","6","9","no"
"avro","release-1.5.3","/lang/java/avro/src/main/java/org/apache/avro/file/SeekableInput.java/","org.apache.avro.file.SeekableInput","0","0","0","0","0","0","no"
"avro","release-1.5.3","/lang/java/ipc/src/main/java/org/apache/avro/ipc/specific/SpecificRequestor.java/","org.apache.avro.ipc.specific.SpecificRequestor","0","0","1","0","0","1","yes"
"avro","release-1.5.3","/lang/java/avro/src/main/java/org/apache/avro/io/EncoderFactory.java/","org.apache.avro.io.EncoderFactory.DefaultEncoderFactory","0","0","0","0","0","0","no"
"avro","release-1.5.3","/lang/java/mapred/src/main/java/org/apache/avro/mapred/AvroAsTextInputFormat.java/","org.apache.avro.mapred.AvroAsTextInputFormat","0","0","1","0","0","1","no"
"avro","release-1.5.3","/lang/java/avro/src/main/java/org/apache/avro/io/DatumReader.java/","org.apache.avro.io.DatumReader","0","0","0","0","0","0","no"
"avro","release-1.5.3","/lang/java/mapred/src/main/java/org/apache/avro/mapred/AvroTextOutputFormat.java/","org.apache.avro.mapred.AvroTextOutputFormat.AvroTextRecordWriter","0","0","1","0","3","4","yes"
"avro","release-1.5.3","/lang/java/mapred/src/main/java/org/apache/avro/mapred/AvroAsTextRecordReader.java/","org.apache.avro.mapred.AvroAsTextRecordReader","0","0","1","0","0","1","no"
"avro","release-1.5.3","/lang/java/tools/src/main/java/org/apache/avro/tool/DataFileWriteTool.java/","org.apache.avro.tool.DataFileWriteTool","1","0","1","0","2","4","yes"
"avro","release-1.5.3","/lang/java/avro/src/main/java/org/apache/avro/specific/SpecificDatumReader.java/","org.apache.avro.specific.SpecificDatumReader.SchemaConstructable","0","0","0","0","0","0","no"
"avro","release-1.5.3","/lang/java/avro/src/main/java/org/apache/avro/AvroRemoteException.java/","org.apache.avro.AvroRemoteException","0","0","0","0","0","0","yes"
"avro","release-1.5.3","/lang/java/tools/src/main/java/org/apache/avro/tool/BinaryFragmentToJsonTool.java/","org.apache.avro.tool.BinaryFragmentToJsonTool","0","0","1","1","2","4","yes"
"avro","release-1.5.3","/lang/java/avro/src/main/java/org/apache/avro/file/DataFileWriter.java/","org.apache.avro.file.DataFileWriter.NonCopyingByteArrayOutputStream","0","0","1","0","0","1","yes"
"avro","release-1.5.3","/lang/java/compiler/src/main/java/org/apache/avro/compiler/specific/SpecificCompiler.java/","org.apache.avro.compiler.specific.SpecificCompiler.OutputFile","0","0","1","0","1","2","yes"
"avro","release-1.5.3","/lang/java/avro/src/main/java/org/apache/avro/generic/GenericArray.java/","org.apache.avro.generic.GenericArray","0","0","0","0","0","0","no"
"avro","release-1.5.3","/lang/java/avro/src/main/java/org/apache/avro/Schema.java/","org.apache.avro.Schema.Type","0","0","0","0","0","0","yes"
"avro","release-1.5.3","/lang/java/avro/src/main/java/org/apache/avro/io/parsing/Symbol.java/","org.apache.avro.io.parsing.Symbol.UnionAdjustAction","0","0","1","0","0","1","yes"
"avro","release-1.5.3","/lang/java/avro/src/main/java/org/apache/avro/file/SeekableFileInput.java/","org.apache.avro.file.SeekableFileInput","0","0","1","0","0","1","no"
"avro","release-1.5.3","/lang/java/avro/src/main/java/org/apache/avro/specific/FixedSize.java/","org.apache.avro.specific.FixedSize","0","0","0","0","0","0","no"
"avro","release-1.5.3","/lang/java/avro/src/main/java/org/apache/avro/Schema.java/","org.apache.avro.Schema.SeenPair","0","1","1","0","2","4","yes"
"avro","release-1.5.3","/lang/java/avro/src/main/java/org/apache/avro/Schema.java/","org.apache.avro.Schema","1","1","1","0","84","87","yes"
"avro","release-1.5.3","/lang/java/avro/src/main/java/org/apache/avro/io/parsing/Symbol.java/","org.apache.avro.io.parsing.Symbol.DefaultStartAction","0","0","0","0","1","1","yes"
"avro","release-1.5.3","/lang/java/avro/src/main/java/org/apache/avro/file/Codec.java/","org.apache.avro.file.Codec","0","0","0","0","0","0","no"
"avro","release-1.5.3","/lang/java/avro/src/main/java/org/apache/avro/io/ValidatingEncoder.java/","org.apache.avro.io.ValidatingEncoder","0","1","1","0","0","2","no"
"avro","release-1.5.3","/lang/java/ipc/src/main/java/org/apache/avro/ipc/trace/FileSpanStorage.java/","org.apache.avro.ipc.trace.FileSpanStorage.DiskWriterThread","0","1","1","0","7","9","no"
"avro","release-1.5.3","/lang/java/avro/src/main/java/org/apache/avro/file/NullCodec.java/","org.apache.avro.file.NullCodec","0","0","1","0","0","1","no"
"avro","release-1.5.3","/lang/java/ipc/src/main/java/org/apache/avro/ipc/stats/StatsServlet.java/","org.apache.avro.ipc.stats.StatsServlet","1","1","1","1","19","23","no"
"avro","release-1.5.3","/lang/java/ipc/src/main/java/org/apache/avro/ipc/SaslSocketTransceiver.java/","org.apache.avro.ipc.SaslSocketTransceiver.AnonymousClient","0","0","1","0","9","10","yes"
"avro","release-1.5.3","/lang/java/ipc/src/main/java/org/apache/avro/ipc/reflect/ReflectRequestor.java/","org.apache.avro.ipc.reflect.ReflectRequestor","0","0","1","0","0","1","no"
"avro","release-1.5.3","/lang/java/mapred/src/main/java/org/apache/avro/mapred/AvroKeyComparator.java/","org.apache.avro.mapred.AvroKeyComparator","0","0","1","0","0","1","no"
"avro","release-1.5.3","/lang/java/mapred/src/main/java/org/apache/avro/mapred/tether/TetherMapRunner.java/","org.apache.avro.mapred.tether.TetherMapRunner","0","1","1","0","0","2","no"
"avro","release-1.5.3","/lang/java/mapred/src/main/java/org/apache/avro/mapred/SequenceFileReader.java/","org.apache.avro.mapred.SequenceFileReader.Converter","0","0","0","0","0","0","no"
"avro","release-1.5.3","/lang/java/avro/src/main/java/org/apache/avro/Schema.java/","org.apache.avro.Schema.Parser","0","0","1","0","1","2","yes"
"avro","release-1.5.3","/lang/java/avro/src/main/java/org/apache/avro/file/DataFileStream.java/","org.apache.avro.file.DataFileStream.Header","0","0","0","0","0","0","yes"
"avro","release-1.5.3","/lang/java/mapred/src/main/java/org/apache/avro/mapred/tether/TetherRecordReader.java/","org.apache.avro.mapred.tether.TetherRecordReader","0","0","1","0","0","1","no"
"avro","release-1.5.3","/lang/java/avro/src/main/java/org/apache/avro/reflect/ReflectDatumReader.java/","org.apache.avro.reflect.ReflectDatumReader","0","0","1","0","0","1","yes"
"avro","release-1.5.3","/lang/java/tools/src/main/java/org/apache/avro/tool/RecodecTool.java/","org.apache.avro.tool.RecodecTool","1","0","1","0","4","6","yes"
"avro","release-1.5.3","/lang/java/avro/src/main/java/org/apache/avro/io/BufferedBinaryEncoder.java/","org.apache.avro.io.BufferedBinaryEncoder","0","1","1","0","0","2","no"
"avro","release-1.5.3","/lang/java/avro/src/main/java/org/apache/avro/specific/SpecificRecordBase.java/","org.apache.avro.specific.SpecificRecordBase","0","0","1","0","0","1","yes"
"avro","release-1.5.3","/lang/java/avro/src/main/java/org/apache/avro/io/parsing/Symbol.java/","org.apache.avro.io.parsing.Symbol.Fixup","0","0","0","0","1","1","yes"
"avro","release-1.5.3","/lang/java/mapred/src/main/java/org/apache/avro/mapred/AvroInputFormat.java/","org.apache.avro.mapred.AvroInputFormat","0","0","1","0","0","1","no"
"avro","release-1.5.3","/lang/java/ipc/src/main/java/org/apache/avro/ipc/SaslSocketServer.java/","org.apache.avro.ipc.SaslSocketServer.AnonymousServer","0","0","0","0","9","9","no"
"avro","release-1.5.3","/lang/java/avro/src/main/java/org/apache/avro/io/JsonEncoder.java/","org.apache.avro.io.JsonEncoder","0","1","1","0","0","2","no"
"avro","release-1.5.3","/lang/java/avro/src/main/java/org/apache/avro/file/DataFileReader12.java/","org.apache.avro.file.DataFileReader12","0","1","1","0","3","5","yes"
"avro","release-1.5.3","/lang/java/avro/src/main/java/org/apache/avro/Protocol.java/","org.apache.avro.Protocol","1","1","1","0","8","11","yes"
"avro","release-1.5.3","/lang/java/avro/src/main/java/org/apache/avro/util/ByteBufferOutputStream.java/","org.apache.avro.util.ByteBufferOutputStream","0","0","1","0","2","3","yes"
"avro","release-1.5.3","/lang/java/ipc/src/main/java/org/apache/avro/ipc/stats/Histogram.java/","org.apache.avro.ipc.stats.Histogram.TreeMapSegmenter","0","0","1","0","4","5","no"
"avro","release-1.5.3","/lang/java/tools/src/main/java/org/apache/avro/tool/TetherTool.java/","org.apache.avro.tool.TetherTool","0","0","1","0","0","1","yes"
"avro","release-1.5.3","/lang/java/avro/src/main/java/org/apache/avro/generic/GenericContainer.java/","org.apache.avro.generic.GenericContainer","0","0","0","0","0","0","no"
"avro","release-1.5.3","/lang/java/tools/src/main/java/org/apache/avro/tool/RpcSendTool.java/","org.apache.avro.tool.RpcSendTool","0","0","1","1","1","3","yes"
"avro","release-1.5.3","/lang/java/ipc/src/main/java/org/apache/avro/ipc/stats/IntegerHistogram.java/","org.apache.avro.ipc.stats.IntegerHistogram","0","0","1","0","0","1","no"
"avro","release-1.5.3","/lang/java/ipc/src/main/java/org/apache/avro/ipc/stats/Histogram.java/","org.apache.avro.ipc.stats.Histogram.SegmenterException","0","0","0","0","0","0","no"
"avro","release-1.5.3","/lang/java/ipc/src/main/java/org/apache/avro/ipc/Server.java/","org.apache.avro.ipc.Server","0","0","0","0","0","0","no"
"avro","release-1.5.3","/lang/java/ipc/src/main/java/org/apache/avro/ipc/stats/Stopwatch.java/","org.apache.avro.ipc.stats.Stopwatch.Ticks","0","0","0","0","0","0","no"
"avro","release-1.5.3","/lang/java/ipc/src/main/java/org/apache/avro/ipc/LocalTransceiver.java/","org.apache.avro.ipc.LocalTransceiver","0","0","1","0","0","1","no"
"avro","release-1.5.3","/lang/java/avro/src/main/java/org/apache/avro/Schema.java/","org.apache.avro.Schema.LongSchema","0","0","0","0","0","0","yes"
"avro","release-1.5.3","/lang/java/tools/src/main/java/org/apache/avro/tool/Tool.java/","org.apache.avro.tool.Tool","0","0","0","0","0","0","no"
"avro","release-1.5.3","/lang/java/avro/src/main/java/org/apache/avro/specific/SpecificFixed.java/","org.apache.avro.specific.SpecificFixed","0","0","0","0","0","0","no"
"avro","release-1.5.3","/lang/java/avro/src/main/java/org/apache/avro/io/parsing/ValidatingGrammarGenerator.java/","org.apache.avro.io.parsing.ValidatingGrammarGenerator","1","1","1","1","2","6","no"
"avro","release-1.5.3","/lang/java/avro/src/main/java/org/apache/avro/generic/GenericDatumWriter.java/","org.apache.avro.generic.GenericDatumWriter","0","1","1","0","0","2","yes"
"avro","release-1.5.3","/lang/java/ipc/src/main/java/org/apache/avro/ipc/trace/Trace.java/","org.apache.avro.ipc.trace.Trace","0","1","1","0","5","7","no"
"avro","release-1.5.3","/lang/java/avro/src/main/java/org/apache/avro/Schema.java/","org.apache.avro.Schema.EnumSchema","0","0","1","0","7","8","yes"
"avro","release-1.5.3","/lang/java/avro/src/main/java/org/apache/avro/io/parsing/ResolvingGrammarGenerator.java/","org.apache.avro.io.parsing.ResolvingGrammarGenerator.LitS2","0","0","1","0","2","3","yes"
"avro","release-1.5.3","/lang/java/avro/src/main/java/org/apache/avro/io/parsing/Parser.java/","org.apache.avro.io.parsing.Parser.ActionHandler","0","0","0","0","0","0","no"
"avro","release-1.5.3","/lang/java/mapred/src/main/java/org/apache/avro/mapred/AvroJob.java/","org.apache.avro.mapred.AvroJob","0","1","1","0","0","2","no"
"avro","release-1.5.3","/lang/java/ipc/src/main/java/org/apache/avro/ipc/trace/InMemorySpanStorage.java/","org.apache.avro.ipc.trace.InMemorySpanStorage","0","1","1","0","1","3","no"
"avro","release-1.5.3","/lang/java/avro/src/main/java/org/apache/avro/io/Decoder.java/","org.apache.avro.io.Decoder","0","1","1","0","0","2","no"
"avro","release-1.5.3","/lang/java/tools/src/main/java/org/apache/avro/tool/ToTextTool.java/","org.apache.avro.tool.ToTextTool","0","0","1","0","0","1","no"
"avro","release-1.5.3","/lang/java/mapred/src/main/java/org/apache/avro/mapred/AvroTextOutputFormat.java/","org.apache.avro.mapred.AvroTextOutputFormat","0","0","1","0","3","4","yes"
"avro","release-1.5.3","/lang/java/avro/src/main/java/org/apache/avro/util/WeakIdentityHashMap.java/","org.apache.avro.util.WeakIdentityHashMap.IdentityWeakReference","0","0","0","0","2","2","yes"
"avro","release-1.5.3","/lang/java/ipc/src/main/java/org/apache/avro/ipc/trace/FileSpanStorage.java/","org.apache.avro.ipc.trace.FileSpanStorage","1","1","1","1","18","22","no"
"avro","release-1.5.3","/lang/java/ipc/src/main/java/org/apache/avro/ipc/DatagramTransceiver.java/","org.apache.avro.ipc.DatagramTransceiver","0","0","1","0","2","3","yes"
"avro","release-1.5.3","/lang/java/avro/src/main/java/org/apache/avro/io/DatumWriter.java/","org.apache.avro.io.DatumWriter","0","0","0","0","0","0","no"
"avro","release-1.5.3","/lang/java/mapred/src/main/java/org/apache/avro/mapred/tether/TetherInputFormat.java/","org.apache.avro.mapred.tether.TetherInputFormat","0","0","1","0","0","1","no"
"avro","release-1.5.3","/lang/java/mapred/src/main/java/org/apache/avro/mapred/AvroMapper.java/","org.apache.avro.mapred.AvroMapper","0","0","1","0","0","1","no"
"avro","release-1.5.3","/lang/java/avro/src/main/java/org/apache/avro/io/parsing/Symbol.java/","org.apache.avro.io.parsing.Symbol.ErrorAction","0","0","0","0","0","0","yes"
"avro","release-1.5.3","/lang/java/mapred/src/main/java/org/apache/avro/mapred/HadoopReducer.java/","org.apache.avro.mapred.HadoopReducer","0","0","1","0","0","1","no"
"avro","release-1.5.3","/lang/java/avro/src/main/java/org/apache/avro/io/BlockingBinaryEncoder.java/","org.apache.avro.io.BlockingBinaryEncoder.BlockedValue","0","1","1","0","0","2","no"
"avro","release-1.5.3","/lang/java/ipc/src/main/java/org/apache/avro/ipc/SaslSocketTransceiver.java/","org.apache.avro.ipc.SaslSocketTransceiver","1","1","1","0","19","22","yes"
"avro","release-1.5.3","/lang/java/avro/src/main/java/org/apache/avro/file/DataFileWriter.java/","org.apache.avro.file.DataFileWriter.AppendWriteException","0","0","0","0","0","0","yes"
"avro","release-1.5.3","/lang/java/mapred/src/main/java/org/apache/avro/mapred/AvroReducer.java/","org.apache.avro.mapred.AvroReducer","0","0","1","0","0","1","no"
"avro","release-1.5.3","/lang/java/ipc/src/main/java/org/apache/avro/ipc/Transceiver.java/","org.apache.avro.ipc.Transceiver","0","0","1","0","1","2","no"
"avro","release-1.5.3","/lang/java/avro/src/main/java/org/apache/avro/Schema.java/","org.apache.avro.Schema.IntSchema","0","0","0","0","0","0","yes"
"avro","release-1.5.3","/lang/java/avro/src/main/java/org/apache/avro/util/WeakIdentityHashMap.java/","org.apache.avro.util.WeakIdentityHashMap","0","0","1","0","18","19","yes"
"avro","release-1.5.3","/lang/java/mapred/src/main/java/org/apache/avro/mapred/tether/TetherJob.java/","org.apache.avro.mapred.tether.TetherJob","0","0","1","0","0","1","yes"
"avro","release-1.5.3","/lang/java/ipc/src/main/java/org/apache/avro/ipc/CallFuture.java/","org.apache.avro.ipc.CallFuture","0","0","1","0","0","1","no"
"avro","release-1.5.3","/lang/java/mapred/src/main/java/org/apache/avro/mapred/HadoopMapper.java/","org.apache.avro.mapred.HadoopMapper","0","1","1","0","0","2","no"
"avro","release-1.5.3","/lang/java/avro/src/main/java/org/apache/avro/generic/GenericEnumSymbol.java/","org.apache.avro.generic.GenericEnumSymbol","0","0","0","0","1","1","no"
"avro","release-1.5.3","/lang/java/avro/src/main/java/org/apache/avro/file/DataFileReader.java/","org.apache.avro.file.DataFileReader","0","1","1","0","1","3","yes"
"avro","release-1.5.3","/lang/java/tools/src/main/java/org/apache/avro/tool/IdlTool.java/","org.apache.avro.tool.IdlTool","0","0","1","0","3","4","no"
"avro","release-1.5.3","/lang/java/avro/src/main/java/org/apache/avro/io/parsing/Symbol.java/","org.apache.avro.io.parsing.Symbol.ImplicitAction","0","0","0","0","0","0","yes"
"avro","release-1.5.3","/lang/java/avro/src/main/java/org/apache/avro/file/DataFileWriter.java/","org.apache.avro.file.DataFileWriter.BufferedFileOutputStream","0","0","0","0","0","0","yes"
"avro","release-1.5.3","/lang/java/avro/src/main/java/org/apache/avro/util/Utf8.java/","org.apache.avro.util.Utf8","0","1","1","0","2","4","yes"
"avro","release-1.5.3","/lang/java/avro/src/main/java/org/apache/avro/io/BinaryData.java/","org.apache.avro.io.BinaryData.Decoders","0","1","0","0","2","3","no"
"avro","release-1.5.3","/lang/java/compiler/src/main/java/org/apache/avro/compiler/specific/ProtocolTask.java/","org.apache.avro.compiler.specific.ProtocolTask","0","0","1","0","4","5","no"
"avro","release-1.5.3","/lang/java/avro/src/main/java/org/apache/avro/io/DirectBinaryDecoder.java/","org.apache.avro.io.DirectBinaryDecoder.ByteReader","0","0","1","1","0","2","yes"
"avro","release-1.5.3","/lang/java/avro/src/main/java/org/apache/avro/io/parsing/Symbol.java/","org.apache.avro.io.parsing.Symbol","0","1","1","0","22","24","yes"
"avro","release-1.5.3","/lang/java/mapred/src/main/java/org/apache/avro/mapred/tether/TetherKeyComparator.java/","org.apache.avro.mapred.tether.TetherKeyComparator","0","0","1","0","1","2","no"
"avro","release-1.5.3","/lang/java/mapred/src/main/java/org/apache/avro/mapred/AvroSerialization.java/","org.apache.avro.mapred.AvroSerialization","0","0","1","0","1","2","yes"
"avro","release-1.5.3","/lang/java/ipc/src/main/java/org/apache/avro/ipc/SaslSocketServer.java/","org.apache.avro.ipc.SaslSocketServer.SaslServerFactory","0","0","0","0","0","0","no"
"avro","release-1.5.3","/lang/java/avro/src/main/java/org/apache/avro/io/parsing/Symbol.java/","org.apache.avro.io.parsing.Symbol.EnumAdjustAction","0","0","0","0","2","2","yes"
"avro","release-1.5.3","/lang/java/ipc/src/main/java/org/apache/avro/ipc/generic/GenericRequestor.java/","org.apache.avro.ipc.generic.GenericRequestor","0","0","1","0","0","1","yes"
"avro","release-1.5.3","/lang/java/ipc/src/main/java/org/apache/avro/ipc/NettyTransportCodec.java/","org.apache.avro.ipc.NettyTransportCodec","0","0","0","0","4","4","no"
"avro","release-1.5.3","/lang/java/avro/src/main/java/org/apache/avro/file/DataFileWriter.java/","org.apache.avro.file.DataFileWriter","0","1","1","0","0","2","yes"
"avro","release-1.5.3","/lang/java/avro/src/main/java/org/apache/avro/io/parsing/Symbol.java/","org.apache.avro.io.parsing.Symbol.Sequence","0","1","1","0","5","7","yes"
"avro","release-1.5.3","/lang/java/avro/src/main/java/org/apache/avro/generic/GenericData.java/","org.apache.avro.generic.GenericData.Array","0","1","1","0","5","7","yes"
"avro","release-1.5.3","/lang/java/compiler/src/main/java/org/apache/avro/compiler/specific/SpecificCompiler.java/","org.apache.avro.compiler.specific.SpecificCompiler.Slf4jLogChute","0","1","1","0","3","5","yes"
"avro","release-1.5.3","/lang/java/avro/src/main/java/org/apache/avro/io/parsing/Symbol.java/","org.apache.avro.io.parsing.Symbol.FieldAdjustAction","0","0","0","0","0","0","yes"
"avro","release-1.5.3","/lang/java/avro/src/main/java/org/apache/avro/io/parsing/Symbol.java/","org.apache.avro.io.parsing.Symbol.Root","0","0","0","0","1","1","yes"
"avro","release-1.5.3","/lang/java/avro/src/main/java/org/apache/avro/io/BinaryDecoder.java/","org.apache.avro.io.BinaryDecoder","0","1","1","1","12","15","yes"
"avro","release-1.5.3","/lang/java/compiler/src/main/java/org/apache/avro/compiler/specific/SchemaTask.java/","org.apache.avro.compiler.specific.SchemaTask","0","0","1","0","0","1","no"
"avro","release-1.5.3","/lang/java/avro/src/main/java/org/apache/avro/io/BinaryDecoder.java/","org.apache.avro.io.BinaryDecoder.ByteArrayByteSource","0","1","1","0","0","2","yes"
"avro","release-1.5.3","/lang/java/mapred/src/main/java/org/apache/avro/mapred/HadoopReducerBase.java/","org.apache.avro.mapred.HadoopReducerBase.ReduceIterable","0","0","1","0","4","5","no"
"avro","release-1.5.3","/lang/java/mapred/src/main/java/org/apache/avro/mapred/AvroValue.java/","org.apache.avro.mapred.AvroValue","0","0","0","0","0","0","no"
"avro","release-1.5.3","/lang/java/ipc/src/main/java/org/apache/avro/ipc/stats/Histogram.java/","org.apache.avro.ipc.stats.Histogram.Entry","0","0","0","0","0","0","no"
"avro","release-1.5.3","/lang/java/avro/src/main/java/org/apache/avro/io/JsonDecoder.java/","org.apache.avro.io.JsonDecoder","0","1","1","1","0","3","yes"
"avro","release-1.5.3","/lang/java/ipc/src/main/java/org/apache/avro/ipc/DatagramServer.java/","org.apache.avro.ipc.DatagramServer","0","0","1","0","2","3","no"
"avro","release-1.5.3","/lang/java/ipc/src/main/java/org/apache/avro/ipc/stats/StatsServlet.java/","org.apache.avro.ipc.stats.StatsServlet.RenderableMessage","0","0","0","0","5","5","no"
"avro","release-1.5.3","/lang/java/ipc/src/main/java/org/apache/avro/ipc/NettyTransportCodec.java/","org.apache.avro.ipc.NettyTransportCodec.NettyFrameDecoder","0","0","1","0","4","5","no"
"avro","release-1.5.3","/lang/java/avro/src/main/java/org/apache/avro/io/parsing/Symbol.java/","org.apache.avro.io.parsing.Symbol.EnumLabelsAction","0","0","1","0","0","1","yes"
"avro","release-1.5.3","/lang/java/ipc/src/main/java/org/apache/avro/ipc/trace/SpanStorage.java/","org.apache.avro.ipc.trace.SpanStorage","0","0","0","0","0","0","no"
"avro","release-1.5.3","/lang/java/ipc/src/main/java/org/apache/avro/ipc/stats/StatsServer.java/","org.apache.avro.ipc.stats.StatsServer","0","0","0","0","0","0","no"
"avro","release-1.5.3","/lang/java/avro/src/main/java/org/apache/avro/generic/GenericFixed.java/","org.apache.avro.generic.GenericFixed","0","0","0","0","0","0","no"
"avro","release-1.5.3","/lang/java/avro/src/main/java/org/apache/avro/specific/SpecificExceptionBase.java/","org.apache.avro.specific.SpecificExceptionBase","0","0","1","0","2","3","no"
"avro","release-1.5.3","/lang/java/avro/src/main/java/org/apache/avro/file/SnappyCodec.java/","org.apache.avro.file.SnappyCodec.Option","0","0","0","0","0","0","yes"
"avro","release-1.5.3","/lang/java/avro/src/main/java/org/apache/avro/specific/SpecificDatumReader.java/","org.apache.avro.specific.SpecificDatumReader","0","0","1","0","0","1","no"
"avro","release-1.5.3","/lang/java/avro/src/main/java/org/apache/avro/Schema.java/","org.apache.avro.Schema.RecordSchema","0","1","1","0","6","8","yes"
"avro","release-1.5.3","/lang/java/avro/src/main/java/org/apache/avro/io/parsing/Symbol.java/","org.apache.avro.io.parsing.Symbol.Terminal","0","0","0","0","1","1","yes"
"avro","release-1.5.3","/lang/java/avro/src/main/java/org/apache/avro/io/ValidatingDecoder.java/","org.apache.avro.io.ValidatingDecoder","0","1","1","0","2","4","no"
"avro","release-1.5.3","/lang/java/avro/src/main/java/org/apache/avro/Schema.java/","org.apache.avro.Schema.DoubleSchema","0","0","0","0","0","0","yes"
"avro","release-1.5.3","/lang/java/avro/src/main/java/org/apache/avro/io/parsing/SkipParser.java/","org.apache.avro.io.parsing.SkipParser.SkipHandler","0","0","0","0","0","0","no"
"avro","release-1.5.3","/lang/java/avro/src/main/java/org/apache/avro/io/ParsingEncoder.java/","org.apache.avro.io.ParsingEncoder","0","0","1","0","0","1","no"
"avro","release-1.5.3","/lang/java/mapred/src/main/java/org/apache/avro/mapred/FsInput.java/","org.apache.avro.mapred.FsInput","0","0","1","0","1","2","no"
"avro","release-1.5.3","/lang/java/ipc/src/main/java/org/apache/avro/ipc/stats/Stopwatch.java/","org.apache.avro.ipc.stats.Stopwatch","0","0","1","0","0","1","no"
"avro","release-1.5.3","/lang/java/avro/src/main/java/org/apache/avro/io/DirectBinaryEncoder.java/","org.apache.avro.io.DirectBinaryEncoder","0","0","1","0","0","1","no"
"avro","release-1.5.3","/lang/java/avro/src/main/java/org/apache/avro/Schema.java/","org.apache.avro.Schema.Props","0","0","1","0","0","1","yes"
"avro","release-1.5.3","/lang/java/ipc/src/main/java/org/apache/avro/ipc/SocketServer.java/","org.apache.avro.ipc.SocketServer.Connection","0","0","1","0","1","2","yes"
"avro","release-1.5.3","/lang/java/avro/src/main/java/org/apache/avro/io/BinaryData.java/","org.apache.avro.io.BinaryData","1","1","1","1","10","14","no"
"avro","release-1.5.3","/lang/java/ipc/src/main/java/org/apache/avro/ipc/specific/SpecificResponder.java/","org.apache.avro.ipc.specific.SpecificResponder","0","0","1","0","0","1","yes"
"avro","release-1.5.3","/lang/java/mapred/src/main/java/org/apache/avro/mapred/HadoopCombiner.java/","org.apache.avro.mapred.HadoopCombiner","0","0","1","0","0","1","no"
"avro","release-1.5.3","/lang/java/avro/src/main/java/org/apache/avro/io/parsing/Parser.java/","org.apache.avro.io.parsing.Parser","0","1","1","0","0","2","no"
"avro","release-1.5.3","/lang/java/avro/src/main/java/org/apache/avro/file/NullCodec.java/","org.apache.avro.file.NullCodec.Option","0","0","0","0","0","0","no"
"avro","release-1.5.3","/lang/java/ipc/src/main/java/org/apache/avro/ipc/stats/StaticServlet.java/","org.apache.avro.ipc.stats.StaticServlet","0","0","1","0","0","1","no"
"avro","release-1.5.3","/lang/java/ipc/src/main/java/org/apache/avro/ipc/trace/TracePluginConfiguration.java/","org.apache.avro.ipc.trace.TracePluginConfiguration","0","1","0","0","0","1","no"
"avro","release-1.5.3","/lang/java/mapred/src/main/java/org/apache/avro/mapred/HadoopReducerBase.java/","org.apache.avro.mapred.HadoopReducerBase","0","1","1","0","4","6","no"
"avro","release-1.5.3","/lang/java/avro/src/main/java/org/apache/avro/reflect/Stringable.java/","org.apache.avro.reflect.Stringable","0","0","0","0","0","0","no"
"avro","release-1.5.3","/lang/java/avro/src/main/java/org/apache/avro/io/parsing/Symbol.java/","org.apache.avro.io.parsing.Symbol.Alternative","0","1","1","0","1","3","yes"
"avro","release-1.5.3","/lang/java/avro/src/main/java/org/apache/avro/io/BinaryData.java/","org.apache.avro.io.BinaryData.HashData","0","0","0","0","0","0","no"
"avro","release-1.5.3","/lang/java/ipc/src/main/java/org/apache/avro/ipc/trace/TraceCollection.java/","org.apache.avro.ipc.trace.TraceCollection.TraceTiming","0","1","1","0","2","4","no"
"avro","release-1.5.3","/lang/java/avro/src/main/java/org/apache/avro/Schema.java/","org.apache.avro.Schema.UnionSchema","0","0","1","0","5","6","yes"
"avro","release-1.5.3","/lang/java/avro/src/main/java/org/apache/avro/generic/GenericData.java/","org.apache.avro.generic.GenericData.Record","0","0","1","0","0","1","yes"
"avro","release-1.5.3","/lang/java/ipc/src/main/java/org/apache/avro/ipc/SocketServer.java/","org.apache.avro.ipc.SocketServer","0","0","1","0","6","7","yes"
"avro","release-1.5.3","/lang/java/ipc/src/main/java/org/apache/avro/ipc/trace/StaticServlet.java/","org.apache.avro.ipc.trace.StaticServlet","0","0","1","0","0","1","no"
"avro","release-1.5.3","/lang/java/avro/src/main/java/org/apache/avro/util/ByteBufferInputStream.java/","org.apache.avro.util.ByteBufferInputStream","0","0","1","0","0","1","yes"
"avro","release-1.5.3","/lang/java/maven-plugin/src/main/java/org/apache/avro/mojo/IDLProtocolMojo.java/","org.apache.avro.mojo.IDLProtocolMojo","0","0","1","0","2","3","no"
"avro","release-1.5.4","/lang/java/ipc/src/main/java/org/apache/avro/ipc/trace/Util.java/","org.apache.avro.ipc.trace.Util","0","1","1","0","7","9","no"
"avro","release-1.5.4","/lang/java/avro/src/main/java/org/apache/avro/file/DataFileWriter.java/","org.apache.avro.file.DataFileWriter.BufferedFileOutputStream.PositionFilter","0","0","1","0","0","1","yes"
"avro","release-1.5.4","/lang/java/mapred/src/main/java/org/apache/avro/mapred/AvroSerialization.java/","org.apache.avro.mapred.AvroSerialization.AvroWrapperSerializer","0","0","1","0","0","1","yes"
"avro","release-1.5.4","/lang/java/avro/src/main/java/org/apache/avro/io/DirectBinaryDecoder.java/","org.apache.avro.io.DirectBinaryDecoder.ReuseByteReader","0","0","0","0","0","0","yes"
"avro","release-1.5.4","/lang/java/ipc/src/main/java/org/apache/avro/ipc/trace/TracePlugin.java/","org.apache.avro.ipc.trace.TracePlugin","1","1","1","0","2","5","no"
"avro","release-1.5.4","/lang/java/avro/src/main/java/org/apache/avro/generic/GenericDatumReader.java/","org.apache.avro.generic.GenericDatumReader","0","1","1","0","1","3","yes"
"avro","release-1.5.4","/lang/java/mapred/src/main/java/org/apache/avro/mapred/tether/TetherPartitioner.java/","org.apache.avro.mapred.tether.TetherPartitioner","0","0","1","0","0","1","no"
"avro","release-1.5.4","/lang/java/ipc/src/main/java/org/apache/avro/ipc/Requestor.java/","org.apache.avro.ipc.Requestor","1","1","1","0","4","7","yes"
"avro","release-1.5.4","/lang/java/avro/src/main/java/org/apache/avro/Schema.java/","org.apache.avro.Schema.StringSchema","0","0","0","0","0","0","yes"
"avro","release-1.5.4","/lang/java/compiler/src/main/java/org/apache/avro/compiler/specific/SpecificCompiler.java/","org.apache.avro.compiler.specific.SpecificCompiler","0","1","1","0","5","7","yes"
"avro","release-1.5.4","/lang/java/mapred/src/main/java/org/apache/avro/mapred/HadoopReducer.java/","org.apache.avro.mapred.HadoopReducer.ReduceCollector","0","0","1","0","0","1","no"
"avro","release-1.5.4","/lang/java/avro/src/main/java/org/apache/avro/io/BinaryDecoder.java/","org.apache.avro.io.BinaryDecoder.BufferAccessor","0","1","1","0","2","4","yes"
"avro","release-1.5.4","/lang/java/avro/src/main/java/org/apache/avro/specific/SpecificDatumWriter.java/","org.apache.avro.specific.SpecificDatumWriter","0","0","1","0","0","1","no"
"avro","release-1.5.4","/lang/java/avro/src/main/java/org/apache/avro/io/BinaryEncoder.java/","org.apache.avro.io.BinaryEncoder","0","0","1","0","0","1","no"
"avro","release-1.5.4","/lang/java/ipc/src/main/java/org/apache/avro/ipc/trace/TraceCollection.java/","org.apache.avro.ipc.trace.TraceCollection.TraceNodeStats","0","1","1","0","0","2","no"
"avro","release-1.5.4","/lang/java/ipc/src/main/java/org/apache/avro/ipc/RPCPlugin.java/","org.apache.avro.ipc.RPCPlugin","0","0","0","0","0","0","no"
"avro","release-1.5.4","/lang/java/ipc/src/main/java/org/apache/avro/ipc/trace/Trace.java/","org.apache.avro.ipc.trace.Trace.NodeComparator","0","1","1","0","0","2","no"
"avro","release-1.5.4","/lang/java/avro/src/main/java/org/apache/avro/file/DeflateCodec.java/","org.apache.avro.file.DeflateCodec.Option","0","0","0","0","0","0","no"
"avro","release-1.5.4","/lang/java/ipc/src/main/java/org/apache/avro/ipc/trace/SpanAggregator.java/","org.apache.avro.ipc.trace.SpanAggregator","1","1","1","0","4","7","no"
"avro","release-1.5.4","/lang/java/mapred/src/main/java/org/apache/avro/mapred/tether/TetheredProcess.java/","org.apache.avro.mapred.tether.TetheredProcess","0","1","1","0","1","3","yes"
"avro","release-1.5.4","/lang/java/avro/src/main/java/org/apache/avro/io/Encoder.java/","org.apache.avro.io.Encoder","0","1","1","0","0","2","no"
"avro","release-1.5.4","/lang/java/ipc/src/main/java/org/apache/avro/ipc/Ipc.java/","org.apache.avro.ipc.Ipc","0","0","1","0","0","1","no"
"avro","release-1.5.4","/lang/java/avro/src/main/java/org/apache/avro/io/parsing/Symbol.java/","org.apache.avro.io.parsing.Symbol.Kind","0","0","0","0","0","0","yes"
"avro","release-1.5.4","/lang/java/avro/src/main/java/org/apache/avro/Schema.java/","org.apache.avro.Schema.Names","0","0","1","0","0","1","yes"
"avro","release-1.5.4","/lang/java/mapred/src/main/java/org/apache/avro/mapred/SequenceFileInputFormat.java/","org.apache.avro.mapred.SequenceFileInputFormat","0","0","1","0","0","1","no"
"avro","release-1.5.4","/lang/java/avro/src/main/java/org/apache/avro/generic/IndexedRecord.java/","org.apache.avro.generic.IndexedRecord","0","0","0","0","0","0","no"
"avro","release-1.5.4","/lang/java/avro/src/main/java/org/apache/avro/Protocol.java/","org.apache.avro.Protocol.Message","0","1","1","0","3","5","yes"
"avro","release-1.5.4","/lang/java/avro/src/main/java/org/apache/avro/io/parsing/Symbol.java/","org.apache.avro.io.parsing.Symbol.ResolvingAction","0","0","1","0","0","1","yes"
"avro","release-1.5.4","/lang/java/avro/src/main/java/org/apache/avro/Schema.java/","org.apache.avro.Schema.NamedSchema","0","1","1","0","9","11","yes"
"avro","release-1.5.4","/lang/java/tools/src/main/java/org/apache/avro/tool/DataFileReadTool.java/","org.apache.avro.tool.DataFileReadTool","0","0","1","0","0","1","yes"
"avro","release-1.5.4","/lang/java/ipc/src/main/java/org/apache/avro/ipc/Responder.java/","org.apache.avro.ipc.Responder","1","1","1","0","2","5","no"
"avro","release-1.5.4","/lang/java/ipc/src/main/java/org/apache/avro/ipc/Requestor.java/","org.apache.avro.ipc.Requestor.Response","0","0","1","0","0","1","yes"
"avro","release-1.5.4","/lang/java/avro/src/main/java/org/apache/avro/io/parsing/Symbol.java/","org.apache.avro.io.parsing.Symbol.FieldOrderAction","0","0","0","0","2","2","yes"
"avro","release-1.5.4","/lang/java/avro/src/main/java/org/apache/avro/Schema.java/","org.apache.avro.Schema.FixedSchema","0","0","1","0","4","5","yes"
"avro","release-1.5.4","/lang/java/avro/src/main/java/org/apache/avro/file/FileReader.java/","org.apache.avro.file.FileReader","0","0","0","0","0","0","no"
"avro","release-1.5.4","/lang/java/tools/src/main/java/org/apache/avro/tool/RpcReceiveTool.java/","org.apache.avro.tool.RpcReceiveTool","0","0","1","1","1","3","yes"
"avro","release-1.5.4","/lang/java/ipc/src/main/java/org/apache/avro/ipc/trace/TracePlugin.java/","org.apache.avro.ipc.trace.TracePlugin.StorageType","0","0","0","0","0","0","no"
"avro","release-1.5.4","/lang/java/ipc/src/main/java/org/apache/avro/ipc/Requestor.java/","org.apache.avro.ipc.Requestor.TransceiverCallback","0","0","1","0","2","3","yes"
"avro","release-1.5.4","/lang/java/tools/src/main/java/org/apache/avro/tool/RpcReceiveTool.java/","org.apache.avro.tool.RpcReceiveTool.SinkResponder","0","0","1","0","0","1","yes"
"avro","release-1.5.4","/lang/java/mapred/src/main/java/org/apache/avro/mapred/Pair.java/","org.apache.avro.mapred.Pair","0","1","1","0","0","2","yes"
"avro","release-1.5.4","/lang/java/avro/src/main/java/org/apache/avro/io/parsing/SkipParser.java/","org.apache.avro.io.parsing.SkipParser","0","1","1","0","0","2","no"
"avro","release-1.5.4","/lang/java/tools/src/main/java/org/apache/avro/tool/Util.java/","org.apache.avro.tool.Util","0","0","1","0","4","5","yes"
"avro","release-1.5.4","/lang/java/ipc/src/main/java/org/apache/avro/ipc/SaslSocketServer.java/","org.apache.avro.ipc.SaslSocketServer","0","0","1","0","12","13","no"
"avro","release-1.5.4","/lang/java/mapred/src/main/java/org/apache/avro/mapred/SequenceFileReader.java/","org.apache.avro.mapred.SequenceFileReader","0","1","1","0","11","13","no"
"avro","release-1.5.4","/lang/java/tools/src/main/java/org/apache/avro/tool/DataFileGetSchemaTool.java/","org.apache.avro.tool.DataFileGetSchemaTool","0","0","1","0","0","1","no"
"avro","release-1.5.4","/lang/java/mapred/src/main/java/org/apache/avro/mapred/AvroWrapper.java/","org.apache.avro.mapred.AvroWrapper","0","0","1","0","2","3","no"
"avro","release-1.5.4","/lang/java/ipc/src/main/java/org/apache/avro/ipc/stats/FloatHistogram.java/","org.apache.avro.ipc.stats.FloatHistogram","0","0","1","0","0","1","no"
"avro","release-1.5.4","/lang/java/ipc/src/main/java/org/apache/avro/ipc/NettyTransceiver.java/","org.apache.avro.ipc.NettyTransceiver","0","1","1","0","6","8","yes"
"avro","release-1.5.4","/lang/java/ipc/src/main/java/org/apache/avro/ipc/NettyServer.java/","org.apache.avro.ipc.NettyServer.NettyServerAvroHandler","0","0","1","0","2","3","yes"
"avro","release-1.5.4","/lang/java/ipc/src/main/java/org/apache/avro/ipc/NettyServer.java/","org.apache.avro.ipc.NettyServer","0","0","1","0","2","3","yes"
"avro","release-1.5.4","/lang/java/ipc/src/main/java/org/apache/avro/ipc/trace/TracePlugin.java/","org.apache.avro.ipc.trace.TracePlugin.TraceResponder","0","0","0","0","0","0","no"
"avro","release-1.5.4","/lang/java/avro/src/main/java/org/apache/avro/io/ResolvingDecoder.java/","org.apache.avro.io.ResolvingDecoder","0","1","1","1","0","3","no"
"avro","release-1.5.4","/lang/java/avro/src/main/java/org/apache/avro/reflect/ReflectData.java/","org.apache.avro.reflect.ReflectData","1","1","1","0","4","7","yes"
"avro","release-1.5.4","/lang/java/avro/src/main/java/org/apache/avro/io/EncoderFactory.java/","org.apache.avro.io.EncoderFactory","0","1","1","0","2","4","no"
"avro","release-1.5.4","/lang/java/avro/src/main/java/org/apache/avro/Protocol.java/","org.apache.avro.Protocol.TwoWayMessage","0","1","1","0","0","2","yes"
"avro","release-1.5.4","/lang/java/avro/src/main/java/org/apache/avro/Schema.java/","org.apache.avro.Schema.BooleanSchema","0","0","0","0","0","0","yes"
"avro","release-1.5.4","/lang/java/mapred/src/main/java/org/apache/avro/mapred/SequenceFileReader.java/","org.apache.avro.mapred.SequenceFileReader.WritableData","0","0","1","0","0","1","no"
"avro","release-1.5.4","/lang/java/avro/src/main/java/org/apache/avro/Schema.java/","org.apache.avro.Schema.BytesSchema","0","0","0","0","0","0","yes"
"avro","release-1.5.4","/lang/java/mapred/src/main/java/org/apache/avro/mapred/HadoopCombiner.java/","org.apache.avro.mapred.HadoopCombiner.PairCollector","0","0","1","0","0","1","no"
"avro","release-1.5.4","/lang/java/ipc/src/main/java/org/apache/avro/ipc/generic/GenericResponder.java/","org.apache.avro.ipc.generic.GenericResponder","0","0","1","0","1","2","no"
"avro","release-1.5.4","/lang/java/ipc/src/main/java/org/apache/avro/ipc/NettyTransportCodec.java/","org.apache.avro.ipc.NettyTransportCodec.NettyDataPack","0","0","0","0","0","0","no"
"avro","release-1.5.4","/lang/java/avro/src/main/java/org/apache/avro/Schema.java/","org.apache.avro.Schema.FloatSchema","0","0","0","0","0","0","yes"
"avro","release-1.5.4","/lang/java/avro/src/main/java/org/apache/avro/file/LengthLimitedInputStream.java/","org.apache.avro.file.LengthLimitedInputStream","0","0","1","0","1","2","no"
"avro","release-1.5.4","/lang/java/avro/src/main/java/org/apache/avro/file/DataFileConstants.java/","org.apache.avro.file.DataFileConstants","0","0","0","0","0","0","no"
"avro","release-1.5.4","/lang/java/ipc/src/main/java/org/apache/avro/ipc/stats/Histogram.java/","org.apache.avro.ipc.stats.Histogram.Segmenter","0","0","0","0","0","0","no"
"avro","release-1.5.4","/lang/java/avro/src/main/java/org/apache/avro/reflect/Union.java/","org.apache.avro.reflect.Union","0","0","0","0","0","0","no"
"avro","release-1.5.4","/lang/java/ipc/src/main/java/org/apache/avro/ipc/stats/Stopwatch.java/","org.apache.avro.ipc.stats.Stopwatch.SystemTicks","0","0","1","0","0","1","no"
"avro","release-1.5.4","/lang/java/ipc/src/main/java/org/apache/avro/ipc/trace/TraceCollection.java/","org.apache.avro.ipc.trace.TraceCollection","0","1","1","0","6","8","no"
"avro","release-1.5.4","/lang/java/avro/src/main/java/org/apache/avro/Schema.java/","org.apache.avro.Schema.LockableArrayList","0","0","0","0","8","8","yes"
"avro","release-1.5.4","/lang/java/avro/src/main/java/org/apache/avro/AvroRuntimeException.java/","org.apache.avro.AvroRuntimeException","0","0","0","0","0","0","no"
"avro","release-1.5.4","/lang/java/mapred/src/main/java/org/apache/avro/mapred/AvroOutputFormat.java/","org.apache.avro.mapred.AvroOutputFormat","0","0","1","0","0","1","no"
"avro","release-1.5.4","/lang/java/avro/src/main/java/org/apache/avro/io/ParsingDecoder.java/","org.apache.avro.io.ParsingDecoder","0","1","1","0","0","2","no"
"avro","release-1.5.4","/lang/java/maven-plugin/src/main/java/org/apache/avro/mojo/ProtocolMojo.java/","org.apache.avro.mojo.ProtocolMojo","0","0","1","0","2","3","yes"
"avro","release-1.5.4","/lang/java/mapred/src/main/java/org/apache/avro/mapred/AvroUtf8InputFormat.java/","org.apache.avro.mapred.AvroUtf8InputFormat.Utf8LineRecordReader","0","0","1","0","0","1","no"
"avro","release-1.5.4","/lang/java/ipc/src/main/java/org/apache/avro/ipc/SocketTransceiver.java/","org.apache.avro.ipc.SocketTransceiver","0","0","1","0","2","3","yes"
"avro","release-1.5.4","/lang/java/avro/src/main/java/org/apache/avro/Schema.java/","org.apache.avro.Schema.MapSchema","0","0","1","0","4","5","yes"
"avro","release-1.5.4","/lang/java/avro/src/main/java/org/apache/avro/io/parsing/Symbol.java/","org.apache.avro.io.parsing.Symbol.Repeater","0","0","1","0","1","2","yes"
"avro","release-1.5.4","/lang/java/mapred/src/main/java/org/apache/avro/mapred/tether/TetherKeySerialization.java/","org.apache.avro.mapred.tether.TetherKeySerialization","0","0","1","0","1","2","no"
"avro","release-1.5.4","/lang/java/avro/src/main/java/org/apache/avro/reflect/ReflectDatumWriter.java/","org.apache.avro.reflect.ReflectDatumWriter","0","0","1","0","6","7","yes"
"avro","release-1.5.4","/lang/java/avro/src/main/java/org/apache/avro/reflect/ReflectData.java/","org.apache.avro.reflect.ReflectData.AllowNull","0","0","0","0","1","1","yes"
"avro","release-1.5.4","/lang/java/avro/src/main/java/org/apache/avro/file/DataFileStream.java/","org.apache.avro.file.DataFileStream.DataBlock","0","1","1","0","1","3","yes"
"avro","release-1.5.4","/lang/java/mapred/src/main/java/org/apache/avro/mapred/AvroSerialization.java/","org.apache.avro.mapred.AvroSerialization.AvroWrapperDeserializer","0","0","1","0","1","2","yes"
"avro","release-1.5.4","/lang/java/mapred/src/main/java/org/apache/avro/mapred/AvroCollector.java/","org.apache.avro.mapred.AvroCollector","0","0","0","0","0","0","no"
"avro","release-1.5.4","/lang/java/avro/src/main/java/org/apache/avro/io/parsing/ValidatingGrammarGenerator.java/","org.apache.avro.io.parsing.ValidatingGrammarGenerator.LitS","0","0","1","0","2","3","no"
"avro","release-1.5.4","/lang/java/avro/src/main/java/org/apache/avro/specific/SpecificRecord.java/","org.apache.avro.specific.SpecificRecord","0","0","0","0","0","0","no"
"avro","release-1.5.4","/lang/java/ipc/src/main/java/org/apache/avro/ipc/stats/StatsPlugin.java/","org.apache.avro.ipc.stats.StatsPlugin","0","1","1","1","0","3","no"
"avro","release-1.5.4","/lang/java/mapred/src/main/java/org/apache/avro/mapred/tether/TetherData.java/","org.apache.avro.mapred.tether.TetherData","0","0","0","0","0","0","no"
"avro","release-1.5.4","/lang/java/tools/src/main/java/org/apache/avro/tool/SpecificCompilerTool.java/","org.apache.avro.tool.SpecificCompilerTool","0","1","1","0","8","10","yes"
"avro","release-1.5.4","/lang/java/avro/src/main/java/org/apache/avro/io/parsing/Symbol.java/","org.apache.avro.io.parsing.Symbol.WriterUnionAction","0","0","0","0","0","0","yes"
"avro","release-1.5.4","/lang/java/avro/src/main/java/org/apache/avro/file/DataFileStream.java/","org.apache.avro.file.DataFileStream","0","1","1","1","3","6","yes"
"avro","release-1.5.4","/lang/java/avro/src/main/java/org/apache/avro/file/DeflateCodec.java/","org.apache.avro.file.DeflateCodec","0","0","1","0","1","2","no"
"avro","release-1.5.4","/lang/java/avro/src/main/java/org/apache/avro/specific/SpecificData.java/","org.apache.avro.specific.SpecificData","1","1","1","0","1","4","yes"
"avro","release-1.5.4","/lang/java/ipc/src/main/java/org/apache/avro/ipc/NettyTransceiver.java/","org.apache.avro.ipc.NettyTransceiver.NettyClientAvroHandler","0","0","1","0","3","4","yes"
"avro","release-1.5.4","/lang/java/avro/src/main/java/org/apache/avro/reflect/Nullable.java/","org.apache.avro.reflect.Nullable","0","0","0","0","0","0","no"
"avro","release-1.5.4","/lang/java/tools/src/main/java/org/apache/avro/tool/FromTextTool.java/","org.apache.avro.tool.FromTextTool","1","0","1","0","6","8","yes"
"avro","release-1.5.4","/lang/java/avro/src/main/java/org/apache/avro/io/BufferedBinaryEncoder.java/","org.apache.avro.io.BufferedBinaryEncoder.ByteSink","0","0","0","0","0","0","no"
"avro","release-1.5.4","/lang/java/mapred/src/main/java/org/apache/avro/mapred/AvroRecordReader.java/","org.apache.avro.mapred.AvroRecordReader","0","0","1","0","0","1","no"
"avro","release-1.5.4","/lang/java/ipc/src/main/java/org/apache/avro/ipc/SaslSocketTransceiver.java/","org.apache.avro.ipc.SaslSocketTransceiver.Status","0","0","0","0","0","0","yes"
"avro","release-1.5.4","/lang/java/avro/src/main/java/org/apache/avro/io/parsing/ResolvingGrammarGenerator.java/","org.apache.avro.io.parsing.ResolvingGrammarGenerator","1","1","1","1","10","14","yes"
"avro","release-1.5.4","/lang/java/mapred/src/main/java/org/apache/avro/mapred/SequenceFileRecordReader.java/","org.apache.avro.mapred.SequenceFileRecordReader","0","0","0","0","0","0","no"
"avro","release-1.5.4","/lang/java/ipc/src/main/java/org/apache/avro/ipc/stats/Histogram.java/","org.apache.avro.ipc.stats.Histogram","0","1","1","0","7","9","no"
"avro","release-1.5.4","/lang/java/ipc/src/main/java/org/apache/avro/ipc/RPCContext.java/","org.apache.avro.ipc.RPCContext","0","1","1","0","1","3","no"
"avro","release-1.5.4","/lang/java/avro/src/main/java/org/apache/avro/io/BlockingBinaryEncoder.java/","org.apache.avro.io.BlockingBinaryEncoder","1","1","1","0","1","4","no"
"avro","release-1.5.4","/lang/java/avro/src/main/java/org/apache/avro/io/parsing/JsonGrammarGenerator.java/","org.apache.avro.io.parsing.JsonGrammarGenerator","0","1","1","1","0","3","yes"
"avro","release-1.5.4","/lang/java/mapred/src/main/java/org/apache/avro/mapred/tether/TetherOutputService.java/","org.apache.avro.mapred.tether.TetherOutputService","0","1","1","0","2","4","no"
"avro","release-1.5.4","/lang/java/ipc/src/main/java/org/apache/avro/ipc/trace/TraceCollection.java/","org.apache.avro.ipc.trace.TraceCollection.TraceComparotor","0","0","1","0","0","1","no"
"avro","release-1.5.4","/lang/java/maven-plugin/src/main/java/org/apache/avro/mojo/SchemaMojo.java/","org.apache.avro.mojo.SchemaMojo","0","0","1","0","2","3","yes"
"avro","release-1.5.4","/lang/java/avro/src/main/java/org/apache/avro/Schema.java/","org.apache.avro.Schema.NullSchema","0","0","0","0","0","0","yes"
"avro","release-1.5.4","/lang/java/mapred/src/main/java/org/apache/avro/mapred/AvroUtf8InputFormat.java/","org.apache.avro.mapred.AvroUtf8InputFormat","0","0","1","0","0","1","no"
"avro","release-1.5.4","/lang/java/ipc/src/main/java/org/apache/avro/ipc/Callback.java/","org.apache.avro.ipc.Callback","0","0","0","0","0","0","no"
"avro","release-1.5.4","/lang/java/avro/src/main/java/org/apache/avro/io/BinaryDecoder.java/","org.apache.avro.io.BinaryDecoder.InputStreamByteSource","0","1","1","0","4","6","yes"
"avro","release-1.5.4","/lang/java/avro/src/main/java/org/apache/avro/generic/GenericData.java/","org.apache.avro.generic.GenericData.EnumSymbol","0","0","1","0","0","1","yes"
"avro","release-1.5.4","/lang/java/avro/src/main/java/org/apache/avro/io/parsing/Symbol.java/","org.apache.avro.io.parsing.Symbol.IntCheckAction","0","0","0","0","0","0","yes"
"avro","release-1.5.4","/lang/java/avro/src/main/java/org/apache/avro/UnresolvedUnionException.java/","org.apache.avro.UnresolvedUnionException","0","0","0","0","0","0","no"
"avro","release-1.5.4","/lang/java/tools/src/main/java/org/apache/avro/tool/Main.java/","org.apache.avro.tool.Main","0","1","1","0","6","8","yes"
"avro","release-1.5.4","/lang/java/mapred/src/main/java/org/apache/avro/mapred/tether/TetherOutputFormat.java/","org.apache.avro.mapred.tether.TetherOutputFormat","0","0","1","0","0","1","no"
"avro","release-1.5.4","/lang/java/mapred/src/main/java/org/apache/avro/mapred/AvroKey.java/","org.apache.avro.mapred.AvroKey","0","0","0","0","0","0","no"
"avro","release-1.5.4","/lang/java/ipc/src/main/java/org/apache/avro/ipc/trace/TraceNode.java/","org.apache.avro.ipc.trace.TraceNode","0","1","1","0","0","2","no"
"avro","release-1.5.4","/lang/java/avro/src/main/java/org/apache/avro/Schema.java/","org.apache.avro.Schema.ArraySchema","0","0","1","0","4","5","yes"
"avro","release-1.5.4","/lang/java/ipc/src/main/java/org/apache/avro/ipc/trace/SpanAggregator.java/","org.apache.avro.ipc.trace.SpanAggregator.SpanAggregationResults","0","0","0","0","0","0","no"
"avro","release-1.5.4","/lang/java/avro/src/main/java/org/apache/avro/io/BinaryDecoder.java/","org.apache.avro.io.BinaryDecoder.ByteSource","0","1","1","0","0","2","yes"
"avro","release-1.5.4","/lang/java/avro/src/main/java/org/apache/avro/file/SnappyCodec.java/","org.apache.avro.file.SnappyCodec","0","0","1","0","0","1","yes"
"avro","release-1.5.4","/lang/java/avro/src/main/java/org/apache/avro/generic/GenericData.java/","org.apache.avro.generic.GenericData","1","1","1","1","10","14","yes"
"avro","release-1.5.4","/lang/java/mapred/src/main/java/org/apache/avro/mapred/tether/TetherKeySerialization.java/","org.apache.avro.mapred.tether.TetherKeySerialization.TetherDataDeserializer","0","0","1","0","1","2","no"
"avro","release-1.5.4","/lang/java/ipc/src/main/java/org/apache/avro/ipc/stats/Histogram.java/","org.apache.avro.ipc.stats.Histogram.EntryIterator","0","0","1","0","0","1","no"
"avro","release-1.5.4","/lang/java/tools/src/main/java/org/apache/avro/tool/SpecificCompilerTool.java/","org.apache.avro.tool.SpecificCompilerTool.FileExtensionFilter","0","0","0","0","0","0","yes"
"avro","release-1.5.4","/lang/java/avro/src/main/java/org/apache/avro/io/DecoderFactory.java/","org.apache.avro.io.DecoderFactory","0","1","1","1","1","4","no"
"avro","release-1.5.4","/lang/java/avro/src/main/java/org/apache/avro/file/CodecFactory.java/","org.apache.avro.file.CodecFactory","0","0","1","0","0","1","no"
"avro","release-1.5.4","/lang/java/avro/src/main/java/org/apache/avro/AvroTypeException.java/","org.apache.avro.AvroTypeException","0","0","0","0","0","0","no"
"avro","release-1.5.4","/lang/java/avro/src/main/java/org/apache/avro/Schema.java/","org.apache.avro.Schema.Field","0","1","1","0","3","5","yes"
"avro","release-1.5.4","/lang/java/ipc/src/main/java/org/apache/avro/ipc/HttpTransceiver.java/","org.apache.avro.ipc.HttpTransceiver","0","0","1","0","0","1","yes"
"avro","release-1.5.4","/lang/java/avro/src/main/java/org/apache/avro/file/DataFileReader.java/","org.apache.avro.file.DataFileReader.SeekableInputStream","0","0","1","0","0","1","yes"
"avro","release-1.5.4","/lang/java/maven-plugin/src/main/java/org/apache/avro/mojo/AbstractAvroMojo.java/","org.apache.avro.mojo.AbstractAvroMojo","0","0","1","0","1","2","yes"
"avro","release-1.5.4","/lang/java/ipc/src/main/java/org/apache/avro/ipc/trace/SpanAggregator.java/","org.apache.avro.ipc.trace.SpanAggregator.TraceFormationResults","0","0","0","0","0","0","no"
"avro","release-1.5.4","/lang/java/avro/src/main/java/org/apache/avro/generic/GenericRecord.java/","org.apache.avro.generic.GenericRecord","0","0","0","0","0","0","no"
"avro","release-1.5.4","/lang/java/avro/src/main/java/org/apache/avro/io/DecoderFactory.java/","org.apache.avro.io.DecoderFactory.DefaultDecoderFactory","0","0","0","0","0","0","no"
"avro","release-1.5.4","/lang/java/ipc/src/main/java/org/apache/avro/ipc/ResponderServlet.java/","org.apache.avro.ipc.ResponderServlet","0","0","1","0","0","1","no"
"avro","release-1.5.4","/lang/java/avro/src/main/java/org/apache/avro/generic/GenericData.java/","org.apache.avro.generic.GenericData.Fixed","0","1","1","0","4","6","yes"
"avro","release-1.5.4","/lang/java/avro/src/main/java/org/apache/avro/Schema.java/","org.apache.avro.Schema.Name","0","1","1","0","4","6","yes"
"avro","release-1.5.4","/lang/java/mapred/src/main/java/org/apache/avro/mapred/tether/TetherReducer.java/","org.apache.avro.mapred.tether.TetherReducer","0","1","1","0","0","2","no"
"avro","release-1.5.4","/lang/java/avro/src/main/java/org/apache/avro/io/BufferedBinaryEncoder.java/","org.apache.avro.io.BufferedBinaryEncoder.OutputStreamSink","0","0","1","0","0","1","no"
"avro","release-1.5.4","/lang/java/avro/src/main/java/org/apache/avro/SchemaParseException.java/","org.apache.avro.SchemaParseException","0","0","0","0","0","0","no"
"avro","release-1.5.4","/lang/java/avro/src/main/java/org/apache/avro/io/parsing/Symbol.java/","org.apache.avro.io.parsing.Symbol.SkipAction","0","0","1","0","0","1","yes"
"avro","release-1.5.4","/lang/java/tools/src/main/java/org/apache/avro/tool/JsonToBinaryFragmentTool.java/","org.apache.avro.tool.JsonToBinaryFragmentTool","0","0","1","1","2","4","yes"
"avro","release-1.5.4","/lang/java/avro/src/main/java/org/apache/avro/io/BlockingBinaryEncoder.java/","org.apache.avro.io.BlockingBinaryEncoder.BlockedValue.State","0","0","0","0","0","0","no"
"avro","release-1.5.4","/lang/java/mapred/src/main/java/org/apache/avro/mapred/tether/TetherKeySerialization.java/","org.apache.avro.mapred.tether.TetherKeySerialization.TetherDataSerializer","0","0","1","0","0","1","no"
"avro","release-1.5.4","/lang/java/ipc/src/main/java/org/apache/avro/ipc/reflect/ReflectResponder.java/","org.apache.avro.ipc.reflect.ReflectResponder","0","0","0","0","1","1","no"
"avro","release-1.5.4","/lang/java/avro/src/main/java/org/apache/avro/Schema.java/","org.apache.avro.Schema.Field.Order","0","0","0","0","0","0","yes"
"avro","release-1.5.4","/lang/java/ipc/src/main/java/org/apache/avro/ipc/NettyTransportCodec.java/","org.apache.avro.ipc.NettyTransportCodec.NettyFrameEncoder","0","0","1","0","0","1","no"
"avro","release-1.5.4","/lang/java/ipc/src/main/java/org/apache/avro/ipc/HttpServer.java/","org.apache.avro.ipc.HttpServer","0","0","1","0","0","1","no"
"avro","release-1.5.4","/lang/java/tools/src/main/java/org/apache/avro/tool/InduceSchemaTool.java/","org.apache.avro.tool.InduceSchemaTool","0","0","1","0","4","5","no"
"avro","release-1.5.4","/lang/java/avro/src/main/java/org/apache/avro/io/DirectBinaryDecoder.java/","org.apache.avro.io.DirectBinaryDecoder","0","1","1","0","3","5","yes"
"avro","release-1.5.4","/lang/java/ipc/src/main/java/org/apache/avro/ipc/Requestor.java/","org.apache.avro.ipc.Requestor.Request","0","1","1","0","0","2","yes"
"avro","release-1.5.4","/lang/java/mapred/src/main/java/org/apache/avro/mapred/HadoopMapper.java/","org.apache.avro.mapred.HadoopMapper.MapCollector","0","0","1","0","0","1","no"
"avro","release-1.5.4","/lang/java/ipc/src/main/java/org/apache/avro/ipc/SaslSocketTransceiver.java/","org.apache.avro.ipc.SaslSocketTransceiver.SaslParticipant","0","0","1","0","0","1","yes"
"avro","release-1.5.4","/lang/java/ipc/src/main/java/org/apache/avro/ipc/trace/TraceClientServlet.java/","org.apache.avro.ipc.trace.TraceClientServlet","0","1","1","1","6","9","no"
"avro","release-1.5.4","/lang/java/avro/src/main/java/org/apache/avro/file/SeekableInput.java/","org.apache.avro.file.SeekableInput","0","0","0","0","0","0","no"
"avro","release-1.5.4","/lang/java/ipc/src/main/java/org/apache/avro/ipc/specific/SpecificRequestor.java/","org.apache.avro.ipc.specific.SpecificRequestor","0","0","1","0","0","1","yes"
"avro","release-1.5.4","/lang/java/avro/src/main/java/org/apache/avro/io/EncoderFactory.java/","org.apache.avro.io.EncoderFactory.DefaultEncoderFactory","0","0","0","0","0","0","no"
"avro","release-1.5.4","/lang/java/mapred/src/main/java/org/apache/avro/mapred/AvroAsTextInputFormat.java/","org.apache.avro.mapred.AvroAsTextInputFormat","0","0","1","0","0","1","no"
"avro","release-1.5.4","/lang/java/avro/src/main/java/org/apache/avro/io/DatumReader.java/","org.apache.avro.io.DatumReader","0","0","0","0","0","0","no"
"avro","release-1.5.4","/lang/java/mapred/src/main/java/org/apache/avro/mapred/AvroTextOutputFormat.java/","org.apache.avro.mapred.AvroTextOutputFormat.AvroTextRecordWriter","0","0","1","0","3","4","yes"
"avro","release-1.5.4","/lang/java/mapred/src/main/java/org/apache/avro/mapred/AvroAsTextRecordReader.java/","org.apache.avro.mapred.AvroAsTextRecordReader","0","0","1","0","0","1","no"
"avro","release-1.5.4","/lang/java/tools/src/main/java/org/apache/avro/tool/DataFileWriteTool.java/","org.apache.avro.tool.DataFileWriteTool","1","0","1","0","2","4","yes"
"avro","release-1.5.4","/lang/java/avro/src/main/java/org/apache/avro/specific/SpecificDatumReader.java/","org.apache.avro.specific.SpecificDatumReader.SchemaConstructable","0","0","0","0","0","0","no"
"avro","release-1.5.4","/lang/java/avro/src/main/java/org/apache/avro/AvroRemoteException.java/","org.apache.avro.AvroRemoteException","0","0","0","0","0","0","yes"
"avro","release-1.5.4","/lang/java/tools/src/main/java/org/apache/avro/tool/BinaryFragmentToJsonTool.java/","org.apache.avro.tool.BinaryFragmentToJsonTool","0","0","1","1","2","4","yes"
"avro","release-1.5.4","/lang/java/avro/src/main/java/org/apache/avro/file/DataFileWriter.java/","org.apache.avro.file.DataFileWriter.NonCopyingByteArrayOutputStream","0","0","1","0","0","1","yes"
"avro","release-1.5.4","/lang/java/compiler/src/main/java/org/apache/avro/compiler/specific/SpecificCompiler.java/","org.apache.avro.compiler.specific.SpecificCompiler.OutputFile","0","0","1","0","1","2","yes"
"avro","release-1.5.4","/lang/java/avro/src/main/java/org/apache/avro/generic/GenericArray.java/","org.apache.avro.generic.GenericArray","0","0","0","0","0","0","no"
"avro","release-1.5.4","/lang/java/avro/src/main/java/org/apache/avro/Schema.java/","org.apache.avro.Schema.Type","0","0","0","0","0","0","yes"
"avro","release-1.5.4","/lang/java/avro/src/main/java/org/apache/avro/io/parsing/Symbol.java/","org.apache.avro.io.parsing.Symbol.UnionAdjustAction","0","0","1","0","0","1","yes"
"avro","release-1.5.4","/lang/java/avro/src/main/java/org/apache/avro/file/SeekableFileInput.java/","org.apache.avro.file.SeekableFileInput","0","0","1","0","0","1","no"
"avro","release-1.5.4","/lang/java/avro/src/main/java/org/apache/avro/specific/FixedSize.java/","org.apache.avro.specific.FixedSize","0","0","0","0","0","0","no"
"avro","release-1.5.4","/lang/java/avro/src/main/java/org/apache/avro/Schema.java/","org.apache.avro.Schema.SeenPair","0","1","1","0","2","4","yes"
"avro","release-1.5.4","/lang/java/avro/src/main/java/org/apache/avro/Schema.java/","org.apache.avro.Schema","1","1","1","0","84","87","yes"
"avro","release-1.5.4","/lang/java/avro/src/main/java/org/apache/avro/io/parsing/Symbol.java/","org.apache.avro.io.parsing.Symbol.DefaultStartAction","0","0","0","0","1","1","yes"
"avro","release-1.5.4","/lang/java/avro/src/main/java/org/apache/avro/file/Codec.java/","org.apache.avro.file.Codec","0","0","0","0","0","0","no"
"avro","release-1.5.4","/lang/java/avro/src/main/java/org/apache/avro/io/ValidatingEncoder.java/","org.apache.avro.io.ValidatingEncoder","0","1","1","0","0","2","no"
"avro","release-1.5.4","/lang/java/ipc/src/main/java/org/apache/avro/ipc/trace/FileSpanStorage.java/","org.apache.avro.ipc.trace.FileSpanStorage.DiskWriterThread","0","1","1","0","7","9","no"
"avro","release-1.5.4","/lang/java/avro/src/main/java/org/apache/avro/file/NullCodec.java/","org.apache.avro.file.NullCodec","0","0","1","0","0","1","no"
"avro","release-1.5.4","/lang/java/ipc/src/main/java/org/apache/avro/ipc/stats/StatsServlet.java/","org.apache.avro.ipc.stats.StatsServlet","1","1","1","1","19","23","no"
"avro","release-1.5.4","/lang/java/ipc/src/main/java/org/apache/avro/ipc/SaslSocketTransceiver.java/","org.apache.avro.ipc.SaslSocketTransceiver.AnonymousClient","0","0","1","0","9","10","yes"
"avro","release-1.5.4","/lang/java/ipc/src/main/java/org/apache/avro/ipc/reflect/ReflectRequestor.java/","org.apache.avro.ipc.reflect.ReflectRequestor","0","0","1","0","0","1","no"
"avro","release-1.5.4","/lang/java/mapred/src/main/java/org/apache/avro/mapred/AvroKeyComparator.java/","org.apache.avro.mapred.AvroKeyComparator","0","0","1","0","0","1","no"
"avro","release-1.5.4","/lang/java/mapred/src/main/java/org/apache/avro/mapred/tether/TetherMapRunner.java/","org.apache.avro.mapred.tether.TetherMapRunner","0","1","1","0","0","2","no"
"avro","release-1.5.4","/lang/java/mapred/src/main/java/org/apache/avro/mapred/SequenceFileReader.java/","org.apache.avro.mapred.SequenceFileReader.Converter","0","0","0","0","0","0","no"
"avro","release-1.5.4","/lang/java/avro/src/main/java/org/apache/avro/Schema.java/","org.apache.avro.Schema.Parser","0","0","1","0","1","2","yes"
"avro","release-1.5.4","/lang/java/avro/src/main/java/org/apache/avro/file/DataFileStream.java/","org.apache.avro.file.DataFileStream.Header","0","0","0","0","0","0","yes"
"avro","release-1.5.4","/lang/java/mapred/src/main/java/org/apache/avro/mapred/tether/TetherRecordReader.java/","org.apache.avro.mapred.tether.TetherRecordReader","0","0","1","0","0","1","no"
"avro","release-1.5.4","/lang/java/avro/src/main/java/org/apache/avro/reflect/ReflectDatumReader.java/","org.apache.avro.reflect.ReflectDatumReader","0","0","1","0","0","1","yes"
"avro","release-1.5.4","/lang/java/tools/src/main/java/org/apache/avro/tool/RecodecTool.java/","org.apache.avro.tool.RecodecTool","1","0","1","0","4","6","yes"
"avro","release-1.5.4","/lang/java/avro/src/main/java/org/apache/avro/io/BufferedBinaryEncoder.java/","org.apache.avro.io.BufferedBinaryEncoder","0","1","1","0","0","2","no"
"avro","release-1.5.4","/lang/java/avro/src/main/java/org/apache/avro/specific/SpecificRecordBase.java/","org.apache.avro.specific.SpecificRecordBase","0","0","1","0","0","1","yes"
"avro","release-1.5.4","/lang/java/avro/src/main/java/org/apache/avro/io/parsing/Symbol.java/","org.apache.avro.io.parsing.Symbol.Fixup","0","0","0","0","1","1","yes"
"avro","release-1.5.4","/lang/java/mapred/src/main/java/org/apache/avro/mapred/AvroInputFormat.java/","org.apache.avro.mapred.AvroInputFormat","0","0","1","0","0","1","no"
"avro","release-1.5.4","/lang/java/ipc/src/main/java/org/apache/avro/ipc/SaslSocketServer.java/","org.apache.avro.ipc.SaslSocketServer.AnonymousServer","0","0","0","0","9","9","no"
"avro","release-1.5.4","/lang/java/avro/src/main/java/org/apache/avro/io/JsonEncoder.java/","org.apache.avro.io.JsonEncoder","0","1","1","0","0","2","yes"
"avro","release-1.5.4","/lang/java/avro/src/main/java/org/apache/avro/file/DataFileReader12.java/","org.apache.avro.file.DataFileReader12","0","1","1","0","3","5","yes"
"avro","release-1.5.4","/lang/java/avro/src/main/java/org/apache/avro/Protocol.java/","org.apache.avro.Protocol","1","1","1","0","8","11","yes"
"avro","release-1.5.4","/lang/java/avro/src/main/java/org/apache/avro/util/ByteBufferOutputStream.java/","org.apache.avro.util.ByteBufferOutputStream","0","0","1","0","2","3","yes"
"avro","release-1.5.4","/lang/java/ipc/src/main/java/org/apache/avro/ipc/stats/Histogram.java/","org.apache.avro.ipc.stats.Histogram.TreeMapSegmenter","0","0","1","0","4","5","no"
"avro","release-1.5.4","/lang/java/tools/src/main/java/org/apache/avro/tool/TetherTool.java/","org.apache.avro.tool.TetherTool","0","0","1","0","0","1","yes"
"avro","release-1.5.4","/lang/java/avro/src/main/java/org/apache/avro/generic/GenericContainer.java/","org.apache.avro.generic.GenericContainer","0","0","0","0","0","0","no"
"avro","release-1.5.4","/lang/java/tools/src/main/java/org/apache/avro/tool/RpcSendTool.java/","org.apache.avro.tool.RpcSendTool","0","0","1","1","1","3","yes"
"avro","release-1.5.4","/lang/java/ipc/src/main/java/org/apache/avro/ipc/stats/IntegerHistogram.java/","org.apache.avro.ipc.stats.IntegerHistogram","0","0","1","0","0","1","no"
"avro","release-1.5.4","/lang/java/ipc/src/main/java/org/apache/avro/ipc/stats/Histogram.java/","org.apache.avro.ipc.stats.Histogram.SegmenterException","0","0","0","0","0","0","no"
"avro","release-1.5.4","/lang/java/ipc/src/main/java/org/apache/avro/ipc/Server.java/","org.apache.avro.ipc.Server","0","0","0","0","0","0","no"
"avro","release-1.5.4","/lang/java/ipc/src/main/java/org/apache/avro/ipc/stats/Stopwatch.java/","org.apache.avro.ipc.stats.Stopwatch.Ticks","0","0","0","0","0","0","no"
"avro","release-1.5.4","/lang/java/ipc/src/main/java/org/apache/avro/ipc/LocalTransceiver.java/","org.apache.avro.ipc.LocalTransceiver","0","0","1","0","0","1","no"
"avro","release-1.5.4","/lang/java/avro/src/main/java/org/apache/avro/Schema.java/","org.apache.avro.Schema.LongSchema","0","0","0","0","0","0","yes"
"avro","release-1.5.4","/lang/java/tools/src/main/java/org/apache/avro/tool/Tool.java/","org.apache.avro.tool.Tool","0","0","0","0","0","0","no"
"avro","release-1.5.4","/lang/java/avro/src/main/java/org/apache/avro/specific/SpecificFixed.java/","org.apache.avro.specific.SpecificFixed","0","0","0","0","0","0","no"
"avro","release-1.5.4","/lang/java/avro/src/main/java/org/apache/avro/io/parsing/ValidatingGrammarGenerator.java/","org.apache.avro.io.parsing.ValidatingGrammarGenerator","1","1","1","1","2","6","no"
"avro","release-1.5.4","/lang/java/avro/src/main/java/org/apache/avro/generic/GenericDatumWriter.java/","org.apache.avro.generic.GenericDatumWriter","0","1","1","0","0","2","yes"
"avro","release-1.5.4","/lang/java/ipc/src/main/java/org/apache/avro/ipc/trace/Trace.java/","org.apache.avro.ipc.trace.Trace","0","1","1","0","5","7","no"
"avro","release-1.5.4","/lang/java/avro/src/main/java/org/apache/avro/Schema.java/","org.apache.avro.Schema.EnumSchema","0","0","1","0","7","8","yes"
"avro","release-1.5.4","/lang/java/avro/src/main/java/org/apache/avro/io/parsing/ResolvingGrammarGenerator.java/","org.apache.avro.io.parsing.ResolvingGrammarGenerator.LitS2","0","0","1","0","2","3","yes"
"avro","release-1.5.4","/lang/java/avro/src/main/java/org/apache/avro/io/parsing/Parser.java/","org.apache.avro.io.parsing.Parser.ActionHandler","0","0","0","0","0","0","no"
"avro","release-1.5.4","/lang/java/mapred/src/main/java/org/apache/avro/mapred/AvroJob.java/","org.apache.avro.mapred.AvroJob","0","1","1","0","0","2","no"
"avro","release-1.5.4","/lang/java/ipc/src/main/java/org/apache/avro/ipc/trace/InMemorySpanStorage.java/","org.apache.avro.ipc.trace.InMemorySpanStorage","0","1","1","0","1","3","no"
"avro","release-1.5.4","/lang/java/avro/src/main/java/org/apache/avro/io/Decoder.java/","org.apache.avro.io.Decoder","0","1","1","0","0","2","no"
"avro","release-1.5.4","/lang/java/tools/src/main/java/org/apache/avro/tool/ToTextTool.java/","org.apache.avro.tool.ToTextTool","0","0","1","0","0","1","no"
"avro","release-1.5.4","/lang/java/mapred/src/main/java/org/apache/avro/mapred/AvroTextOutputFormat.java/","org.apache.avro.mapred.AvroTextOutputFormat","0","0","1","0","3","4","yes"
"avro","release-1.5.4","/lang/java/avro/src/main/java/org/apache/avro/util/WeakIdentityHashMap.java/","org.apache.avro.util.WeakIdentityHashMap.IdentityWeakReference","0","0","0","0","2","2","yes"
"avro","release-1.5.4","/lang/java/ipc/src/main/java/org/apache/avro/ipc/trace/FileSpanStorage.java/","org.apache.avro.ipc.trace.FileSpanStorage","1","1","1","1","18","22","no"
"avro","release-1.5.4","/lang/java/ipc/src/main/java/org/apache/avro/ipc/DatagramTransceiver.java/","org.apache.avro.ipc.DatagramTransceiver","0","0","1","0","2","3","yes"
"avro","release-1.5.4","/lang/java/avro/src/main/java/org/apache/avro/io/DatumWriter.java/","org.apache.avro.io.DatumWriter","0","0","0","0","0","0","no"
"avro","release-1.5.4","/lang/java/mapred/src/main/java/org/apache/avro/mapred/tether/TetherInputFormat.java/","org.apache.avro.mapred.tether.TetherInputFormat","0","0","1","0","0","1","no"
"avro","release-1.5.4","/lang/java/mapred/src/main/java/org/apache/avro/mapred/AvroMapper.java/","org.apache.avro.mapred.AvroMapper","0","0","1","0","0","1","no"
"avro","release-1.5.4","/lang/java/avro/src/main/java/org/apache/avro/io/parsing/Symbol.java/","org.apache.avro.io.parsing.Symbol.ErrorAction","0","0","0","0","0","0","yes"
"avro","release-1.5.4","/lang/java/mapred/src/main/java/org/apache/avro/mapred/HadoopReducer.java/","org.apache.avro.mapred.HadoopReducer","0","0","1","0","0","1","no"
"avro","release-1.5.4","/lang/java/avro/src/main/java/org/apache/avro/io/BlockingBinaryEncoder.java/","org.apache.avro.io.BlockingBinaryEncoder.BlockedValue","0","1","1","0","0","2","no"
"avro","release-1.5.4","/lang/java/ipc/src/main/java/org/apache/avro/ipc/SaslSocketTransceiver.java/","org.apache.avro.ipc.SaslSocketTransceiver","1","1","1","0","19","22","yes"
"avro","release-1.5.4","/lang/java/avro/src/main/java/org/apache/avro/file/DataFileWriter.java/","org.apache.avro.file.DataFileWriter.AppendWriteException","0","0","0","0","0","0","yes"
"avro","release-1.5.4","/lang/java/mapred/src/main/java/org/apache/avro/mapred/AvroReducer.java/","org.apache.avro.mapred.AvroReducer","0","0","1","0","0","1","no"
"avro","release-1.5.4","/lang/java/ipc/src/main/java/org/apache/avro/ipc/Transceiver.java/","org.apache.avro.ipc.Transceiver","0","0","1","0","1","2","no"
"avro","release-1.5.4","/lang/java/avro/src/main/java/org/apache/avro/Schema.java/","org.apache.avro.Schema.IntSchema","0","0","0","0","0","0","yes"
"avro","release-1.5.4","/lang/java/avro/src/main/java/org/apache/avro/util/WeakIdentityHashMap.java/","org.apache.avro.util.WeakIdentityHashMap","0","0","1","0","18","19","yes"
"avro","release-1.5.4","/lang/java/mapred/src/main/java/org/apache/avro/mapred/tether/TetherJob.java/","org.apache.avro.mapred.tether.TetherJob","0","0","1","0","0","1","yes"
"avro","release-1.5.4","/lang/java/ipc/src/main/java/org/apache/avro/ipc/CallFuture.java/","org.apache.avro.ipc.CallFuture","0","0","1","0","0","1","no"
"avro","release-1.5.4","/lang/java/mapred/src/main/java/org/apache/avro/mapred/HadoopMapper.java/","org.apache.avro.mapred.HadoopMapper","0","1","1","0","0","2","no"
"avro","release-1.5.4","/lang/java/avro/src/main/java/org/apache/avro/generic/GenericEnumSymbol.java/","org.apache.avro.generic.GenericEnumSymbol","0","0","0","0","1","1","no"
"avro","release-1.5.4","/lang/java/avro/src/main/java/org/apache/avro/file/DataFileReader.java/","org.apache.avro.file.DataFileReader","0","1","1","0","1","3","yes"
"avro","release-1.5.4","/lang/java/tools/src/main/java/org/apache/avro/tool/IdlTool.java/","org.apache.avro.tool.IdlTool","0","0","1","0","3","4","no"
"avro","release-1.5.4","/lang/java/avro/src/main/java/org/apache/avro/io/parsing/Symbol.java/","org.apache.avro.io.parsing.Symbol.ImplicitAction","0","0","0","0","0","0","yes"
"avro","release-1.5.4","/lang/java/avro/src/main/java/org/apache/avro/file/DataFileWriter.java/","org.apache.avro.file.DataFileWriter.BufferedFileOutputStream","0","0","0","0","0","0","yes"
"avro","release-1.5.4","/lang/java/avro/src/main/java/org/apache/avro/util/Utf8.java/","org.apache.avro.util.Utf8","0","1","1","0","2","4","yes"
"avro","release-1.5.4","/lang/java/avro/src/main/java/org/apache/avro/io/BinaryData.java/","org.apache.avro.io.BinaryData.Decoders","0","1","0","0","2","3","no"
"avro","release-1.5.4","/lang/java/compiler/src/main/java/org/apache/avro/compiler/specific/ProtocolTask.java/","org.apache.avro.compiler.specific.ProtocolTask","0","0","1","0","4","5","no"
"avro","release-1.5.4","/lang/java/avro/src/main/java/org/apache/avro/io/DirectBinaryDecoder.java/","org.apache.avro.io.DirectBinaryDecoder.ByteReader","0","0","1","1","0","2","yes"
"avro","release-1.5.4","/lang/java/avro/src/main/java/org/apache/avro/io/parsing/Symbol.java/","org.apache.avro.io.parsing.Symbol","0","1","1","0","22","24","yes"
"avro","release-1.5.4","/lang/java/mapred/src/main/java/org/apache/avro/mapred/tether/TetherKeyComparator.java/","org.apache.avro.mapred.tether.TetherKeyComparator","0","0","1","0","1","2","no"
"avro","release-1.5.4","/lang/java/mapred/src/main/java/org/apache/avro/mapred/AvroSerialization.java/","org.apache.avro.mapred.AvroSerialization","0","0","1","0","1","2","yes"
"avro","release-1.5.4","/lang/java/ipc/src/main/java/org/apache/avro/ipc/SaslSocketServer.java/","org.apache.avro.ipc.SaslSocketServer.SaslServerFactory","0","0","0","0","0","0","no"
"avro","release-1.5.4","/lang/java/avro/src/main/java/org/apache/avro/io/parsing/Symbol.java/","org.apache.avro.io.parsing.Symbol.EnumAdjustAction","0","0","0","0","2","2","yes"
"avro","release-1.5.4","/lang/java/ipc/src/main/java/org/apache/avro/ipc/generic/GenericRequestor.java/","org.apache.avro.ipc.generic.GenericRequestor","0","0","1","0","0","1","yes"
"avro","release-1.5.4","/lang/java/ipc/src/main/java/org/apache/avro/ipc/NettyTransportCodec.java/","org.apache.avro.ipc.NettyTransportCodec","0","0","0","0","4","4","no"
"avro","release-1.5.4","/lang/java/avro/src/main/java/org/apache/avro/file/DataFileWriter.java/","org.apache.avro.file.DataFileWriter","0","1","1","0","0","2","yes"
"avro","release-1.5.4","/lang/java/avro/src/main/java/org/apache/avro/io/parsing/Symbol.java/","org.apache.avro.io.parsing.Symbol.Sequence","0","1","1","0","5","7","yes"
"avro","release-1.5.4","/lang/java/avro/src/main/java/org/apache/avro/generic/GenericData.java/","org.apache.avro.generic.GenericData.Array","0","1","1","0","5","7","yes"
"avro","release-1.5.4","/lang/java/compiler/src/main/java/org/apache/avro/compiler/specific/SpecificCompiler.java/","org.apache.avro.compiler.specific.SpecificCompiler.Slf4jLogChute","0","1","1","0","3","5","yes"
"avro","release-1.5.4","/lang/java/avro/src/main/java/org/apache/avro/io/parsing/Symbol.java/","org.apache.avro.io.parsing.Symbol.FieldAdjustAction","0","0","0","0","0","0","yes"
"avro","release-1.5.4","/lang/java/avro/src/main/java/org/apache/avro/io/parsing/Symbol.java/","org.apache.avro.io.parsing.Symbol.Root","0","0","0","0","1","1","yes"
"avro","release-1.5.4","/lang/java/avro/src/main/java/org/apache/avro/io/BinaryDecoder.java/","org.apache.avro.io.BinaryDecoder","0","1","1","1","12","15","yes"
"avro","release-1.5.4","/lang/java/compiler/src/main/java/org/apache/avro/compiler/specific/SchemaTask.java/","org.apache.avro.compiler.specific.SchemaTask","0","0","1","0","0","1","no"
"avro","release-1.5.4","/lang/java/avro/src/main/java/org/apache/avro/io/BinaryDecoder.java/","org.apache.avro.io.BinaryDecoder.ByteArrayByteSource","0","1","1","0","0","2","yes"
"avro","release-1.5.4","/lang/java/mapred/src/main/java/org/apache/avro/mapred/HadoopReducerBase.java/","org.apache.avro.mapred.HadoopReducerBase.ReduceIterable","0","0","1","0","4","5","no"
"avro","release-1.5.4","/lang/java/mapred/src/main/java/org/apache/avro/mapred/AvroValue.java/","org.apache.avro.mapred.AvroValue","0","0","0","0","0","0","no"
"avro","release-1.5.4","/lang/java/ipc/src/main/java/org/apache/avro/ipc/stats/Histogram.java/","org.apache.avro.ipc.stats.Histogram.Entry","0","0","0","0","0","0","no"
"avro","release-1.5.4","/lang/java/avro/src/main/java/org/apache/avro/io/JsonDecoder.java/","org.apache.avro.io.JsonDecoder","0","1","1","1","0","3","yes"
"avro","release-1.5.4","/lang/java/ipc/src/main/java/org/apache/avro/ipc/DatagramServer.java/","org.apache.avro.ipc.DatagramServer","0","0","1","0","2","3","no"
"avro","release-1.5.4","/lang/java/ipc/src/main/java/org/apache/avro/ipc/stats/StatsServlet.java/","org.apache.avro.ipc.stats.StatsServlet.RenderableMessage","0","0","0","0","5","5","no"
"avro","release-1.5.4","/lang/java/ipc/src/main/java/org/apache/avro/ipc/NettyTransportCodec.java/","org.apache.avro.ipc.NettyTransportCodec.NettyFrameDecoder","0","0","1","0","4","5","no"
"avro","release-1.5.4","/lang/java/avro/src/main/java/org/apache/avro/io/parsing/Symbol.java/","org.apache.avro.io.parsing.Symbol.EnumLabelsAction","0","0","1","0","0","1","yes"
"avro","release-1.5.4","/lang/java/ipc/src/main/java/org/apache/avro/ipc/trace/SpanStorage.java/","org.apache.avro.ipc.trace.SpanStorage","0","0","0","0","0","0","no"
"avro","release-1.5.4","/lang/java/ipc/src/main/java/org/apache/avro/ipc/stats/StatsServer.java/","org.apache.avro.ipc.stats.StatsServer","0","0","0","0","0","0","no"
"avro","release-1.5.4","/lang/java/avro/src/main/java/org/apache/avro/generic/GenericFixed.java/","org.apache.avro.generic.GenericFixed","0","0","0","0","0","0","no"
"avro","release-1.5.4","/lang/java/avro/src/main/java/org/apache/avro/specific/SpecificExceptionBase.java/","org.apache.avro.specific.SpecificExceptionBase","0","0","1","0","2","3","no"
"avro","release-1.5.4","/lang/java/avro/src/main/java/org/apache/avro/file/SnappyCodec.java/","org.apache.avro.file.SnappyCodec.Option","0","0","0","0","0","0","yes"
"avro","release-1.5.4","/lang/java/avro/src/main/java/org/apache/avro/specific/SpecificDatumReader.java/","org.apache.avro.specific.SpecificDatumReader","0","0","1","0","0","1","no"
"avro","release-1.5.4","/lang/java/avro/src/main/java/org/apache/avro/Schema.java/","org.apache.avro.Schema.RecordSchema","0","1","1","0","6","8","yes"
"avro","release-1.5.4","/lang/java/avro/src/main/java/org/apache/avro/io/parsing/Symbol.java/","org.apache.avro.io.parsing.Symbol.Terminal","0","0","0","0","1","1","yes"
"avro","release-1.5.4","/lang/java/avro/src/main/java/org/apache/avro/io/ValidatingDecoder.java/","org.apache.avro.io.ValidatingDecoder","0","1","1","0","2","4","no"
"avro","release-1.5.4","/lang/java/avro/src/main/java/org/apache/avro/Schema.java/","org.apache.avro.Schema.DoubleSchema","0","0","0","0","0","0","yes"
"avro","release-1.5.4","/lang/java/avro/src/main/java/org/apache/avro/io/parsing/SkipParser.java/","org.apache.avro.io.parsing.SkipParser.SkipHandler","0","0","0","0","0","0","no"
"avro","release-1.5.4","/lang/java/avro/src/main/java/org/apache/avro/io/ParsingEncoder.java/","org.apache.avro.io.ParsingEncoder","0","0","1","0","0","1","no"
"avro","release-1.5.4","/lang/java/mapred/src/main/java/org/apache/avro/mapred/FsInput.java/","org.apache.avro.mapred.FsInput","0","0","1","0","1","2","no"
"avro","release-1.5.4","/lang/java/ipc/src/main/java/org/apache/avro/ipc/stats/Stopwatch.java/","org.apache.avro.ipc.stats.Stopwatch","0","0","1","0","0","1","no"
"avro","release-1.5.4","/lang/java/avro/src/main/java/org/apache/avro/io/DirectBinaryEncoder.java/","org.apache.avro.io.DirectBinaryEncoder","0","0","1","0","0","1","no"
"avro","release-1.5.4","/lang/java/avro/src/main/java/org/apache/avro/Schema.java/","org.apache.avro.Schema.Props","0","0","1","0","0","1","yes"
"avro","release-1.5.4","/lang/java/ipc/src/main/java/org/apache/avro/ipc/SocketServer.java/","org.apache.avro.ipc.SocketServer.Connection","0","0","1","0","1","2","yes"
"avro","release-1.5.4","/lang/java/avro/src/main/java/org/apache/avro/io/BinaryData.java/","org.apache.avro.io.BinaryData","1","1","1","1","10","14","no"
"avro","release-1.5.4","/lang/java/ipc/src/main/java/org/apache/avro/ipc/specific/SpecificResponder.java/","org.apache.avro.ipc.specific.SpecificResponder","0","0","1","0","0","1","yes"
"avro","release-1.5.4","/lang/java/mapred/src/main/java/org/apache/avro/mapred/HadoopCombiner.java/","org.apache.avro.mapred.HadoopCombiner","0","0","1","0","0","1","no"
"avro","release-1.5.4","/lang/java/avro/src/main/java/org/apache/avro/io/parsing/Parser.java/","org.apache.avro.io.parsing.Parser","0","1","1","0","0","2","no"
"avro","release-1.5.4","/lang/java/avro/src/main/java/org/apache/avro/file/NullCodec.java/","org.apache.avro.file.NullCodec.Option","0","0","0","0","0","0","no"
"avro","release-1.5.4","/lang/java/ipc/src/main/java/org/apache/avro/ipc/stats/StaticServlet.java/","org.apache.avro.ipc.stats.StaticServlet","0","0","1","0","0","1","no"
"avro","release-1.5.4","/lang/java/ipc/src/main/java/org/apache/avro/ipc/trace/TracePluginConfiguration.java/","org.apache.avro.ipc.trace.TracePluginConfiguration","0","1","0","0","0","1","no"
"avro","release-1.5.4","/lang/java/mapred/src/main/java/org/apache/avro/mapred/HadoopReducerBase.java/","org.apache.avro.mapred.HadoopReducerBase","0","1","1","0","4","6","no"
"avro","release-1.5.4","/lang/java/avro/src/main/java/org/apache/avro/reflect/Stringable.java/","org.apache.avro.reflect.Stringable","0","0","0","0","0","0","no"
"avro","release-1.5.4","/lang/java/avro/src/main/java/org/apache/avro/io/parsing/Symbol.java/","org.apache.avro.io.parsing.Symbol.Alternative","0","1","1","0","1","3","yes"
"avro","release-1.5.4","/lang/java/avro/src/main/java/org/apache/avro/io/BinaryData.java/","org.apache.avro.io.BinaryData.HashData","0","0","0","0","0","0","no"
"avro","release-1.5.4","/lang/java/ipc/src/main/java/org/apache/avro/ipc/trace/TraceCollection.java/","org.apache.avro.ipc.trace.TraceCollection.TraceTiming","0","1","1","0","2","4","no"
"avro","release-1.5.4","/lang/java/avro/src/main/java/org/apache/avro/Schema.java/","org.apache.avro.Schema.UnionSchema","0","0","1","0","5","6","yes"
"avro","release-1.5.4","/lang/java/avro/src/main/java/org/apache/avro/generic/GenericData.java/","org.apache.avro.generic.GenericData.Record","0","0","1","0","0","1","yes"
"avro","release-1.5.4","/lang/java/ipc/src/main/java/org/apache/avro/ipc/SocketServer.java/","org.apache.avro.ipc.SocketServer","0","0","1","0","6","7","yes"
"avro","release-1.5.4","/lang/java/ipc/src/main/java/org/apache/avro/ipc/trace/StaticServlet.java/","org.apache.avro.ipc.trace.StaticServlet","0","0","1","0","0","1","no"
"avro","release-1.5.4","/lang/java/avro/src/main/java/org/apache/avro/util/ByteBufferInputStream.java/","org.apache.avro.util.ByteBufferInputStream","0","0","1","0","0","1","yes"
"avro","release-1.5.4","/lang/java/maven-plugin/src/main/java/org/apache/avro/mojo/IDLProtocolMojo.java/","org.apache.avro.mojo.IDLProtocolMojo","0","0","1","0","2","3","no"
