LOC,StmtCount,Cyclomatic,Cognitive,DistinctOperators,DistinctOperands,TotalOperators,TotalOperands,Vocabulary,Length,Volume,Difficulty,Effort,MaxNestingDepth,isLongMethod,isGodClass,isFeatureEnvy,isDuplicatedCode,CodeSmells,NSmells,SmellDensity,maxLOC,maxCyclomatic,maxCognitive,maxNSmells,maxStmtCount,maxDistinctOperators,maxDistinctOperands,maxTotalOperators,maxTotalOperands,maxVocabulary,maxLength,maxVolume,maxDifficulty,maxEffort,maxNestingDepth,everLongMethod,everGodClass,everFeatureEnvy,everDuplicatedCode,maxCodeSmells,maxSmellDensity,Touches,TotalTouches,IssueTouches,TotalIssueTouches,Authors,TotalAuthors,AddedLines,DeletedLines,Churn,TotalChurn,prevCodeSmells,AgeInReleases,prevBuggy,Buggy
12,4,2,0,1,1,1,2,2.0,3.0,3.0,1.0,3.0,0,0,0,0,0,0,0,0.0000,12,2,0,0,4,1,1,1,2,2.0,3.0,3.0,1.0,3.0,0,0,0,0,0,0,0.0000,5,5,5,5,2,2,184,39,223,223,0,1,no,no
4,0,1,0,0,0,0,0,0.0,0.0,0.0,0.0,0.0,0,0,0,0,0,0,0,0.0000,4,1,0,0,0,0,0,0,0,0.0,0.0,0.0,0.0,0.0,0,0,0,0,0,0,0.0000,1,1,1,1,1,1,0,0,0,0,0,1,no,no
4,0,1,0,0,0,0,0,0.0,0.0,0.0,0.0,0.0,0,0,0,0,0,0,0,0.0000,4,1,0,0,0,0,0,0,0,0.0,0.0,0.0,0.0,0.0,0,0,0,0,0,0,0.0000,1,1,1,1,1,1,0,0,0,0,0,1,no,no
8,3,1,0,1,2,2,2,3.0,4.0,6.339850002884625,0.5,3.1699250014423126,0,0,0,0,0,0,0,0.0000,8,1,0,0,3,1,2,2,2,3.0,4.0,6.339850002884625,0.5,3.1699250014423126,0,0,0,0,0,0,0.0000,1,1,1,1,1,1,0,0,0,0,0,1,no,no
3,2,1,0,0,1,0,1,1.0,1.0,0.0,0.0,0.0,0,0,0,0,0,0,0,0.0000,3,1,0,0,2,0,1,0,1,1.0,1.0,0.0,0.0,0.0,0,0,0,0,0,0,0.0000,7,7,7,7,3,3,233,59,292,292,0,1,no,yes
3,2,1,0,0,1,0,1,1.0,1.0,0.0,0.0,0.0,0,0,0,0,0,0,0,0.0000,3,1,0,0,2,0,1,0,1,1.0,1.0,0.0,0.0,0.0,0,0,0,0,0,0,0.0000,7,7,7,7,3,3,233,59,292,292,0,1,no,yes
8,0,2,0,0,0,0,0,0.0,0.0,0.0,0.0,0.0,0,0,0,0,0,0,0,0.0000,8,2,0,0,0,0,0,0,0,0.0,0.0,0.0,0.0,0.0,0,0,0,0,0,0,0.0000,1,1,1,1,1,1,0,0,0,0,0,1,no,no
16,0,0,0,0,0,0,0,0.0,0.0,0.0,0.0,0.0,0,0,0,0,0,0,0,0.0000,16,0,0,0,0,0,0,0,0,0.0,0.0,0.0,0.0,0.0,0,0,0,0,0,0,0.0000,10,10,10,10,2,2,217,49,266,266,0,1,no,no
4,4,2,0,0,2,0,2,2.0,2.0,2.0,0.0,0.0,0,0,0,0,0,0,0,0.0000,4,2,0,0,4,0,2,0,2,2.0,2.0,2.0,0.0,0.0,0,0,0,0,0,0,0.0000,1,1,1,1,1,1,0,0,0,0,0,1,no,no
7,0,1,0,0,0,0,0,0.0,0.0,0.0,0.0,0.0,0,0,0,0,0,0,0,0.0000,7,1,0,0,0,0,0,0,0,0.0,0.0,0.0,0.0,0.0,0,0,0,0,0,0,0.0000,1,1,1,1,1,1,0,0,0,0,0,1,no,no
6,2,1,0,0,1,0,1,1.0,1.0,0.0,0.0,0.0,0,0,0,0,0,0,0,0.0000,6,1,0,0,2,0,1,0,1,1.0,1.0,0.0,0.0,0.0,0,0,0,0,0,0,0.0000,5,5,5,5,2,2,89,25,114,114,0,1,no,no
5,2,1,0,1,2,1,2,3.0,3.0,4.754887502163469,0.5,2.3774437510817346,0,0,0,0,0,0,0,0.0000,5,1,0,0,2,1,2,1,2,3.0,3.0,4.754887502163469,0.5,2.3774437510817346,0,0,0,0,0,0,0.0000,7,7,7,7,3,3,233,59,292,292,0,1,no,yes
2,0,0,0,0,0,0,0,0.0,0.0,0.0,0.0,0.0,0,0,0,0,0,0,0,0.0000,2,0,0,0,0,0,0,0,0,0.0,0.0,0.0,0.0,0.0,0,0,0,0,0,0,0.0000,10,10,10,10,2,2,217,49,266,266,0,1,no,no
3,2,1,0,0,1,0,1,1.0,1.0,0.0,0.0,0.0,0,0,0,0,0,0,0,0.0000,3,1,0,0,2,0,1,0,1,1.0,1.0,0.0,0.0,0.0,0,0,0,0,0,0,0.0000,7,7,7,7,3,3,233,59,292,292,0,1,no,yes
17,5,2,0,1,3,1,3,4.0,4.0,8.0,0.5,4.0,0,0,0,0,0,0,0,0.0000,17,2,0,0,5,1,3,1,3,4.0,4.0,8.0,0.5,4.0,0,0,0,0,0,0,0.0000,10,10,10,10,2,2,217,49,266,266,0,1,no,no
13,0,1,0,0,0,0,0,0.0,0.0,0.0,0.0,0.0,0,0,0,0,0,0,0,0.0000,13,1,0,0,0,0,0,0,0,0.0,0.0,0.0,0.0,0.0,0,0,0,0,0,0,0.0000,6,6,6,6,2,2,121,95,216,216,0,1,no,no
16,0,3,0,0,0,0,0,0.0,0.0,0.0,0.0,0.0,0,0,0,0,0,0,0,0.0000,16,3,0,0,0,0,0,0,0,0.0,0.0,0.0,0.0,0.0,0,0,0,0,0,0,0.0000,1,1,1,1,1,1,0,0,0,0,0,1,no,no
11,0,2,0,0,0,0,0,0.0,0.0,0.0,0.0,0.0,0,0,0,0,0,0,0,0.0000,11,2,0,0,0,0,0,0,0,0.0,0.0,0.0,0.0,0.0,0,0,0,0,0,0,0.0000,1,1,1,1,1,1,0,0,0,0,0,1,no,no
6,4,2,0,0,2,0,3,2.0,3.0,3.0,0.0,0.0,0,0,0,0,0,0,0,0.0000,6,2,0,0,4,0,2,0,3,2.0,3.0,3.0,0.0,0.0,0,0,0,0,0,0,0.0000,1,1,1,1,1,1,0,0,0,0,0,1,no,no
4,0,0,0,0,0,0,0,0.0,0.0,0.0,0.0,0.0,0,0,0,0,0,0,0,0.0000,4,0,0,0,0,0,0,0,0,0.0,0.0,0.0,0.0,0.0,0,0,0,0,0,0,0.0000,1,1,1,1,1,1,33,0,33,33,0,1,no,no
15,0,4,0,0,0,0,0,0.0,0.0,0.0,0.0,0.0,0,0,0,0,0,0,0,0.0000,15,4,0,0,0,0,0,0,0,0.0,0.0,0.0,0.0,0.0,0,0,0,0,0,0,0.0000,1,1,1,1,1,1,0,0,0,0,0,1,no,no
3,2,1,0,0,1,0,1,1.0,1.0,0.0,0.0,0.0,0,0,0,0,0,0,0,0.0000,3,1,0,0,2,0,1,0,1,1.0,1.0,0.0,0.0,0.0,0,0,0,0,0,0,0.0000,7,7,7,7,3,3,233,59,292,292,0,1,no,yes
14,0,4,0,0,0,0,0,0.0,0.0,0.0,0.0,0.0,0,0,0,0,0,0,0,0.0000,14,4,0,0,0,0,0,0,0,0.0,0.0,0.0,0.0,0.0,0,0,0,0,0,0,0.0000,1,1,1,1,1,1,0,0,0,0,0,1,no,no
5,2,1,0,0,4,0,4,4.0,4.0,8.0,0.0,0.0,0,0,0,0,0,0,0,0.0000,5,1,0,0,2,0,4,0,4,4.0,4.0,8.0,0.0,0.0,0,0,0,0,0,0,0.0000,1,1,1,1,1,1,0,0,0,0,0,1,no,no
3,2,1,0,0,1,0,1,1.0,1.0,0.0,0.0,0.0,0,0,0,0,0,0,0,0.0000,3,1,0,0,2,0,1,0,1,1.0,1.0,0.0,0.0,0.0,0,0,0,0,0,0,0.0000,7,7,7,7,3,3,233,59,292,292,0,1,no,yes
6,0,2,0,0,0,0,0,0.0,0.0,0.0,0.0,0.0,0,0,0,0,0,0,0,0.0000,6,2,0,0,0,0,0,0,0,0.0,0.0,0.0,0.0,0.0,0,0,0,0,0,0,0.0000,1,1,1,1,1,1,26,0,26,26,0,1,no,no
10,4,1,0,1,2,3,3,3.0,6.0,9.509775004326938,0.75,7.132331253245203,0,0,0,0,0,0,0,0.0000,10,1,0,0,4,1,2,3,3,3.0,6.0,9.509775004326938,0.75,7.132331253245203,0,0,0,0,0,0,0.0000,7,7,7,7,2,2,151,59,210,210,0,1,no,no
4,0,0,0,0,0,0,0,0.0,0.0,0.0,0.0,0.0,0,0,0,0,0,0,0,0.0000,4,0,0,0,0,0,0,0,0,0.0,0.0,0.0,0.0,0.0,0,0,0,0,0,0,0.0000,1,1,1,1,1,1,0,0,0,0,0,1,no,no
23,2,6,0,0,1,0,1,1.0,1.0,0.0,0.0,0.0,0,0,0,0,0,0,0,0.0000,23,6,0,0,2,0,1,0,1,1.0,1.0,0.0,0.0,0.0,0,0,0,0,0,0,0.0000,4,4,4,4,2,2,65,15,80,80,0,1,no,no
17,9,5,0,2,4,2,11,6.0,13.0,33.60451250937503,2.75,92.41240940078133,0,0,0,0,0,0,0,0.0000,17,5,0,0,9,2,4,2,11,6.0,13.0,33.60451250937503,2.75,92.41240940078133,0,0,0,0,0,0,0.0000,1,1,1,1,1,1,0,0,0,0,0,1,no,no
3,2,1,0,0,1,0,1,1.0,1.0,0.0,0.0,0.0,0,0,0,0,0,0,0,0.0000,3,1,0,0,2,0,1,0,1,1.0,1.0,0.0,0.0,0.0,0,0,0,0,0,0,0.0000,7,7,7,7,3,3,233,59,292,292,0,1,no,yes
20,8,4,0,0,7,0,13,7.0,13.0,36.49561398674886,0.0,0.0,0,0,0,0,0,0,0,0.0000,20,4,0,0,8,0,7,0,13,7.0,13.0,36.49561398674886,0.0,0.0,0,0,0,0,0,0,0.0000,1,1,1,1,1,1,0,0,0,0,0,1,no,no
3,0,1,0,0,0,0,0,0.0,0.0,0.0,0.0,0.0,0,0,0,0,0,0,0,0.0000,3,1,0,0,0,0,0,0,0,0.0,0.0,0.0,0.0,0.0,0,0,0,0,0,0,0.0000,2,2,2,2,2,2,3,1,4,4,0,1,no,no
7,0,0,0,0,0,0,0,0.0,0.0,0.0,0.0,0.0,0,0,0,0,0,0,0,0.0000,7,0,0,0,0,0,0,0,0,0.0,0.0,0.0,0.0,0.0,0,0,0,0,0,0,0.0000,1,1,1,1,1,1,0,0,0,0,0,1,no,no
24,0,3,0,0,0,0,0,0.0,0.0,0.0,0.0,0.0,0,0,0,0,0,0,0,0.0000,24,3,0,0,0,0,0,0,0,0.0,0.0,0.0,0.0,0.0,0,0,0,0,0,0,0.0000,2,2,2,2,1,1,1,1,2,2,0,1,no,no
9,0,2,0,0,0,0,0,0.0,0.0,0.0,0.0,0.0,0,0,0,0,0,0,0,0.0000,9,2,0,0,0,0,0,0,0,0.0,0.0,0.0,0.0,0.0,0,0,0,0,0,0,0.0000,1,1,1,1,1,1,0,0,0,0,0,1,no,no
7,6,3,0,0,2,0,4,2.0,4.0,4.0,0.0,0.0,0,0,0,0,0,0,0,0.0000,7,3,0,0,6,0,2,0,4,2.0,4.0,4.0,0.0,0.0,0,0,0,0,0,0,0.0000,1,1,1,1,1,1,0,0,0,0,0,1,no,no
15,0,0,0,2,12,2,13,14.0,15.0,57.110323830864054,1.0833333333333333,61.869517483436056,0,0,0,0,0,0,0,0.0000,15,0,0,0,0,2,12,2,13,14.0,15.0,57.110323830864054,1.0833333333333333,61.869517483436056,0,0,0,0,0,0,0.0000,3,3,3,3,2,2,5,4,9,9,0,1,no,no
3,2,1,0,0,1,0,1,1.0,1.0,0.0,0.0,0.0,0,0,0,0,0,0,0,0.0000,3,1,0,0,2,0,1,0,1,1.0,1.0,0.0,0.0,0.0,0,0,0,0,0,0,0.0000,7,7,7,7,3,3,233,59,292,292,0,1,no,yes
7,3,1,0,1,2,1,2,3.0,3.0,4.754887502163469,0.5,2.3774437510817346,0,0,0,0,0,0,0,0.0000,7,1,0,0,3,1,2,1,2,3.0,3.0,4.754887502163469,0.5,2.3774437510817346,0,0,0,0,0,0,0.0000,10,10,10,10,2,2,217,49,266,266,0,1,no,no
6,0,2,0,0,0,0,0,0.0,0.0,0.0,0.0,0.0,0,0,0,0,0,0,0,0.0000,6,2,0,0,0,0,0,0,0,0.0,0.0,0.0,0.0,0.0,0,0,0,0,0,0,0.0000,2,2,2,2,1,1,3,6,9,9,0,1,no,no
5,2,1,0,0,1,0,1,1.0,1.0,0.0,0.0,0.0,0,0,0,0,0,0,0,0.0000,5,1,0,0,2,0,1,0,1,1.0,1.0,0.0,0.0,0.0,0,0,0,0,0,0,0.0000,1,1,1,1,1,1,0,0,0,0,0,1,no,no
8,3,1,0,1,2,2,2,3.0,4.0,6.339850002884625,0.5,3.1699250014423126,0,0,0,0,0,0,0,0.0000,8,1,0,0,3,1,2,2,2,3.0,4.0,6.339850002884625,0.5,3.1699250014423126,0,0,0,0,0,0,0.0000,10,10,10,10,2,2,217,49,266,266,0,1,no,no
6,2,1,0,1,2,1,2,3.0,3.0,4.754887502163469,0.5,2.3774437510817346,0,0,0,0,0,0,0,0.0000,6,1,0,0,2,1,2,1,2,3.0,3.0,4.754887502163469,0.5,2.3774437510817346,0,0,0,0,0,0,0.0000,7,7,7,7,3,3,233,59,292,292,0,1,no,yes
10,4,2,0,0,1,0,2,1.0,2.0,0.0,0.0,0.0,0,0,0,0,0,0,0,0.0000,10,2,0,0,4,0,1,0,2,1.0,2.0,0.0,0.0,0.0,0,0,0,0,0,0,0.0000,1,1,1,1,1,1,232,0,232,232,0,1,no,no
49,7,7,0,0,0,0,0,0.0,0.0,0.0,0.0,0.0,0,0,0,0,0,0,0,0.0000,49,7,0,0,7,0,0,0,0,0.0,0.0,0.0,0.0,0.0,0,0,0,0,0,0,0.0000,1,1,1,1,1,1,0,0,0,0,0,1,no,no
27,0,0,0,0,0,0,0,0.0,0.0,0.0,0.0,0.0,0,0,0,0,0,0,0,0.0000,27,0,0,0,0,0,0,0,0,0.0,0.0,0.0,0.0,0.0,0,0,0,0,0,0,0.0000,2,2,2,2,2,2,10,8,18,18,0,1,no,no
3,2,1,0,0,1,0,1,1.0,1.0,0.0,0.0,0.0,0,0,0,0,0,0,0,0.0000,3,1,0,0,2,0,1,0,1,1.0,1.0,0.0,0.0,0.0,0,0,0,0,0,0,0.0000,7,7,7,7,3,3,233,59,292,292,0,1,no,yes
17,8,3,1,2,6,2,9,8.0,11.0,33.0,1.5,49.5,1,0,0,0,0,0,0,0.0000,17,3,1,0,8,2,6,2,9,8.0,11.0,33.0,1.5,49.5,1,0,0,0,0,0,0.0000,1,1,1,1,1,1,203,0,203,203,0,1,no,no
7,0,0,0,0,0,0,0,0.0,0.0,0.0,0.0,0.0,0,0,0,0,0,0,0,0.0000,7,0,0,0,0,0,0,0,0,0.0,0.0,0.0,0.0,0.0,0,0,0,0,0,0,0.0000,1,1,1,1,1,1,0,0,0,0,0,1,no,no
6,2,1,0,1,1,1,1,2.0,2.0,2.0,0.5,1.0,0,0,0,0,0,0,0,0.0000,6,1,0,0,2,1,1,1,1,2.0,2.0,2.0,0.5,1.0,0,0,0,0,0,0,0.0000,10,10,10,10,2,2,217,49,266,266,0,1,no,no
2,0,0,0,0,0,0,0,0.0,0.0,0.0,0.0,0.0,0,0,0,0,0,0,0,0.0000,2,0,0,0,0,0,0,0,0,0.0,0.0,0.0,0.0,0.0,0,0,0,0,0,0,0.0000,2,2,2,2,1,1,2,4,6,6,0,1,no,no
11,0,2,0,0,0,0,0,0.0,0.0,0.0,0.0,0.0,0,0,0,0,0,0,0,0.0000,11,2,0,0,0,0,0,0,0,0.0,0.0,0.0,0.0,0.0,0,0,0,0,0,0,0.0000,6,6,6,6,2,2,11,10,21,21,0,1,no,no
12,4,2,0,1,1,1,2,2.0,3.0,3.0,1.0,3.0,0,0,0,0,0,0,0,0.0000,12,2,0,0,4,1,1,1,2,2.0,3.0,3.0,1.0,3.0,0,0,0,0,0,0,0.0000,0,5,0,5,0,2,0,0,0,223,0,2,no,no
4,0,1,0,0,0,0,0,0.0,0.0,0.0,0.0,0.0,0,0,0,0,0,0,0,0.0000,4,1,0,0,0,0,0,0,0,0.0,0.0,0.0,0.0,0.0,0,0,0,0,0,0,0.0000,0,1,0,1,0,1,0,0,0,0,0,2,no,no
4,0,1,0,0,0,0,0,0.0,0.0,0.0,0.0,0.0,0,0,0,0,0,0,0,0.0000,4,1,0,0,0,0,0,0,0,0.0,0.0,0.0,0.0,0.0,0,0,0,0,0,0,0.0000,0,1,0,1,0,1,0,0,0,0,0,2,no,no
8,3,1,0,1,2,2,2,3.0,4.0,6.339850002884625,0.5,3.1699250014423126,0,0,0,0,0,0,0,0.0000,8,1,0,0,3,1,2,2,2,3.0,4.0,6.339850002884625,0.5,3.1699250014423126,0,0,0,0,0,0,0.0000,0,1,0,1,0,1,0,0,0,0,0,2,no,no
3,2,1,0,0,1,0,1,1.0,1.0,0.0,0.0,0.0,0,0,0,0,0,0,0,0.0000,3,1,0,0,2,0,1,0,1,1.0,1.0,0.0,0.0,0.0,0,0,0,0,0,0,0.0000,0,7,0,7,0,3,0,0,0,292,0,2,yes,yes
3,2,1,0,0,1,0,1,1.0,1.0,0.0,0.0,0.0,0,0,0,0,0,0,0,0.0000,3,1,0,0,2,0,1,0,1,1.0,1.0,0.0,0.0,0.0,0,0,0,0,0,0,0.0000,0,7,0,7,0,3,0,0,0,292,0,2,yes,yes
8,0,2,0,0,0,0,0,0.0,0.0,0.0,0.0,0.0,0,0,0,0,0,0,0,0.0000,8,2,0,0,0,0,0,0,0,0.0,0.0,0.0,0.0,0.0,0,0,0,0,0,0,0.0000,0,1,0,1,0,1,0,0,0,0,0,2,no,no
16,0,0,0,0,0,0,0,0.0,0.0,0.0,0.0,0.0,0,0,0,0,0,0,0,0.0000,16,0,0,0,0,0,0,0,0,0.0,0.0,0.0,0.0,0.0,0,0,0,0,0,0,0.0000,0,10,0,10,0,2,0,0,0,266,0,2,no,no
4,4,2,0,0,2,0,2,2.0,2.0,2.0,0.0,0.0,0,0,0,0,0,0,0,0.0000,4,2,0,0,4,0,2,0,2,2.0,2.0,2.0,0.0,0.0,0,0,0,0,0,0,0.0000,0,1,0,1,0,1,0,0,0,0,0,2,no,no
7,0,1,0,0,0,0,0,0.0,0.0,0.0,0.0,0.0,0,0,0,0,0,0,0,0.0000,7,1,0,0,0,0,0,0,0,0.0,0.0,0.0,0.0,0.0,0,0,0,0,0,0,0.0000,0,1,0,1,0,1,0,0,0,0,0,2,no,no
6,2,1,0,0,1,0,1,1.0,1.0,0.0,0.0,0.0,0,0,0,0,0,0,0,0.0000,6,1,0,0,2,0,1,0,1,1.0,1.0,0.0,0.0,0.0,0,0,0,0,0,0,0.0000,0,5,0,5,0,2,0,0,0,114,0,2,no,no
5,2,1,0,1,2,1,2,3.0,3.0,4.754887502163469,0.5,2.3774437510817346,0,0,0,0,0,0,0,0.0000,5,1,0,0,2,1,2,1,2,3.0,3.0,4.754887502163469,0.5,2.3774437510817346,0,0,0,0,0,0,0.0000,0,7,0,7,0,3,0,0,0,292,0,2,yes,yes
2,0,0,0,0,0,0,0,0.0,0.0,0.0,0.0,0.0,0,0,0,0,0,0,0,0.0000,2,0,0,0,0,0,0,0,0,0.0,0.0,0.0,0.0,0.0,0,0,0,0,0,0,0.0000,0,10,0,10,0,2,0,0,0,266,0,2,no,no
3,2,1,0,0,1,0,1,1.0,1.0,0.0,0.0,0.0,0,0,0,0,0,0,0,0.0000,3,1,0,0,2,0,1,0,1,1.0,1.0,0.0,0.0,0.0,0,0,0,0,0,0,0.0000,0,7,0,7,0,3,0,0,0,292,0,2,yes,yes
17,5,2,0,1,3,1,3,4.0,4.0,8.0,0.5,4.0,0,0,0,0,0,0,0,0.0000,17,2,0,0,5,1,3,1,3,4.0,4.0,8.0,0.5,4.0,0,0,0,0,0,0,0.0000,0,10,0,10,0,2,0,0,0,266,0,2,no,no
13,0,1,0,0,0,0,0,0.0,0.0,0.0,0.0,0.0,0,0,0,0,0,0,0,0.0000,13,1,0,0,0,0,0,0,0,0.0,0.0,0.0,0.0,0.0,0,0,0,0,0,0,0.0000,0,6,0,6,0,2,0,0,0,216,0,2,no,no
16,0,3,0,0,0,0,0,0.0,0.0,0.0,0.0,0.0,0,0,0,0,0,0,0,0.0000,16,3,0,0,0,0,0,0,0,0.0,0.0,0.0,0.0,0.0,0,0,0,0,0,0,0.0000,0,1,0,1,0,1,0,0,0,0,0,2,no,no
11,0,2,0,0,0,0,0,0.0,0.0,0.0,0.0,0.0,0,0,0,0,0,0,0,0.0000,11,2,0,0,0,0,0,0,0,0.0,0.0,0.0,0.0,0.0,0,0,0,0,0,0,0.0000,0,1,0,1,0,1,0,0,0,0,0,2,no,no
6,4,2,0,0,2,0,3,2.0,3.0,3.0,0.0,0.0,0,0,0,0,0,0,0,0.0000,6,2,0,0,4,0,2,0,3,2.0,3.0,3.0,0.0,0.0,0,0,0,0,0,0,0.0000,0,1,0,1,0,1,0,0,0,0,0,2,no,no
4,0,0,0,0,0,0,0,0.0,0.0,0.0,0.0,0.0,0,0,0,0,0,0,0,0.0000,4,0,0,0,0,0,0,0,0,0.0,0.0,0.0,0.0,0.0,0,0,0,0,0,0,0.0000,0,1,0,1,0,1,0,0,0,33,0,2,no,no
15,0,4,0,0,0,0,0,0.0,0.0,0.0,0.0,0.0,0,0,0,0,0,0,0,0.0000,15,4,0,0,0,0,0,0,0,0.0,0.0,0.0,0.0,0.0,0,0,0,0,0,0,0.0000,0,1,0,1,0,1,0,0,0,0,0,2,no,no
3,2,1,0,0,1,0,1,1.0,1.0,0.0,0.0,0.0,0,0,0,0,0,0,0,0.0000,3,1,0,0,2,0,1,0,1,1.0,1.0,0.0,0.0,0.0,0,0,0,0,0,0,0.0000,0,7,0,7,0,3,0,0,0,292,0,2,yes,yes
14,0,4,0,0,0,0,0,0.0,0.0,0.0,0.0,0.0,0,0,0,0,0,0,0,0.0000,14,4,0,0,0,0,0,0,0,0.0,0.0,0.0,0.0,0.0,0,0,0,0,0,0,0.0000,0,1,0,1,0,1,0,0,0,0,0,2,no,no
5,2,1,0,0,4,0,4,4.0,4.0,8.0,0.0,0.0,0,0,0,0,0,0,0,0.0000,5,1,0,0,2,0,4,0,4,4.0,4.0,8.0,0.0,0.0,0,0,0,0,0,0,0.0000,0,1,0,1,0,1,0,0,0,0,0,2,no,no
3,2,1,0,0,1,0,1,1.0,1.0,0.0,0.0,0.0,0,0,0,0,0,0,0,0.0000,3,1,0,0,2,0,1,0,1,1.0,1.0,0.0,0.0,0.0,0,0,0,0,0,0,0.0000,0,7,0,7,0,3,0,0,0,292,0,2,yes,yes
6,0,2,0,0,0,0,0,0.0,0.0,0.0,0.0,0.0,0,0,0,0,0,0,0,0.0000,6,2,0,0,0,0,0,0,0,0.0,0.0,0.0,0.0,0.0,0,0,0,0,0,0,0.0000,0,1,0,1,0,1,0,0,0,26,0,2,no,no
10,4,1,0,1,2,3,3,3.0,6.0,9.509775004326938,0.75,7.132331253245203,0,0,0,0,0,0,0,0.0000,10,1,0,0,4,1,2,3,3,3.0,6.0,9.509775004326938,0.75,7.132331253245203,0,0,0,0,0,0,0.0000,0,7,0,7,0,2,0,0,0,210,0,2,no,no
4,0,0,0,0,0,0,0,0.0,0.0,0.0,0.0,0.0,0,0,0,0,0,0,0,0.0000,4,0,0,0,0,0,0,0,0,0.0,0.0,0.0,0.0,0.0,0,0,0,0,0,0,0.0000,0,1,0,1,0,1,0,0,0,0,0,2,no,no
23,2,6,0,0,1,0,1,1.0,1.0,0.0,0.0,0.0,0,0,0,0,0,0,0,0.0000,23,6,0,0,2,0,1,0,1,1.0,1.0,0.0,0.0,0.0,0,0,0,0,0,0,0.0000,0,4,0,4,0,2,0,0,0,80,0,2,no,no
17,9,5,0,2,4,2,11,6.0,13.0,33.60451250937503,2.75,92.41240940078133,0,0,0,0,0,0,0,0.0000,17,5,0,0,9,2,4,2,11,6.0,13.0,33.60451250937503,2.75,92.41240940078133,0,0,0,0,0,0,0.0000,0,1,0,1,0,1,0,0,0,0,0,2,no,no
3,2,1,0,0,1,0,1,1.0,1.0,0.0,0.0,0.0,0,0,0,0,0,0,0,0.0000,3,1,0,0,2,0,1,0,1,1.0,1.0,0.0,0.0,0.0,0,0,0,0,0,0,0.0000,0,7,0,7,0,3,0,0,0,292,0,2,yes,yes
20,8,4,0,0,7,0,13,7.0,13.0,36.49561398674886,0.0,0.0,0,0,0,0,0,0,0,0.0000,20,4,0,0,8,0,7,0,13,7.0,13.0,36.49561398674886,0.0,0.0,0,0,0,0,0,0,0.0000,0,1,0,1,0,1,0,0,0,0,0,2,no,no
3,0,1,0,0,0,0,0,0.0,0.0,0.0,0.0,0.0,0,0,0,0,0,0,0,0.0000,3,1,0,0,0,0,0,0,0,0.0,0.0,0.0,0.0,0.0,0,0,0,0,0,0,0.0000,0,2,0,2,0,2,0,0,0,4,0,2,no,no
7,0,0,0,0,0,0,0,0.0,0.0,0.0,0.0,0.0,0,0,0,0,0,0,0,0.0000,7,0,0,0,0,0,0,0,0,0.0,0.0,0.0,0.0,0.0,0,0,0,0,0,0,0.0000,0,1,0,1,0,1,0,0,0,0,0,2,no,no
24,0,3,0,0,0,0,0,0.0,0.0,0.0,0.0,0.0,0,0,0,0,0,0,0,0.0000,24,3,0,0,0,0,0,0,0,0.0,0.0,0.0,0.0,0.0,0,0,0,0,0,0,0.0000,0,2,0,2,0,1,0,0,0,2,0,2,no,no
9,0,2,0,0,0,0,0,0.0,0.0,0.0,0.0,0.0,0,0,0,0,0,0,0,0.0000,9,2,0,0,0,0,0,0,0,0.0,0.0,0.0,0.0,0.0,0,0,0,0,0,0,0.0000,0,1,0,1,0,1,0,0,0,0,0,2,no,no
7,6,3,0,0,2,0,4,2.0,4.0,4.0,0.0,0.0,0,0,0,0,0,0,0,0.0000,7,3,0,0,6,0,2,0,4,2.0,4.0,4.0,0.0,0.0,0,0,0,0,0,0,0.0000,0,1,0,1,0,1,0,0,0,0,0,2,no,no
15,0,0,0,2,12,2,13,14.0,15.0,57.110323830864054,1.0833333333333333,61.869517483436056,0,0,0,0,0,0,0,0.0000,15,0,0,0,0,2,12,2,13,14.0,15.0,57.110323830864054,1.0833333333333333,61.869517483436056,0,0,0,0,0,0,0.0000,0,3,0,3,0,2,0,0,0,9,0,2,no,no
3,2,1,0,0,1,0,1,1.0,1.0,0.0,0.0,0.0,0,0,0,0,0,0,0,0.0000,3,1,0,0,2,0,1,0,1,1.0,1.0,0.0,0.0,0.0,0,0,0,0,0,0,0.0000,0,7,0,7,0,3,0,0,0,292,0,2,yes,yes
7,3,1,0,1,2,1,2,3.0,3.0,4.754887502163469,0.5,2.3774437510817346,0,0,0,0,0,0,0,0.0000,7,1,0,0,3,1,2,1,2,3.0,3.0,4.754887502163469,0.5,2.3774437510817346,0,0,0,0,0,0,0.0000,0,10,0,10,0,2,0,0,0,266,0,2,no,no
6,0,2,0,0,0,0,0,0.0,0.0,0.0,0.0,0.0,0,0,0,0,0,0,0,0.0000,6,2,0,0,0,0,0,0,0,0.0,0.0,0.0,0.0,0.0,0,0,0,0,0,0,0.0000,0,2,0,2,0,1,0,0,0,9,0,2,no,no
5,2,1,0,0,1,0,1,1.0,1.0,0.0,0.0,0.0,0,0,0,0,0,0,0,0.0000,5,1,0,0,2,0,1,0,1,1.0,1.0,0.0,0.0,0.0,0,0,0,0,0,0,0.0000,0,1,0,1,0,1,0,0,0,0,0,2,no,no
8,3,1,0,1,2,2,2,3.0,4.0,6.339850002884625,0.5,3.1699250014423126,0,0,0,0,0,0,0,0.0000,8,1,0,0,3,1,2,2,2,3.0,4.0,6.339850002884625,0.5,3.1699250014423126,0,0,0,0,0,0,0.0000,0,10,0,10,0,2,0,0,0,266,0,2,no,no
6,2,1,0,1,2,1,2,3.0,3.0,4.754887502163469,0.5,2.3774437510817346,0,0,0,0,0,0,0,0.0000,6,1,0,0,2,1,2,1,2,3.0,3.0,4.754887502163469,0.5,2.3774437510817346,0,0,0,0,0,0,0.0000,0,7,0,7,0,3,0,0,0,292,0,2,yes,yes
10,4,2,0,0,1,0,2,1.0,2.0,0.0,0.0,0.0,0,0,0,0,0,0,0,0.0000,10,2,0,0,4,0,1,0,2,1.0,2.0,0.0,0.0,0.0,0,0,0,0,0,0,0.0000,0,1,0,1,0,1,0,0,0,232,0,2,no,no
49,7,7,0,0,0,0,0,0.0,0.0,0.0,0.0,0.0,0,0,0,0,0,0,0,0.0000,49,7,0,0,7,0,0,0,0,0.0,0.0,0.0,0.0,0.0,0,0,0,0,0,0,0.0000,0,1,0,1,0,1,0,0,0,0,0,2,no,no
27,0,0,0,0,0,0,0,0.0,0.0,0.0,0.0,0.0,0,0,0,0,0,0,0,0.0000,27,0,0,0,0,0,0,0,0,0.0,0.0,0.0,0.0,0.0,0,0,0,0,0,0,0.0000,0,2,0,2,0,2,0,0,0,18,0,2,no,no
3,2,1,0,0,1,0,1,1.0,1.0,0.0,0.0,0.0,0,0,0,0,0,0,0,0.0000,3,1,0,0,2,0,1,0,1,1.0,1.0,0.0,0.0,0.0,0,0,0,0,0,0,0.0000,0,7,0,7,0,3,0,0,0,292,0,2,yes,yes
17,8,3,1,2,6,2,9,8.0,11.0,33.0,1.5,49.5,1,0,0,0,0,0,0,0.0000,17,3,1,0,8,2,6,2,9,8.0,11.0,33.0,1.5,49.5,1,0,0,0,0,0,0.0000,0,1,0,1,0,1,0,0,0,203,0,2,no,no
7,0,0,0,0,0,0,0,0.0,0.0,0.0,0.0,0.0,0,0,0,0,0,0,0,0.0000,7,0,0,0,0,0,0,0,0,0.0,0.0,0.0,0.0,0.0,0,0,0,0,0,0,0.0000,0,1,0,1,0,1,0,0,0,0,0,2,no,no
6,2,1,0,1,1,1,1,2.0,2.0,2.0,0.5,1.0,0,0,0,0,0,0,0,0.0000,6,1,0,0,2,1,1,1,1,2.0,2.0,2.0,0.5,1.0,0,0,0,0,0,0,0.0000,0,10,0,10,0,2,0,0,0,266,0,2,no,no
2,0,0,0,0,0,0,0,0.0,0.0,0.0,0.0,0.0,0,0,0,0,0,0,0,0.0000,2,0,0,0,0,0,0,0,0,0.0,0.0,0.0,0.0,0.0,0,0,0,0,0,0,0.0000,0,2,0,2,0,1,0,0,0,6,0,2,no,no
11,0,2,0,0,0,0,0,0.0,0.0,0.0,0.0,0.0,0,0,0,0,0,0,0,0.0000,11,2,0,0,0,0,0,0,0,0.0,0.0,0.0,0.0,0.0,0,0,0,0,0,0,0.0000,0,6,0,6,0,2,0,0,0,21,0,2,no,no
12,4,2,0,1,1,1,2,2.0,3.0,3.0,1.0,3.0,0,0,0,0,0,0,0,0.0000,12,2,0,0,4,1,1,1,2,2.0,3.0,3.0,1.0,3.0,0,0,0,0,0,0,0.0000,0,5,0,5,0,2,0,0,0,223,0,3,no,no
4,0,1,0,0,0,0,0,0.0,0.0,0.0,0.0,0.0,0,0,0,0,0,0,0,0.0000,4,1,0,0,0,0,0,0,0,0.0,0.0,0.0,0.0,0.0,0,0,0,0,0,0,0.0000,0,1,0,1,0,1,0,0,0,0,0,3,no,no
4,0,1,0,0,0,0,0,0.0,0.0,0.0,0.0,0.0,0,0,0,0,0,0,0,0.0000,4,1,0,0,0,0,0,0,0,0.0,0.0,0.0,0.0,0.0,0,0,0,0,0,0,0.0000,0,1,0,1,0,1,0,0,0,0,0,3,no,no
8,3,1,0,1,2,2,2,3.0,4.0,6.339850002884625,0.5,3.1699250014423126,0,0,0,0,0,0,0,0.0000,8,1,0,0,3,1,2,2,2,3.0,4.0,6.339850002884625,0.5,3.1699250014423126,0,0,0,0,0,0,0.0000,0,1,0,1,0,1,0,0,0,0,0,3,no,no
3,2,1,0,0,1,0,1,1.0,1.0,0.0,0.0,0.0,0,0,0,0,0,0,0,0.0000,3,1,0,0,2,0,1,0,1,1.0,1.0,0.0,0.0,0.0,0,0,0,0,0,0,0.0000,0,7,0,7,0,3,0,0,0,292,0,3,yes,yes
3,2,1,0,0,1,0,1,1.0,1.0,0.0,0.0,0.0,0,0,0,0,0,0,0,0.0000,3,1,0,0,2,0,1,0,1,1.0,1.0,0.0,0.0,0.0,0,0,0,0,0,0,0.0000,0,7,0,7,0,3,0,0,0,292,0,3,yes,yes
8,0,2,0,0,0,0,0,0.0,0.0,0.0,0.0,0.0,0,0,0,0,0,0,0,0.0000,8,2,0,0,0,0,0,0,0,0.0,0.0,0.0,0.0,0.0,0,0,0,0,0,0,0.0000,0,1,0,1,0,1,0,0,0,0,0,3,no,no
16,0,0,0,0,0,0,0,0.0,0.0,0.0,0.0,0.0,0,0,0,0,0,0,0,0.0000,16,0,0,0,0,0,0,0,0,0.0,0.0,0.0,0.0,0.0,0,0,0,0,0,0,0.0000,0,10,0,10,0,2,0,0,0,266,0,3,no,no
4,4,2,0,0,2,0,2,2.0,2.0,2.0,0.0,0.0,0,0,0,0,0,0,0,0.0000,4,2,0,0,4,0,2,0,2,2.0,2.0,2.0,0.0,0.0,0,0,0,0,0,0,0.0000,0,1,0,1,0,1,0,0,0,0,0,3,no,no
7,0,1,0,0,0,0,0,0.0,0.0,0.0,0.0,0.0,0,0,0,0,0,0,0,0.0000,7,1,0,0,0,0,0,0,0,0.0,0.0,0.0,0.0,0.0,0,0,0,0,0,0,0.0000,0,1,0,1,0,1,0,0,0,0,0,3,no,no
6,2,1,0,0,1,0,1,1.0,1.0,0.0,0.0,0.0,0,0,0,0,0,0,0,0.0000,6,1,0,0,2,0,1,0,1,1.0,1.0,0.0,0.0,0.0,0,0,0,0,0,0,0.0000,0,5,0,5,0,2,0,0,0,114,0,3,no,no
5,2,1,0,1,2,1,2,3.0,3.0,4.754887502163469,0.5,2.3774437510817346,0,0,0,0,0,0,0,0.0000,5,1,0,0,2,1,2,1,2,3.0,3.0,4.754887502163469,0.5,2.3774437510817346,0,0,0,0,0,0,0.0000,0,7,0,7,0,3,0,0,0,292,0,3,yes,yes
2,0,0,0,0,0,0,0,0.0,0.0,0.0,0.0,0.0,0,0,0,0,0,0,0,0.0000,2,0,0,0,0,0,0,0,0,0.0,0.0,0.0,0.0,0.0,0,0,0,0,0,0,0.0000,0,10,0,10,0,2,0,0,0,266,0,3,no,no
3,2,1,0,0,1,0,1,1.0,1.0,0.0,0.0,0.0,0,0,0,0,0,0,0,0.0000,3,1,0,0,2,0,1,0,1,1.0,1.0,0.0,0.0,0.0,0,0,0,0,0,0,0.0000,0,7,0,7,0,3,0,0,0,292,0,3,yes,yes
17,5,2,0,1,3,1,3,4.0,4.0,8.0,0.5,4.0,0,0,0,0,0,0,0,0.0000,17,2,0,0,5,1,3,1,3,4.0,4.0,8.0,0.5,4.0,0,0,0,0,0,0,0.0000,0,10,0,10,0,2,0,0,0,266,0,3,no,no
13,0,1,0,0,0,0,0,0.0,0.0,0.0,0.0,0.0,0,0,0,0,0,0,0,0.0000,13,1,0,0,0,0,0,0,0,0.0,0.0,0.0,0.0,0.0,0,0,0,0,0,0,0.0000,0,6,0,6,0,2,0,0,0,216,0,3,no,no
16,0,3,0,0,0,0,0,0.0,0.0,0.0,0.0,0.0,0,0,0,0,0,0,0,0.0000,16,3,0,0,0,0,0,0,0,0.0,0.0,0.0,0.0,0.0,0,0,0,0,0,0,0.0000,0,1,0,1,0,1,0,0,0,0,0,3,no,no
11,0,2,0,0,0,0,0,0.0,0.0,0.0,0.0,0.0,0,0,0,0,0,0,0,0.0000,11,2,0,0,0,0,0,0,0,0.0,0.0,0.0,0.0,0.0,0,0,0,0,0,0,0.0000,0,1,0,1,0,1,0,0,0,0,0,3,no,no
6,4,2,0,0,2,0,3,2.0,3.0,3.0,0.0,0.0,0,0,0,0,0,0,0,0.0000,6,2,0,0,4,0,2,0,3,2.0,3.0,3.0,0.0,0.0,0,0,0,0,0,0,0.0000,0,1,0,1,0,1,0,0,0,0,0,3,no,no
15,0,4,0,0,0,0,0,0.0,0.0,0.0,0.0,0.0,0,0,0,0,0,0,0,0.0000,15,4,0,0,0,0,0,0,0,0.0,0.0,0.0,0.0,0.0,0,0,0,0,0,0,0.0000,0,1,0,1,0,1,0,0,0,0,0,3,no,no
3,2,1,0,0,1,0,1,1.0,1.0,0.0,0.0,0.0,0,0,0,0,0,0,0,0.0000,3,1,0,0,2,0,1,0,1,1.0,1.0,0.0,0.0,0.0,0,0,0,0,0,0,0.0000,0,7,0,7,0,3,0,0,0,292,0,3,yes,yes
14,0,4,0,0,0,0,0,0.0,0.0,0.0,0.0,0.0,0,0,0,0,0,0,0,0.0000,14,4,0,0,0,0,0,0,0,0.0,0.0,0.0,0.0,0.0,0,0,0,0,0,0,0.0000,0,1,0,1,0,1,0,0,0,0,0,3,no,no
5,2,1,0,0,4,0,4,4.0,4.0,8.0,0.0,0.0,0,0,0,0,0,0,0,0.0000,5,1,0,0,2,0,4,0,4,4.0,4.0,8.0,0.0,0.0,0,0,0,0,0,0,0.0000,0,1,0,1,0,1,0,0,0,0,0,3,no,no
3,2,1,0,0,1,0,1,1.0,1.0,0.0,0.0,0.0,0,0,0,0,0,0,0,0.0000,3,1,0,0,2,0,1,0,1,1.0,1.0,0.0,0.0,0.0,0,0,0,0,0,0,0.0000,0,7,0,7,0,3,0,0,0,292,0,3,yes,yes
6,0,2,0,0,0,0,0,0.0,0.0,0.0,0.0,0.0,0,0,0,0,0,0,0,0.0000,6,2,0,0,0,0,0,0,0,0.0,0.0,0.0,0.0,0.0,0,0,0,0,0,0,0.0000,0,1,0,1,0,1,0,0,0,26,0,3,no,no
10,4,1,0,1,2,3,3,3.0,6.0,9.509775004326938,0.75,7.132331253245203,0,0,0,0,0,0,0,0.0000,10,1,0,0,4,1,2,3,3,3.0,6.0,9.509775004326938,0.75,7.132331253245203,0,0,0,0,0,0,0.0000,0,7,0,7,0,2,0,0,0,210,0,3,no,no
4,0,0,0,0,0,0,0,0.0,0.0,0.0,0.0,0.0,0,0,0,0,0,0,0,0.0000,4,0,0,0,0,0,0,0,0,0.0,0.0,0.0,0.0,0.0,0,0,0,0,0,0,0.0000,0,1,0,1,0,1,0,0,0,0,0,3,no,no
23,2,6,0,0,1,0,1,1.0,1.0,0.0,0.0,0.0,0,0,0,0,0,0,0,0.0000,23,6,0,0,2,0,1,0,1,1.0,1.0,0.0,0.0,0.0,0,0,0,0,0,0,0.0000,0,4,0,4,0,2,0,0,0,80,0,3,no,no
17,9,5,0,2,4,2,11,6.0,13.0,33.60451250937503,2.75,92.41240940078133,0,0,0,0,0,0,0,0.0000,17,5,0,0,9,2,4,2,11,6.0,13.0,33.60451250937503,2.75,92.41240940078133,0,0,0,0,0,0,0.0000,0,1,0,1,0,1,0,0,0,0,0,3,no,no
3,2,1,0,0,1,0,1,1.0,1.0,0.0,0.0,0.0,0,0,0,0,0,0,0,0.0000,3,1,0,0,2,0,1,0,1,1.0,1.0,0.0,0.0,0.0,0,0,0,0,0,0,0.0000,0,7,0,7,0,3,0,0,0,292,0,3,yes,yes
20,8,4,0,0,7,0,13,7.0,13.0,36.49561398674886,0.0,0.0,0,0,0,0,0,0,0,0.0000,20,4,0,0,8,0,7,0,13,7.0,13.0,36.49561398674886,0.0,0.0,0,0,0,0,0,0,0.0000,0,1,0,1,0,1,0,0,0,0,0,3,no,no
3,0,1,0,0,0,0,0,0.0,0.0,0.0,0.0,0.0,0,0,0,0,0,0,0,0.0000,3,1,0,0,0,0,0,0,0,0.0,0.0,0.0,0.0,0.0,0,0,0,0,0,0,0.0000,0,2,0,2,0,2,0,0,0,4,0,3,no,no
7,0,0,0,0,0,0,0,0.0,0.0,0.0,0.0,0.0,0,0,0,0,0,0,0,0.0000,7,0,0,0,0,0,0,0,0,0.0,0.0,0.0,0.0,0.0,0,0,0,0,0,0,0.0000,0,1,0,1,0,1,0,0,0,0,0,3,no,no
24,0,3,0,0,0,0,0,0.0,0.0,0.0,0.0,0.0,0,0,0,0,0,0,0,0.0000,24,3,0,0,0,0,0,0,0,0.0,0.0,0.0,0.0,0.0,0,0,0,0,0,0,0.0000,0,2,0,2,0,1,0,0,0,2,0,3,no,no
9,0,2,0,0,0,0,0,0.0,0.0,0.0,0.0,0.0,0,0,0,0,0,0,0,0.0000,9,2,0,0,0,0,0,0,0,0.0,0.0,0.0,0.0,0.0,0,0,0,0,0,0,0.0000,0,1,0,1,0,1,0,0,0,0,0,3,no,no
7,6,3,0,0,2,0,4,2.0,4.0,4.0,0.0,0.0,0,0,0,0,0,0,0,0.0000,7,3,0,0,6,0,2,0,4,2.0,4.0,4.0,0.0,0.0,0,0,0,0,0,0,0.0000,0,1,0,1,0,1,0,0,0,0,0,3,no,no
15,0,0,0,2,12,2,13,14.0,15.0,57.110323830864054,1.0833333333333333,61.869517483436056,0,0,0,0,0,0,0,0.0000,15,0,0,0,0,2,12,2,13,14.0,15.0,57.110323830864054,1.0833333333333333,61.869517483436056,0,0,0,0,0,0,0.0000,0,3,0,3,0,2,0,0,0,9,0,3,no,no
3,2,1,0,0,1,0,1,1.0,1.0,0.0,0.0,0.0,0,0,0,0,0,0,0,0.0000,3,1,0,0,2,0,1,0,1,1.0,1.0,0.0,0.0,0.0,0,0,0,0,0,0,0.0000,0,7,0,7,0,3,0,0,0,292,0,3,yes,yes
7,3,1,0,1,2,1,2,3.0,3.0,4.754887502163469,0.5,2.3774437510817346,0,0,0,0,0,0,0,0.0000,7,1,0,0,3,1,2,1,2,3.0,3.0,4.754887502163469,0.5,2.3774437510817346,0,0,0,0,0,0,0.0000,0,10,0,10,0,2,0,0,0,266,0,3,no,no
6,0,2,0,0,0,0,0,0.0,0.0,0.0,0.0,0.0,0,0,0,0,0,0,0,0.0000,6,2,0,0,0,0,0,0,0,0.0,0.0,0.0,0.0,0.0,0,0,0,0,0,0,0.0000,0,2,0,2,0,1,0,0,0,9,0,3,no,no
5,2,1,0,0,1,0,1,1.0,1.0,0.0,0.0,0.0,0,0,0,0,0,0,0,0.0000,5,1,0,0,2,0,1,0,1,1.0,1.0,0.0,0.0,0.0,0,0,0,0,0,0,0.0000,0,1,0,1,0,1,0,0,0,0,0,3,no,no
8,3,1,0,1,2,2,2,3.0,4.0,6.339850002884625,0.5,3.1699250014423126,0,0,0,0,0,0,0,0.0000,8,1,0,0,3,1,2,2,2,3.0,4.0,6.339850002884625,0.5,3.1699250014423126,0,0,0,0,0,0,0.0000,0,10,0,10,0,2,0,0,0,266,0,3,no,no
6,2,1,0,1,2,1,2,3.0,3.0,4.754887502163469,0.5,2.3774437510817346,0,0,0,0,0,0,0,0.0000,6,1,0,0,2,1,2,1,2,3.0,3.0,4.754887502163469,0.5,2.3774437510817346,0,0,0,0,0,0,0.0000,0,7,0,7,0,3,0,0,0,292,0,3,yes,yes
10,4,2,0,0,1,0,2,1.0,2.0,0.0,0.0,0.0,0,0,0,0,0,0,0,0.0000,10,2,0,0,4,0,1,0,2,1.0,2.0,0.0,0.0,0.0,0,0,0,0,0,0,0.0000,0,1,0,1,0,1,0,0,0,232,0,3,no,no
49,7,7,0,0,0,0,0,0.0,0.0,0.0,0.0,0.0,0,0,0,0,0,0,0,0.0000,49,7,0,0,7,0,0,0,0,0.0,0.0,0.0,0.0,0.0,0,0,0,0,0,0,0.0000,0,1,0,1,0,1,0,0,0,0,0,3,no,no
27,0,0,0,0,0,0,0,0.0,0.0,0.0,0.0,0.0,0,0,0,0,0,0,0,0.0000,27,0,0,0,0,0,0,0,0,0.0,0.0,0.0,0.0,0.0,0,0,0,0,0,0,0.0000,0,2,0,2,0,2,0,0,0,18,0,3,no,no
3,2,1,0,0,1,0,1,1.0,1.0,0.0,0.0,0.0,0,0,0,0,0,0,0,0.0000,3,1,0,0,2,0,1,0,1,1.0,1.0,0.0,0.0,0.0,0,0,0,0,0,0,0.0000,0,7,0,7,0,3,0,0,0,292,0,3,yes,yes
17,8,3,1,2,6,2,9,8.0,11.0,33.0,1.5,49.5,1,0,0,0,0,0,0,0.0000,17,3,1,0,8,2,6,2,9,8.0,11.0,33.0,1.5,49.5,1,0,0,0,0,0,0.0000,0,1,0,1,0,1,0,0,0,203,0,3,no,no
7,0,0,0,0,0,0,0,0.0,0.0,0.0,0.0,0.0,0,0,0,0,0,0,0,0.0000,7,0,0,0,0,0,0,0,0,0.0,0.0,0.0,0.0,0.0,0,0,0,0,0,0,0.0000,0,1,0,1,0,1,0,0,0,0,0,3,no,no
6,2,1,0,1,1,1,1,2.0,2.0,2.0,0.5,1.0,0,0,0,0,0,0,0,0.0000,6,1,0,0,2,1,1,1,1,2.0,2.0,2.0,0.5,1.0,0,0,0,0,0,0,0.0000,0,10,0,10,0,2,0,0,0,266,0,3,no,no
2,0,0,0,0,0,0,0,0.0,0.0,0.0,0.0,0.0,0,0,0,0,0,0,0,0.0000,2,0,0,0,0,0,0,0,0,0.0,0.0,0.0,0.0,0.0,0,0,0,0,0,0,0.0000,0,2,0,2,0,1,0,0,0,6,0,3,no,no
11,0,2,0,0,0,0,0,0.0,0.0,0.0,0.0,0.0,0,0,0,0,0,0,0,0.0000,11,2,0,0,0,0,0,0,0,0.0,0.0,0.0,0.0,0.0,0,0,0,0,0,0,0.0000,0,6,0,6,0,2,0,0,0,21,0,3,no,no
16,0,0,0,0,0,0,0,0.0,0.0,0.0,0.0,0.0,0,0,0,0,0,0,0,0.0000,16,0,0,0,0,0,0,0,0,0.0,0.0,0.0,0.0,0.0,0,0,0,0,0,0,0.0000,0,0,0,0,0,0,0,0,0,0,0,1,no,no
27,0,0,0,0,0,0,0,0.0,0.0,0.0,0.0,0.0,0,0,0,0,0,0,0,0.0000,27,0,0,0,0,0,0,0,0,0.0,0.0,0.0,0.0,0.0,0,0,0,0,0,0,0.0000,0,0,0,0,0,0,0,0,0,0,0,1,no,no
14,0,4,0,0,0,0,0,0.0,0.0,0.0,0.0,0.0,0,0,0,0,0,0,0,0.0000,14,4,0,0,0,0,0,0,0,0.0,0.0,0.0,0.0,0.0,0,0,0,0,0,0,0.0000,0,0,0,0,0,0,0,0,0,0,0,1,no,no
3,2,1,0,0,1,0,1,1.0,1.0,0.0,0.0,0.0,0,0,0,0,0,0,0,0.0000,3,1,0,0,2,0,1,0,1,1.0,1.0,0.0,0.0,0.0,0,0,0,0,0,0,0.0000,0,0,0,0,0,0,0,0,0,0,0,1,no,no
5,2,1,0,1,2,1,2,3.0,3.0,4.754887502163469,0.5,2.3774437510817346,0,0,0,0,0,0,0,0.0000,5,1,0,0,2,1,2,1,2,3.0,3.0,4.754887502163469,0.5,2.3774437510817346,0,0,0,0,0,0,0.0000,0,0,0,0,0,0,0,0,0,0,0,1,no,no
4,4,2,0,0,2,0,2,2.0,2.0,2.0,0.0,0.0,0,0,0,0,0,0,0,0.0000,4,2,0,0,4,0,2,0,2,2.0,2.0,2.0,0.0,0.0,0,0,0,0,0,0,0.0000,0,0,0,0,0,0,0,0,0,0,0,1,no,no
3,2,1,0,0,1,0,1,1.0,1.0,0.0,0.0,0.0,0,0,0,0,0,0,0,0.0000,3,1,0,0,2,0,1,0,1,1.0,1.0,0.0,0.0,0.0,0,0,0,0,0,0,0.0000,0,0,0,0,0,0,0,0,0,0,0,1,no,no
2,0,0,0,0,0,0,0,0.0,0.0,0.0,0.0,0.0,0,0,0,0,0,0,0,0.0000,2,0,0,0,0,0,0,0,0,0.0,0.0,0.0,0.0,0.0,0,0,0,0,0,0,0.0000,0,0,0,0,0,0,0,0,0,0,0,1,no,no
7,0,0,0,0,0,0,0,0.0,0.0,0.0,0.0,0.0,0,0,0,0,0,0,0,0.0000,7,0,0,0,0,0,0,0,0,0.0,0.0,0.0,0.0,0.0,0,0,0,0,0,0,0.0000,0,0,0,0,0,0,0,0,0,0,0,1,no,no
3,0,1,0,0,0,0,0,0.0,0.0,0.0,0.0,0.0,0,0,0,0,0,0,0,0.0000,3,1,0,0,0,0,0,0,0,0.0,0.0,0.0,0.0,0.0,0,0,0,0,0,0,0.0000,0,0,0,0,0,0,0,0,0,0,0,1,no,no
3,0,1,0,0,0,0,0,0.0,0.0,0.0,0.0,0.0,0,0,0,0,0,0,0,0.0000,3,1,0,0,0,0,0,0,0,0.0,0.0,0.0,0.0,0.0,0,0,0,0,0,0,0.0000,0,0,0,0,0,0,0,0,0,0,0,1,no,no
11,0,2,0,0,0,0,0,0.0,0.0,0.0,0.0,0.0,0,0,0,0,0,0,0,0.0000,11,2,0,0,0,0,0,0,0,0.0,0.0,0.0,0.0,0.0,0,0,0,0,0,0,0.0000,0,0,0,0,0,0,0,0,0,0,0,1,no,no
14,7,1,0,1,9,2,11,10.0,13.0,43.18506523353572,0.6111111111111112,26.39087319827183,0,0,0,0,0,0,0,0.0000,14,1,0,0,7,1,9,2,11,10.0,13.0,43.18506523353572,0.6111111111111112,26.39087319827183,0,0,0,0,0,0,0.0000,0,0,0,0,0,0,0,0,0,0,0,1,no,no
3,2,1,0,0,1,0,1,1.0,1.0,0.0,0.0,0.0,0,0,0,0,0,0,0,0.0000,3,1,0,0,2,0,1,0,1,1.0,1.0,0.0,0.0,0.0,0,0,0,0,0,0,0.0000,0,0,0,0,0,0,0,0,0,0,0,1,no,no
3,2,1,0,0,1,0,1,1.0,1.0,0.0,0.0,0.0,0,0,0,0,0,0,0,0.0000,3,1,0,0,2,0,1,0,1,1.0,1.0,0.0,0.0,0.0,0,0,0,0,0,0,0.0000,0,0,0,0,0,0,0,0,0,0,0,1,no,no
3,2,1,0,0,1,0,1,1.0,1.0,0.0,0.0,0.0,0,0,0,0,0,0,0,0.0000,3,1,0,0,2,0,1,0,1,1.0,1.0,0.0,0.0,0.0,0,0,0,0,0,0,0.0000,0,0,0,0,0,0,0,0,0,0,0,1,no,no
2,0,0,0,0,0,0,0,0.0,0.0,0.0,0.0,0.0,0,0,0,0,0,0,0,0.0000,2,0,0,0,0,0,0,0,0,0.0,0.0,0.0,0.0,0.0,0,0,0,0,0,0,0.0000,0,0,0,0,0,0,0,0,0,0,0,1,no,no
8,3,1,0,1,2,2,2,3.0,4.0,6.339850002884625,0.5,3.1699250014423126,0,0,0,0,0,0,0,0.0000,8,1,0,0,3,1,2,2,2,3.0,4.0,6.339850002884625,0.5,3.1699250014423126,0,0,0,0,0,0,0.0000,0,0,0,0,0,0,0,0,0,0,0,1,no,no
3,2,1,0,0,1,0,1,1.0,1.0,0.0,0.0,0.0,0,0,0,0,0,0,0,0.0000,3,1,0,0,2,0,1,0,1,1.0,1.0,0.0,0.0,0.0,0,0,0,0,0,0,0.0000,0,0,0,0,0,0,0,0,0,0,0,1,no,no
6,2,1,0,1,1,1,1,2.0,2.0,2.0,0.5,1.0,0,0,0,0,0,0,0,0.0000,6,1,0,0,2,1,1,1,1,2.0,2.0,2.0,0.5,1.0,0,0,0,0,0,0,0.0000,0,0,0,0,0,0,0,0,0,0,0,1,no,no
3,2,1,0,0,1,0,1,1.0,1.0,0.0,0.0,0.0,0,0,0,0,0,0,0,0.0000,3,1,0,0,2,0,1,0,1,1.0,1.0,0.0,0.0,0.0,0,0,0,0,0,0,0.0000,0,0,0,0,0,0,0,0,0,0,0,1,no,no
14,6,3,0,0,3,0,4,3.0,4.0,6.339850002884625,0.0,0.0,0,0,0,0,0,0,0,0.0000,14,3,0,0,6,0,3,0,4,3.0,4.0,6.339850002884625,0.0,0.0,0,0,0,0,0,0,0.0000,0,0,0,0,0,0,0,0,0,0,0,1,no,no
9,0,2,0,0,0,0,0,0.0,0.0,0.0,0.0,0.0,0,0,0,0,0,0,0,0.0000,9,2,0,0,0,0,0,0,0,0.0,0.0,0.0,0.0,0.0,0,0,0,0,0,0,0.0000,0,0,0,0,0,0,0,0,0,0,0,1,no,no
8,3,1,0,1,2,2,2,3.0,4.0,6.339850002884625,0.5,3.1699250014423126,0,0,0,0,0,0,0,0.0000,8,1,0,0,3,1,2,2,2,3.0,4.0,6.339850002884625,0.5,3.1699250014423126,0,0,0,0,0,0,0.0000,0,0,0,0,0,0,0,0,0,0,0,1,no,no
4,0,1,0,0,0,0,0,0.0,0.0,0.0,0.0,0.0,0,0,0,0,0,0,0,0.0000,4,1,0,0,0,0,0,0,0,0.0,0.0,0.0,0.0,0.0,0,0,0,0,0,0,0.0000,0,0,0,0,0,0,0,0,0,0,0,1,no,no
17,8,3,1,2,6,2,9,8.0,11.0,33.0,1.5,49.5,1,0,0,0,0,0,0,0.0000,17,3,1,0,8,2,6,2,9,8.0,11.0,33.0,1.5,49.5,1,0,0,0,0,0,0.0000,0,0,0,0,0,0,0,0,0,0,0,1,no,no
49,7,7,0,0,0,0,0,0.0,0.0,0.0,0.0,0.0,0,0,0,0,0,0,0,0.0000,49,7,0,0,7,0,0,0,0,0.0,0.0,0.0,0.0,0.0,0,0,0,0,0,0,0.0000,0,0,0,0,0,0,0,0,0,0,0,1,no,no
3,2,1,0,0,1,0,1,1.0,1.0,0.0,0.0,0.0,0,0,0,0,0,0,0,0.0000,3,1,0,0,2,0,1,0,1,1.0,1.0,0.0,0.0,0.0,0,0,0,0,0,0,0.0000,0,0,0,0,0,0,0,0,0,0,0,1,no,no
4,4,2,0,0,2,0,2,2.0,2.0,2.0,0.0,0.0,0,0,0,0,0,0,0,0.0000,4,2,0,0,4,0,2,0,2,2.0,2.0,2.0,0.0,0.0,0,0,0,0,0,0,0.0000,0,0,0,0,0,0,0,0,0,0,0,1,no,no
11,0,2,0,0,0,0,0,0.0,0.0,0.0,0.0,0.0,0,0,0,0,0,0,0,0.0000,11,2,0,0,0,0,0,0,0,0.0,0.0,0.0,0.0,0.0,0,0,0,0,0,0,0.0000,0,0,0,0,0,0,0,0,0,0,0,1,no,no
3,2,1,0,0,1,0,1,1.0,1.0,0.0,0.0,0.0,0,0,0,0,0,0,0,0.0000,3,1,0,0,2,0,1,0,1,1.0,1.0,0.0,0.0,0.0,0,0,0,0,0,0,0.0000,0,0,0,0,0,0,0,0,0,0,0,1,no,no
8,3,1,0,1,2,2,2,3.0,4.0,6.339850002884625,0.5,3.1699250014423126,0,0,0,0,0,0,0,0.0000,8,1,0,0,3,1,2,2,2,3.0,4.0,6.339850002884625,0.5,3.1699250014423126,0,0,0,0,0,0,0.0000,0,0,0,0,0,0,0,0,0,0,0,1,no,no
5,2,1,0,0,4,0,4,4.0,4.0,8.0,0.0,0.0,0,0,0,0,0,0,0,0.0000,5,1,0,0,2,0,4,0,4,4.0,4.0,8.0,0.0,0.0,0,0,0,0,0,0,0.0000,0,0,0,0,0,0,0,0,0,0,0,1,no,no
17,9,5,0,2,4,2,11,6.0,13.0,33.60451250937503,2.75,92.41240940078133,0,0,0,0,0,0,0,0.0000,17,5,0,0,9,2,4,2,11,6.0,13.0,33.60451250937503,2.75,92.41240940078133,0,0,0,0,0,0,0.0000,0,0,0,0,0,0,0,0,0,0,0,1,no,no
15,0,4,0,0,0,0,0,0.0,0.0,0.0,0.0,0.0,0,0,0,0,0,0,0,0.0000,15,4,0,0,0,0,0,0,0,0.0,0.0,0.0,0.0,0.0,0,0,0,0,0,0,0.0000,0,0,0,0,0,0,0,0,0,0,0,1,no,no
6,2,1,0,1,1,1,1,2.0,2.0,2.0,0.5,1.0,0,0,0,0,0,0,0,0.0000,6,1,0,0,2,1,1,1,1,2.0,2.0,2.0,0.5,1.0,0,0,0,0,0,0,0.0000,0,0,0,0,0,0,0,0,0,0,0,1,no,no
5,2,1,0,0,1,0,1,1.0,1.0,0.0,0.0,0.0,0,0,0,0,0,0,0,0.0000,5,1,0,0,2,0,1,0,1,1.0,1.0,0.0,0.0,0.0,0,0,0,0,0,0,0.0000,0,0,0,0,0,0,0,0,0,0,0,1,no,no
17,4,5,0,0,3,0,3,3.0,3.0,4.754887502163469,0.0,0.0,0,0,0,0,0,0,0,0.0000,17,5,0,0,4,0,3,0,3,3.0,3.0,4.754887502163469,0.0,0.0,0,0,0,0,0,0,0.0000,0,0,0,0,0,0,0,0,0,0,0,1,no,no
7,3,1,0,1,2,1,2,3.0,3.0,4.754887502163469,0.5,2.3774437510817346,0,0,0,0,0,0,0,0.0000,7,1,0,0,3,1,2,1,2,3.0,3.0,4.754887502163469,0.5,2.3774437510817346,0,0,0,0,0,0,0.0000,0,0,0,0,0,0,0,0,0,0,0,1,no,no
4,0,1,0,0,0,0,0,0.0,0.0,0.0,0.0,0.0,0,0,0,0,0,0,0,0.0000,4,1,0,0,0,0,0,0,0,0.0,0.0,0.0,0.0,0.0,0,0,0,0,0,0,0.0000,0,0,0,0,0,0,0,0,0,0,0,1,no,no
15,0,0,0,2,14,2,14,16.0,16.0,64.0,1.0,64.0,0,0,0,0,0,0,0,0.0000,15,0,0,0,0,2,14,2,14,16.0,16.0,64.0,1.0,64.0,0,0,0,0,0,0,0.0000,0,0,0,0,0,0,0,0,0,0,0,1,no,no
6,2,1,0,1,2,1,2,3.0,3.0,4.754887502163469,0.5,2.3774437510817346,0,0,0,0,0,0,0,0.0000,6,1,0,0,2,1,2,1,2,3.0,3.0,4.754887502163469,0.5,2.3774437510817346,0,0,0,0,0,0,0.0000,0,0,0,0,0,0,0,0,0,0,0,1,no,no
8,0,2,0,0,0,0,0,0.0,0.0,0.0,0.0,0.0,0,0,0,0,0,0,0,0.0000,8,2,0,0,0,0,0,0,0,0.0,0.0,0.0,0.0,0.0,0,0,0,0,0,0,0.0000,0,0,0,0,0,0,0,0,0,0,0,1,no,no
4,0,2,0,0,0,0,0,0.0,0.0,0.0,0.0,0.0,0,0,0,0,0,0,0,0.0000,4,2,0,0,0,0,0,0,0,0.0,0.0,0.0,0.0,0.0,0,0,0,0,0,0,0.0000,0,0,0,0,0,0,0,0,0,0,0,1,no,no
16,0,0,0,0,0,0,0,0.0,0.0,0.0,0.0,0.0,0,0,0,0,0,0,0,0.0000,16,0,0,0,0,0,0,0,0,0.0,0.0,0.0,0.0,0.0,0,0,0,0,0,0,0.0000,0,0,0,0,0,0,0,0,0,0,0,2,no,no
27,0,0,0,0,0,0,0,0.0,0.0,0.0,0.0,0.0,0,0,0,0,0,0,0,0.0000,27,0,0,0,0,0,0,0,0,0.0,0.0,0.0,0.0,0.0,0,0,0,0,0,0,0.0000,0,0,0,0,0,0,0,0,0,0,0,2,no,no
14,0,4,0,0,0,0,0,0.0,0.0,0.0,0.0,0.0,0,0,0,0,0,0,0,0.0000,14,4,0,0,0,0,0,0,0,0.0,0.0,0.0,0.0,0.0,0,0,0,0,0,0,0.0000,0,0,0,0,0,0,0,0,0,0,0,2,no,no
3,2,1,0,0,1,0,1,1.0,1.0,0.0,0.0,0.0,0,0,0,0,0,0,0,0.0000,3,1,0,0,2,0,1,0,1,1.0,1.0,0.0,0.0,0.0,0,0,0,0,0,0,0.0000,0,0,0,0,0,0,0,0,0,0,0,2,no,no
5,2,1,0,1,2,1,2,3.0,3.0,4.754887502163469,0.5,2.3774437510817346,0,0,0,0,0,0,0,0.0000,5,1,0,0,2,1,2,1,2,3.0,3.0,4.754887502163469,0.5,2.3774437510817346,0,0,0,0,0,0,0.0000,0,0,0,0,0,0,0,0,0,0,0,2,no,no
4,4,2,0,0,2,0,2,2.0,2.0,2.0,0.0,0.0,0,0,0,0,0,0,0,0.0000,4,2,0,0,4,0,2,0,2,2.0,2.0,2.0,0.0,0.0,0,0,0,0,0,0,0.0000,0,0,0,0,0,0,0,0,0,0,0,2,no,no
3,2,1,0,0,1,0,1,1.0,1.0,0.0,0.0,0.0,0,0,0,0,0,0,0,0.0000,3,1,0,0,2,0,1,0,1,1.0,1.0,0.0,0.0,0.0,0,0,0,0,0,0,0.0000,0,0,0,0,0,0,0,0,0,0,0,2,no,no
2,0,0,0,0,0,0,0,0.0,0.0,0.0,0.0,0.0,0,0,0,0,0,0,0,0.0000,2,0,0,0,0,0,0,0,0,0.0,0.0,0.0,0.0,0.0,0,0,0,0,0,0,0.0000,0,0,0,0,0,0,0,0,0,0,0,2,no,no
7,0,0,0,0,0,0,0,0.0,0.0,0.0,0.0,0.0,0,0,0,0,0,0,0,0.0000,7,0,0,0,0,0,0,0,0,0.0,0.0,0.0,0.0,0.0,0,0,0,0,0,0,0.0000,0,0,0,0,0,0,0,0,0,0,0,2,no,no
3,0,1,0,0,0,0,0,0.0,0.0,0.0,0.0,0.0,0,0,0,0,0,0,0,0.0000,3,1,0,0,0,0,0,0,0,0.0,0.0,0.0,0.0,0.0,0,0,0,0,0,0,0.0000,0,0,0,0,0,0,0,0,0,0,0,2,no,no
3,0,1,0,0,0,0,0,0.0,0.0,0.0,0.0,0.0,0,0,0,0,0,0,0,0.0000,3,1,0,0,0,0,0,0,0,0.0,0.0,0.0,0.0,0.0,0,0,0,0,0,0,0.0000,0,0,0,0,0,0,0,0,0,0,0,2,no,no
11,0,2,0,0,0,0,0,0.0,0.0,0.0,0.0,0.0,0,0,0,0,0,0,0,0.0000,11,2,0,0,0,0,0,0,0,0.0,0.0,0.0,0.0,0.0,0,0,0,0,0,0,0.0000,0,0,0,0,0,0,0,0,0,0,0,2,no,no
14,7,1,0,1,9,2,11,10.0,13.0,43.18506523353572,0.6111111111111112,26.39087319827183,0,0,0,0,0,0,0,0.0000,14,1,0,0,7,1,9,2,11,10.0,13.0,43.18506523353572,0.6111111111111112,26.39087319827183,0,0,0,0,0,0,0.0000,0,0,0,0,0,0,0,0,0,0,0,2,no,no
3,2,1,0,0,1,0,1,1.0,1.0,0.0,0.0,0.0,0,0,0,0,0,0,0,0.0000,3,1,0,0,2,0,1,0,1,1.0,1.0,0.0,0.0,0.0,0,0,0,0,0,0,0.0000,0,0,0,0,0,0,0,0,0,0,0,2,no,no
3,2,1,0,0,1,0,1,1.0,1.0,0.0,0.0,0.0,0,0,0,0,0,0,0,0.0000,3,1,0,0,2,0,1,0,1,1.0,1.0,0.0,0.0,0.0,0,0,0,0,0,0,0.0000,0,0,0,0,0,0,0,0,0,0,0,2,no,no
3,2,1,0,0,1,0,1,1.0,1.0,0.0,0.0,0.0,0,0,0,0,0,0,0,0.0000,3,1,0,0,2,0,1,0,1,1.0,1.0,0.0,0.0,0.0,0,0,0,0,0,0,0.0000,0,0,0,0,0,0,0,0,0,0,0,2,no,no
2,0,0,0,0,0,0,0,0.0,0.0,0.0,0.0,0.0,0,0,0,0,0,0,0,0.0000,2,0,0,0,0,0,0,0,0,0.0,0.0,0.0,0.0,0.0,0,0,0,0,0,0,0.0000,0,0,0,0,0,0,0,0,0,0,0,2,no,no
8,3,1,0,1,2,2,2,3.0,4.0,6.339850002884625,0.5,3.1699250014423126,0,0,0,0,0,0,0,0.0000,8,1,0,0,3,1,2,2,2,3.0,4.0,6.339850002884625,0.5,3.1699250014423126,0,0,0,0,0,0,0.0000,0,0,0,0,0,0,0,0,0,0,0,2,no,no
3,2,1,0,0,1,0,1,1.0,1.0,0.0,0.0,0.0,0,0,0,0,0,0,0,0.0000,3,1,0,0,2,0,1,0,1,1.0,1.0,0.0,0.0,0.0,0,0,0,0,0,0,0.0000,0,0,0,0,0,0,0,0,0,0,0,2,no,no
6,2,1,0,1,1,1,1,2.0,2.0,2.0,0.5,1.0,0,0,0,0,0,0,0,0.0000,6,1,0,0,2,1,1,1,1,2.0,2.0,2.0,0.5,1.0,0,0,0,0,0,0,0.0000,0,0,0,0,0,0,0,0,0,0,0,2,no,no
3,2,1,0,0,1,0,1,1.0,1.0,0.0,0.0,0.0,0,0,0,0,0,0,0,0.0000,3,1,0,0,2,0,1,0,1,1.0,1.0,0.0,0.0,0.0,0,0,0,0,0,0,0.0000,0,0,0,0,0,0,0,0,0,0,0,2,no,no
14,6,3,0,0,4,0,5,4.0,5.0,10.0,0.0,0.0,0,0,0,0,0,0,0,0.0000,14,3,0,0,6,0,4,0,5,4.0,5.0,10.0,0.0,0.0,0,0,0,0,0,0,0.0000,0,0,0,0,0,0,0,0,0,0,0,2,no,no
9,0,2,0,0,0,0,0,0.0,0.0,0.0,0.0,0.0,0,0,0,0,0,0,0,0.0000,9,2,0,0,0,0,0,0,0,0.0,0.0,0.0,0.0,0.0,0,0,0,0,0,0,0.0000,0,0,0,0,0,0,0,0,0,0,0,2,no,no
8,3,1,0,1,2,2,2,3.0,4.0,6.339850002884625,0.5,3.1699250014423126,0,0,0,0,0,0,0,0.0000,8,1,0,0,3,1,2,2,2,3.0,4.0,6.339850002884625,0.5,3.1699250014423126,0,0,0,0,0,0,0.0000,0,0,0,0,0,0,0,0,0,0,0,2,no,no
4,0,1,0,0,0,0,0,0.0,0.0,0.0,0.0,0.0,0,0,0,0,0,0,0,0.0000,4,1,0,0,0,0,0,0,0,0.0,0.0,0.0,0.0,0.0,0,0,0,0,0,0,0.0000,0,0,0,0,0,0,0,0,0,0,0,2,no,no
17,8,3,1,2,6,2,9,8.0,11.0,33.0,1.5,49.5,1,0,0,0,0,0,0,0.0000,17,3,1,0,8,2,6,2,9,8.0,11.0,33.0,1.5,49.5,1,0,0,0,0,0,0.0000,0,0,0,0,0,0,0,0,0,0,0,2,no,no
49,7,7,0,0,0,0,0,0.0,0.0,0.0,0.0,0.0,0,0,0,0,0,0,0,0.0000,49,7,0,0,7,0,0,0,0,0.0,0.0,0.0,0.0,0.0,0,0,0,0,0,0,0.0000,0,0,0,0,0,0,0,0,0,0,0,2,no,no
3,2,1,0,0,1,0,1,1.0,1.0,0.0,0.0,0.0,0,0,0,0,0,0,0,0.0000,3,1,0,0,2,0,1,0,1,1.0,1.0,0.0,0.0,0.0,0,0,0,0,0,0,0.0000,0,0,0,0,0,0,0,0,0,0,0,2,no,no
4,4,2,0,0,2,0,2,2.0,2.0,2.0,0.0,0.0,0,0,0,0,0,0,0,0.0000,4,2,0,0,4,0,2,0,2,2.0,2.0,2.0,0.0,0.0,0,0,0,0,0,0,0.0000,0,0,0,0,0,0,0,0,0,0,0,2,no,no
11,0,2,0,0,0,0,0,0.0,0.0,0.0,0.0,0.0,0,0,0,0,0,0,0,0.0000,11,2,0,0,0,0,0,0,0,0.0,0.0,0.0,0.0,0.0,0,0,0,0,0,0,0.0000,0,0,0,0,0,0,0,0,0,0,0,2,no,no
3,2,1,0,0,1,0,1,1.0,1.0,0.0,0.0,0.0,0,0,0,0,0,0,0,0.0000,3,1,0,0,2,0,1,0,1,1.0,1.0,0.0,0.0,0.0,0,0,0,0,0,0,0.0000,0,0,0,0,0,0,0,0,0,0,0,2,no,no
8,3,1,0,1,2,2,2,3.0,4.0,6.339850002884625,0.5,3.1699250014423126,0,0,0,0,0,0,0,0.0000,8,1,0,0,3,1,2,2,2,3.0,4.0,6.339850002884625,0.5,3.1699250014423126,0,0,0,0,0,0,0.0000,0,0,0,0,0,0,0,0,0,0,0,2,no,no
5,2,1,0,0,4,0,4,4.0,4.0,8.0,0.0,0.0,0,0,0,0,0,0,0,0.0000,5,1,0,0,2,0,4,0,4,4.0,4.0,8.0,0.0,0.0,0,0,0,0,0,0,0.0000,0,0,0,0,0,0,0,0,0,0,0,2,no,no
17,9,5,0,2,4,2,11,6.0,13.0,33.60451250937503,2.75,92.41240940078133,0,0,0,0,0,0,0,0.0000,17,5,0,0,9,2,4,2,11,6.0,13.0,33.60451250937503,2.75,92.41240940078133,0,0,0,0,0,0,0.0000,0,0,0,0,0,0,0,0,0,0,0,2,no,no
15,0,4,0,0,0,0,0,0.0,0.0,0.0,0.0,0.0,0,0,0,0,0,0,0,0.0000,15,4,0,0,0,0,0,0,0,0.0,0.0,0.0,0.0,0.0,0,0,0,0,0,0,0.0000,0,0,0,0,0,0,0,0,0,0,0,2,no,no
6,2,1,0,1,1,1,1,2.0,2.0,2.0,0.5,1.0,0,0,0,0,0,0,0,0.0000,6,1,0,0,2,1,1,1,1,2.0,2.0,2.0,0.5,1.0,0,0,0,0,0,0,0.0000,0,0,0,0,0,0,0,0,0,0,0,2,no,no
5,2,1,0,0,1,0,1,1.0,1.0,0.0,0.0,0.0,0,0,0,0,0,0,0,0.0000,5,1,0,0,2,0,1,0,1,1.0,1.0,0.0,0.0,0.0,0,0,0,0,0,0,0.0000,0,0,0,0,0,0,0,0,0,0,0,2,no,no
17,4,5,0,0,3,0,3,3.0,3.0,4.754887502163469,0.0,0.0,0,0,0,0,0,0,0,0.0000,17,5,0,0,4,0,3,0,3,3.0,3.0,4.754887502163469,0.0,0.0,0,0,0,0,0,0,0.0000,0,0,0,0,0,0,0,0,0,0,0,2,no,no
7,3,1,0,1,2,1,2,3.0,3.0,4.754887502163469,0.5,2.3774437510817346,0,0,0,0,0,0,0,0.0000,7,1,0,0,3,1,2,1,2,3.0,3.0,4.754887502163469,0.5,2.3774437510817346,0,0,0,0,0,0,0.0000,0,0,0,0,0,0,0,0,0,0,0,2,no,no
4,0,1,0,0,0,0,0,0.0,0.0,0.0,0.0,0.0,0,0,0,0,0,0,0,0.0000,4,1,0,0,0,0,0,0,0,0.0,0.0,0.0,0.0,0.0,0,0,0,0,0,0,0.0000,0,0,0,0,0,0,0,0,0,0,0,2,no,no
6,2,1,0,1,2,1,2,3.0,3.0,4.754887502163469,0.5,2.3774437510817346,0,0,0,0,0,0,0,0.0000,6,1,0,0,2,1,2,1,2,3.0,3.0,4.754887502163469,0.5,2.3774437510817346,0,0,0,0,0,0,0.0000,0,0,0,0,0,0,0,0,0,0,0,2,no,no
4,0,2,0,0,0,0,0,0.0,0.0,0.0,0.0,0.0,0,0,0,0,0,0,0,0.0000,4,2,0,0,0,0,0,0,0,0.0,0.0,0.0,0.0,0.0,0,0,0,0,0,0,0.0000,0,0,0,0,0,0,0,0,0,0,0,2,no,no
27,0,0,0,0,0,0,0,0.0,0.0,0.0,0.0,0.0,0,0,0,0,0,0,0,0.0000,27,0,0,0,0,0,0,0,0,0.0,0.0,0.0,0.0,0.0,0,0,0,0,0,0,0.0000,0,0,0,0,0,0,0,0,0,0,0,3,no,no
14,0,4,0,0,0,0,0,0.0,0.0,0.0,0.0,0.0,0,0,0,0,0,0,0,0.0000,14,4,0,0,0,0,0,0,0,0.0,0.0,0.0,0.0,0.0,0,0,0,0,0,0,0.0000,0,0,0,0,0,0,0,0,0,0,0,3,no,no
3,2,1,0,0,1,0,1,1.0,1.0,0.0,0.0,0.0,0,0,0,0,0,0,0,0.0000,3,1,0,0,2,0,1,0,1,1.0,1.0,0.0,0.0,0.0,0,0,0,0,0,0,0.0000,0,0,0,0,0,0,0,0,0,0,0,3,no,no
14,6,3,0,0,4,0,5,4.0,5.0,10.0,0.0,0.0,0,0,0,0,0,0,0,0.0000,14,3,0,0,6,0,4,0,5,4.0,5.0,10.0,0.0,0.0,0,0,0,0,0,0,0.0000,0,0,0,0,0,0,0,0,0,0,0,3,no,no
9,0,2,0,0,0,0,0,0.0,0.0,0.0,0.0,0.0,0,0,0,0,0,0,0,0.0000,9,2,0,0,0,0,0,0,0,0.0,0.0,0.0,0.0,0.0,0,0,0,0,0,0,0.0000,0,0,0,0,0,0,0,0,0,0,0,3,no,no
4,4,2,0,0,2,0,2,2.0,2.0,2.0,0.0,0.0,0,0,0,0,0,0,0,0.0000,4,2,0,0,4,0,2,0,2,2.0,2.0,2.0,0.0,0.0,0,0,0,0,0,0,0.0000,0,0,0,0,0,0,0,0,0,0,0,3,no,no
4,0,1,0,0,0,0,0,0.0,0.0,0.0,0.0,0.0,0,0,0,0,0,0,0,0.0000,4,1,0,0,0,0,0,0,0,0.0,0.0,0.0,0.0,0.0,0,0,0,0,0,0,0.0000,0,0,0,0,0,0,0,0,0,0,0,3,no,no
7,0,0,0,0,0,0,0,0.0,0.0,0.0,0.0,0.0,0,0,0,0,0,0,0,0.0000,7,0,0,0,0,0,0,0,0,0.0,0.0,0.0,0.0,0.0,0,0,0,0,0,0,0.0000,0,0,0,0,0,0,0,0,0,0,0,3,no,no
17,8,3,1,2,6,2,9,8.0,11.0,33.0,1.5,49.5,1,0,0,0,0,0,0,0.0000,17,3,1,0,8,2,6,2,9,8.0,11.0,33.0,1.5,49.5,1,0,0,0,0,0,0.0000,0,0,0,0,0,0,0,0,0,0,0,3,no,no
3,0,1,0,0,0,0,0,0.0,0.0,0.0,0.0,0.0,0,0,0,0,0,0,0,0.0000,3,1,0,0,0,0,0,0,0,0.0,0.0,0.0,0.0,0.0,0,0,0,0,0,0,0.0000,0,0,0,0,0,0,0,0,0,0,0,3,no,no
11,0,2,0,0,0,0,0,0.0,0.0,0.0,0.0,0.0,0,0,0,0,0,0,0,0.0000,11,2,0,0,0,0,0,0,0,0.0,0.0,0.0,0.0,0.0,0,0,0,0,0,0,0.0000,0,0,0,0,0,0,0,0,0,0,0,3,no,no
4,4,2,0,0,2,0,2,2.0,2.0,2.0,0.0,0.0,0,0,0,0,0,0,0,0.0000,4,2,0,0,4,0,2,0,2,2.0,2.0,2.0,0.0,0.0,0,0,0,0,0,0,0.0000,0,0,0,0,0,0,0,0,0,0,0,3,no,no
5,2,1,0,0,4,0,4,4.0,4.0,8.0,0.0,0.0,0,0,0,0,0,0,0,0.0000,5,1,0,0,2,0,4,0,4,4.0,4.0,8.0,0.0,0.0,0,0,0,0,0,0,0.0000,0,0,0,0,0,0,0,0,0,0,0,3,no,no
17,9,5,0,2,4,2,11,6.0,13.0,33.60451250937503,2.75,92.41240940078133,0,0,0,0,0,0,0,0.0000,17,5,0,0,9,2,4,2,11,6.0,13.0,33.60451250937503,2.75,92.41240940078133,0,0,0,0,0,0,0.0000,0,0,0,0,0,0,0,0,0,0,0,3,no,no
15,0,4,0,0,0,0,0,0.0,0.0,0.0,0.0,0.0,0,0,0,0,0,0,0,0.0000,15,4,0,0,0,0,0,0,0,0.0,0.0,0.0,0.0,0.0,0,0,0,0,0,0,0.0000,0,0,0,0,0,0,0,0,0,0,0,3,no,no
17,4,5,0,0,3,0,3,3.0,3.0,4.754887502163469,0.0,0.0,0,0,0,0,0,0,0,0.0000,17,5,0,0,4,0,3,0,3,3.0,3.0,4.754887502163469,0.0,0.0,0,0,0,0,0,0,0.0000,0,0,0,0,0,0,0,0,0,0,0,3,no,no
4,0,1,0,0,0,0,0,0.0,0.0,0.0,0.0,0.0,0,0,0,0,0,0,0,0.0000,4,1,0,0,0,0,0,0,0,0.0,0.0,0.0,0.0,0.0,0,0,0,0,0,0,0.0000,0,0,0,0,0,0,0,0,0,0,0,3,no,no
9,5,2,0,1,3,1,5,4.0,6.0,12.0,0.8333333333333334,10.0,0,0,0,0,0,0,0,0.0000,14,3,0,3,7,1,8,1,10,9.0,11.0,34.86917501586544,0.8333333333333334,21.7932343849159,0,0,0,1,0,2,0.2143,0,0,0,0,0,0,0,0,0,0,2,3,no,no
3,0,0,0,0,0,0,0,0.0,0.0,0.0,0.0,0.0,0,0,0,0,0,0,0,0.0000,6,1,0,0,2,1,2,1,2,3.0,3.0,4.754887502163469,0.5,2.3774437510817346,0,0,0,0,0,0,0.0000,0,0,0,0,0,0,0,0,0,0,0,3,no,no
5,0,3,0,0,0,0,0,0.0,0.0,0.0,0.0,0.0,0,0,0,0,0,0,0,0.0000,5,3,0,0,0,0,0,0,0,0.0,0.0,0.0,0.0,0.0,0,0,0,0,0,0,0.0000,0,0,0,0,0,0,0,0,0,0,0,3,no,no
12,4,2,0,1,1,1,2,2.0,3.0,3.0,1.0,3.0,0,0,0,0,0,0,0,0.0000,12,2,0,0,4,1,1,1,2,2.0,3.0,3.0,1.0,3.0,0,0,0,0,0,0,0.0000,5,10,5,10,2,2,184,39,223,446,0,4,no,yes
4,0,1,0,0,0,0,0,0.0,0.0,0.0,0.0,0.0,0,0,0,0,0,0,0,0.0000,4,1,0,0,0,0,0,0,0,0.0,0.0,0.0,0.0,0.0,0,0,0,0,0,0,0.0000,1,2,1,2,1,1,0,0,0,0,0,4,no,no
4,0,1,0,0,0,0,0,0.0,0.0,0.0,0.0,0.0,0,0,0,0,0,0,0,0.0000,4,1,0,0,0,0,0,0,0,0.0,0.0,0.0,0.0,0.0,0,0,0,0,0,0,0.0000,1,2,1,2,1,1,0,0,0,0,0,4,no,no
8,3,1,0,1,2,2,2,3.0,4.0,6.339850002884625,0.5,3.1699250014423126,0,0,0,0,0,0,0,0.0000,8,1,0,0,3,1,2,2,2,3.0,4.0,6.339850002884625,0.5,3.1699250014423126,0,0,0,0,0,0,0.0000,1,2,1,2,1,1,0,0,0,0,0,4,no,no
3,2,1,0,0,1,0,1,1.0,1.0,0.0,0.0,0.0,0,0,0,0,0,0,0,0.0000,3,1,0,0,2,0,1,0,1,1.0,1.0,0.0,0.0,0.0,0,0,0,0,0,0,0.0000,7,14,7,14,3,3,233,59,292,584,0,4,no,yes
3,2,1,0,0,1,0,1,1.0,1.0,0.0,0.0,0.0,0,0,0,0,0,0,0,0.0000,3,1,0,0,2,0,1,0,1,1.0,1.0,0.0,0.0,0.0,0,0,0,0,0,0,0.0000,7,14,7,14,3,3,233,59,292,584,0,4,no,yes
8,0,2,0,0,0,0,0,0.0,0.0,0.0,0.0,0.0,0,0,0,0,0,0,0,0.0000,8,2,0,0,0,0,0,0,0,0.0,0.0,0.0,0.0,0.0,0,0,0,0,0,0,0.0000,1,2,1,2,1,1,0,0,0,0,0,4,no,no
16,0,0,0,0,0,0,0,0.0,0.0,0.0,0.0,0.0,0,0,0,0,0,0,0,0.0000,16,0,0,0,0,0,0,0,0,0.0,0.0,0.0,0.0,0.0,0,0,0,0,0,0,0.0000,10,20,10,20,2,2,217,49,266,532,0,4,no,no
4,4,2,0,0,2,0,2,2.0,2.0,2.0,0.0,0.0,0,0,0,0,0,0,0,0.0000,4,2,0,0,4,0,2,0,2,2.0,2.0,2.0,0.0,0.0,0,0,0,0,0,0,0.0000,1,2,1,2,1,1,0,0,0,0,0,4,no,no
7,0,1,0,0,0,0,0,0.0,0.0,0.0,0.0,0.0,0,0,0,0,0,0,0,0.0000,7,1,0,0,0,0,0,0,0,0.0,0.0,0.0,0.0,0.0,0,0,0,0,0,0,0.0000,1,2,1,2,1,1,0,0,0,0,0,4,no,no
6,2,1,0,0,1,0,1,1.0,1.0,0.0,0.0,0.0,0,0,0,0,0,0,0,0.0000,6,1,0,0,2,0,1,0,1,1.0,1.0,0.0,0.0,0.0,0,0,0,0,0,0,0.0000,5,10,5,10,2,2,89,25,114,228,0,4,no,no
5,2,1,0,1,2,1,2,3.0,3.0,4.754887502163469,0.5,2.3774437510817346,0,0,0,0,0,0,0,0.0000,5,1,0,0,2,1,2,1,2,3.0,3.0,4.754887502163469,0.5,2.3774437510817346,0,0,0,0,0,0,0.0000,7,14,7,14,3,3,233,59,292,584,0,4,no,yes
2,0,0,0,0,0,0,0,0.0,0.0,0.0,0.0,0.0,0,0,0,0,0,0,0,0.0000,2,0,0,0,0,0,0,0,0,0.0,0.0,0.0,0.0,0.0,0,0,0,0,0,0,0.0000,10,20,10,20,2,2,217,49,266,532,0,4,no,no
3,2,1,0,0,1,0,1,1.0,1.0,0.0,0.0,0.0,0,0,0,0,0,0,0,0.0000,3,1,0,0,2,0,1,0,1,1.0,1.0,0.0,0.0,0.0,0,0,0,0,0,0,0.0000,7,14,7,14,3,3,233,59,292,584,0,4,no,yes
17,5,2,0,1,3,1,3,4.0,4.0,8.0,0.5,4.0,0,0,0,0,0,0,0,0.0000,17,2,0,0,5,1,3,1,3,4.0,4.0,8.0,0.5,4.0,0,0,0,0,0,0,0.0000,10,20,10,20,2,2,217,49,266,532,0,4,no,no
13,0,1,0,0,0,0,0,0.0,0.0,0.0,0.0,0.0,0,0,0,0,0,0,0,0.0000,13,1,0,0,0,0,0,0,0,0.0,0.0,0.0,0.0,0.0,0,0,0,0,0,0,0.0000,6,12,6,12,2,2,121,95,216,432,0,4,no,no
16,0,3,0,0,0,0,0,0.0,0.0,0.0,0.0,0.0,0,0,0,0,0,0,0,0.0000,16,3,0,0,0,0,0,0,0,0.0,0.0,0.0,0.0,0.0,0,0,0,0,0,0,0.0000,1,2,1,2,1,1,0,0,0,0,0,4,no,no
11,0,2,0,0,0,0,0,0.0,0.0,0.0,0.0,0.0,0,0,0,0,0,0,0,0.0000,11,2,0,0,0,0,0,0,0,0.0,0.0,0.0,0.0,0.0,0,0,0,0,0,0,0.0000,1,2,1,2,1,1,0,0,0,0,0,4,no,no
6,4,2,0,0,2,0,3,2.0,3.0,3.0,0.0,0.0,0,0,0,0,0,0,0,0.0000,6,2,0,0,4,0,2,0,3,2.0,3.0,3.0,0.0,0.0,0,0,0,0,0,0,0.0000,1,2,1,2,1,1,0,0,0,0,0,4,no,no
4,0,0,0,0,0,0,0,0.0,0.0,0.0,0.0,0.0,0,0,0,0,0,0,0,0.0000,4,0,0,0,0,0,0,0,0,0.0,0.0,0.0,0.0,0.0,0,0,0,0,0,0,0.0000,1,2,1,2,1,1,33,0,33,66,0,3,no,no
15,0,4,0,0,0,0,0,0.0,0.0,0.0,0.0,0.0,0,0,0,0,0,0,0,0.0000,15,4,0,0,0,0,0,0,0,0.0,0.0,0.0,0.0,0.0,0,0,0,0,0,0,0.0000,1,2,1,2,1,1,0,0,0,0,0,4,no,no
3,2,1,0,0,1,0,1,1.0,1.0,0.0,0.0,0.0,0,0,0,0,0,0,0,0.0000,3,1,0,0,2,0,1,0,1,1.0,1.0,0.0,0.0,0.0,0,0,0,0,0,0,0.0000,7,14,7,14,3,3,233,59,292,584,0,4,no,yes
14,0,4,0,0,0,0,0,0.0,0.0,0.0,0.0,0.0,0,0,0,0,0,0,0,0.0000,14,4,0,0,0,0,0,0,0,0.0,0.0,0.0,0.0,0.0,0,0,0,0,0,0,0.0000,1,2,1,2,1,1,0,0,0,0,0,4,no,no
5,2,1,0,0,4,0,4,4.0,4.0,8.0,0.0,0.0,0,0,0,0,0,0,0,0.0000,5,1,0,0,2,0,4,0,4,4.0,4.0,8.0,0.0,0.0,0,0,0,0,0,0,0.0000,1,2,1,2,1,1,0,0,0,0,0,4,no,no
3,2,1,0,0,1,0,1,1.0,1.0,0.0,0.0,0.0,0,0,0,0,0,0,0,0.0000,3,1,0,0,2,0,1,0,1,1.0,1.0,0.0,0.0,0.0,0,0,0,0,0,0,0.0000,7,14,7,14,3,3,233,59,292,584,0,4,no,yes
6,0,2,0,0,0,0,0,0.0,0.0,0.0,0.0,0.0,0,0,0,0,0,0,0,0.0000,6,2,0,0,0,0,0,0,0,0.0,0.0,0.0,0.0,0.0,0,0,0,0,0,0,0.0000,1,2,1,2,1,1,26,0,26,52,0,4,no,no
10,4,1,0,1,2,3,3,3.0,6.0,9.509775004326938,0.75,7.132331253245203,0,0,0,0,0,0,0,0.0000,10,1,0,0,4,1,2,3,3,3.0,6.0,9.509775004326938,0.75,7.132331253245203,0,0,0,0,0,0,0.0000,7,14,7,14,2,2,151,59,210,420,0,4,no,yes
4,0,0,0,0,0,0,0,0.0,0.0,0.0,0.0,0.0,0,0,0,0,0,0,0,0.0000,4,0,0,0,0,0,0,0,0,0.0,0.0,0.0,0.0,0.0,0,0,0,0,0,0,0.0000,1,2,1,2,1,1,0,0,0,0,0,4,no,no
23,2,6,0,0,1,0,1,1.0,1.0,0.0,0.0,0.0,0,0,0,0,0,0,0,0.0000,23,6,0,0,2,0,1,0,1,1.0,1.0,0.0,0.0,0.0,0,0,0,0,0,0,0.0000,4,8,4,8,2,2,65,15,80,160,0,4,no,no
17,9,5,0,2,4,2,11,6.0,13.0,33.60451250937503,2.75,92.41240940078133,0,0,0,0,0,0,0,0.0000,17,5,0,0,9,2,4,2,11,6.0,13.0,33.60451250937503,2.75,92.41240940078133,0,0,0,0,0,0,0.0000,1,2,1,2,1,1,0,0,0,0,0,4,no,no
3,2,1,0,0,1,0,1,1.0,1.0,0.0,0.0,0.0,0,0,0,0,0,0,0,0.0000,3,1,0,0,2,0,1,0,1,1.0,1.0,0.0,0.0,0.0,0,0,0,0,0,0,0.0000,7,14,7,14,3,3,233,59,292,584,0,4,no,yes
20,8,4,0,0,7,0,13,7.0,13.0,36.49561398674886,0.0,0.0,0,0,0,0,0,0,0,0.0000,20,4,0,0,8,0,7,0,13,7.0,13.0,36.49561398674886,0.0,0.0,0,0,0,0,0,0,0.0000,1,2,1,2,1,1,0,0,0,0,0,4,no,yes
3,0,1,0,0,0,0,0,0.0,0.0,0.0,0.0,0.0,0,0,0,0,0,0,0,0.0000,3,1,0,0,0,0,0,0,0,0.0,0.0,0.0,0.0,0.0,0,0,0,0,0,0,0.0000,2,4,2,4,2,2,3,1,4,8,0,4,no,no
7,0,0,0,0,0,0,0,0.0,0.0,0.0,0.0,0.0,0,0,0,0,0,0,0,0.0000,7,0,0,0,0,0,0,0,0,0.0,0.0,0.0,0.0,0.0,0,0,0,0,0,0,0.0000,1,2,1,2,1,1,0,0,0,0,0,4,no,no
24,0,3,0,0,0,0,0,0.0,0.0,0.0,0.0,0.0,0,0,0,0,0,0,0,0.0000,24,3,0,0,0,0,0,0,0,0.0,0.0,0.0,0.0,0.0,0,0,0,0,0,0,0.0000,2,4,2,4,1,1,1,1,2,4,0,4,no,no
9,0,2,0,0,0,0,0,0.0,0.0,0.0,0.0,0.0,0,0,0,0,0,0,0,0.0000,9,2,0,0,0,0,0,0,0,0.0,0.0,0.0,0.0,0.0,0,0,0,0,0,0,0.0000,1,2,1,2,1,1,0,0,0,0,0,4,no,no
7,6,3,0,0,2,0,4,2.0,4.0,4.0,0.0,0.0,0,0,0,0,0,0,0,0.0000,7,3,0,0,6,0,2,0,4,2.0,4.0,4.0,0.0,0.0,0,0,0,0,0,0,0.0000,1,2,1,2,1,1,0,0,0,0,0,4,no,no
15,0,0,0,2,12,2,13,14.0,15.0,57.110323830864054,1.0833333333333333,61.869517483436056,0,0,0,0,0,0,0,0.0000,15,0,0,0,0,2,12,2,13,14.0,15.0,57.110323830864054,1.0833333333333333,61.869517483436056,0,0,0,0,0,0,0.0000,3,6,3,6,2,2,5,4,9,18,0,4,no,no
3,2,1,0,0,1,0,1,1.0,1.0,0.0,0.0,0.0,0,0,0,0,0,0,0,0.0000,3,1,0,0,2,0,1,0,1,1.0,1.0,0.0,0.0,0.0,0,0,0,0,0,0,0.0000,7,14,7,14,3,3,233,59,292,584,0,4,no,yes
7,3,1,0,1,2,1,2,3.0,3.0,4.754887502163469,0.5,2.3774437510817346,0,0,0,0,0,0,0,0.0000,7,1,0,0,3,1,2,1,2,3.0,3.0,4.754887502163469,0.5,2.3774437510817346,0,0,0,0,0,0,0.0000,10,20,10,20,2,2,217,49,266,532,0,4,no,no
6,0,2,0,0,0,0,0,0.0,0.0,0.0,0.0,0.0,0,0,0,0,0,0,0,0.0000,6,2,0,0,0,0,0,0,0,0.0,0.0,0.0,0.0,0.0,0,0,0,0,0,0,0.0000,2,4,2,4,1,1,3,6,9,18,0,4,no,no
5,2,1,0,0,1,0,1,1.0,1.0,0.0,0.0,0.0,0,0,0,0,0,0,0,0.0000,5,1,0,0,2,0,1,0,1,1.0,1.0,0.0,0.0,0.0,0,0,0,0,0,0,0.0000,1,2,1,2,1,1,0,0,0,0,0,4,no,no
8,3,1,0,1,2,2,2,3.0,4.0,6.339850002884625,0.5,3.1699250014423126,0,0,0,0,0,0,0,0.0000,8,1,0,0,3,1,2,2,2,3.0,4.0,6.339850002884625,0.5,3.1699250014423126,0,0,0,0,0,0,0.0000,10,20,10,20,2,2,217,49,266,532,0,4,no,no
6,2,1,0,1,2,1,2,3.0,3.0,4.754887502163469,0.5,2.3774437510817346,0,0,0,0,0,0,0,0.0000,6,1,0,0,2,1,2,1,2,3.0,3.0,4.754887502163469,0.5,2.3774437510817346,0,0,0,0,0,0,0.0000,7,14,7,14,3,3,233,59,292,584,0,4,no,yes
10,4,2,0,0,1,0,2,1.0,2.0,0.0,0.0,0.0,0,0,0,0,0,0,0,0.0000,10,2,0,0,4,0,1,0,2,1.0,2.0,0.0,0.0,0.0,0,0,0,0,0,0,0.0000,1,2,1,2,1,1,232,0,232,464,0,4,no,no
49,7,7,0,0,0,0,0,0.0,0.0,0.0,0.0,0.0,0,0,0,0,0,0,0,0.0000,49,7,0,0,7,0,0,0,0,0.0,0.0,0.0,0.0,0.0,0,0,0,0,0,0,0.0000,1,2,1,2,1,1,0,0,0,0,0,4,no,no
27,0,0,0,0,0,0,0,0.0,0.0,0.0,0.0,0.0,0,0,0,0,0,0,0,0.0000,27,0,0,0,0,0,0,0,0,0.0,0.0,0.0,0.0,0.0,0,0,0,0,0,0,0.0000,2,4,2,4,2,2,10,8,18,36,0,4,no,no
3,2,1,0,0,1,0,1,1.0,1.0,0.0,0.0,0.0,0,0,0,0,0,0,0,0.0000,3,1,0,0,2,0,1,0,1,1.0,1.0,0.0,0.0,0.0,0,0,0,0,0,0,0.0000,7,14,7,14,3,3,233,59,292,584,0,4,no,yes
17,8,3,1,2,6,2,9,8.0,11.0,33.0,1.5,49.5,1,0,0,0,0,0,0,0.0000,17,3,1,0,8,2,6,2,9,8.0,11.0,33.0,1.5,49.5,1,0,0,0,0,0,0.0000,1,2,1,2,1,1,203,0,203,406,0,4,no,no
7,0,0,0,0,0,0,0,0.0,0.0,0.0,0.0,0.0,0,0,0,0,0,0,0,0.0000,7,0,0,0,0,0,0,0,0,0.0,0.0,0.0,0.0,0.0,0,0,0,0,0,0,0.0000,1,2,1,2,1,1,0,0,0,0,0,4,no,no
6,2,1,0,1,1,1,1,2.0,2.0,2.0,0.5,1.0,0,0,0,0,0,0,0,0.0000,6,1,0,0,2,1,1,1,1,2.0,2.0,2.0,0.5,1.0,0,0,0,0,0,0,0.0000,10,20,10,20,2,2,217,49,266,532,0,4,no,no
2,0,0,0,0,0,0,0,0.0,0.0,0.0,0.0,0.0,0,0,0,0,0,0,0,0.0000,2,0,0,0,0,0,0,0,0,0.0,0.0,0.0,0.0,0.0,0,0,0,0,0,0,0.0000,2,4,2,4,1,1,2,4,6,12,0,4,no,no
11,0,2,0,0,0,0,0,0.0,0.0,0.0,0.0,0.0,0,0,0,0,0,0,0,0.0000,11,2,0,0,0,0,0,0,0,0.0,0.0,0.0,0.0,0.0,0,0,0,0,0,0,0.0000,6,12,6,12,2,2,11,10,21,42,0,4,no,no
19,11,6,0,1,3,3,6,4.0,9.0,18.0,1.0,18.0,0,0,0,0,0,0,0,0.0000,19,6,0,0,11,1,3,3,6,4.0,9.0,18.0,1.0,18.0,0,0,0,0,0,0,0.0000,1,1,1,1,1,1,42,0,42,42,0,1,no,no
4,0,1,0,0,0,0,0,0.0,0.0,0.0,0.0,0.0,0,0,0,0,0,0,0,0.0000,4,1,0,0,0,0,0,0,0,0.0,0.0,0.0,0.0,0.0,0,0,0,0,0,0,0.0000,0,2,0,2,0,1,0,0,0,0,0,5,no,no
28,12,6,0,1,2,4,6,3.0,10.0,15.849625007211563,1.5,23.774437510817343,0,0,0,0,0,0,0,0.0000,28,6,0,0,12,1,2,4,6,3.0,10.0,15.849625007211563,1.5,23.774437510817343,0,0,0,0,0,0,0.0000,2,2,1,1,1,1,183,0,183,183,0,1,no,no
2,0,0,0,0,0,0,0,0.0,0.0,0.0,0.0,0.0,0,0,0,0,0,0,0,0.0000,2,0,0,0,0,0,0,0,0,0.0,0.0,0.0,0.0,0.0,0,0,0,0,0,0,0.0000,0,20,0,20,0,2,0,0,0,532,0,5,no,no
3,2,1,0,0,1,0,1,1.0,1.0,0.0,0.0,0.0,0,0,0,0,0,0,0,0.0000,3,1,0,0,2,0,1,0,1,1.0,1.0,0.0,0.0,0.0,0,0,0,0,0,0,0.0000,4,18,4,18,1,3,269,45,314,898,0,5,yes,yes
17,5,2,0,1,3,1,3,4.0,4.0,8.0,0.5,4.0,0,0,0,0,0,0,0,0.0000,17,2,0,0,5,1,3,1,3,4.0,4.0,8.0,0.5,4.0,0,0,0,0,0,0,0.0000,0,20,0,20,0,2,0,0,0,532,0,5,no,no
13,0,1,0,0,0,0,0,0.0,0.0,0.0,0.0,0.0,0,0,0,0,0,0,0,0.0000,13,1,0,0,0,0,0,0,0,0.0,0.0,0.0,0.0,0.0,0,0,0,0,0,0,0.0000,0,12,0,12,0,2,0,0,0,432,0,5,no,no
11,5,2,0,1,7,2,9,8.0,11.0,33.0,0.6428571428571429,21.214285714285715,0,0,0,0,0,0,0,0.0000,11,2,0,0,5,1,7,2,9,8.0,11.0,33.0,0.6428571428571429,21.214285714285715,0,0,0,0,0,0,0.0000,1,1,1,1,1,1,107,0,107,107,0,1,no,no
3,0,1,0,0,0,0,0,0.0,0.0,0.0,0.0,0.0,0,0,0,0,0,0,0,0.0000,3,1,0,0,0,0,0,0,0,0.0,0.0,0.0,0.0,0.0,0,0,0,0,0,0,0.0000,1,1,1,1,1,1,28,0,28,28,0,1,no,no
11,0,2,0,0,0,0,0,0.0,0.0,0.0,0.0,0.0,0,0,0,0,0,0,0,0.0000,11,2,0,0,0,0,0,0,0,0.0,0.0,0.0,0.0,0.0,0,0,0,0,0,0,0.0000,1,3,1,3,1,1,1,1,2,2,0,5,no,no
6,4,2,0,0,2,0,3,2.0,3.0,3.0,0.0,0.0,0,0,0,0,0,0,0,0.0000,6,2,0,0,4,0,2,0,3,2.0,3.0,3.0,0.0,0.0,0,0,0,0,0,0,0.0000,0,2,0,2,0,1,0,0,0,0,0,5,no,no
4,0,0,0,0,0,0,0,0.0,0.0,0.0,0.0,0.0,0,0,0,0,0,0,0,0.0000,4,0,0,0,0,0,0,0,0,0.0,0.0,0.0,0.0,0.0,0,0,0,0,0,0,0.0000,0,2,0,2,0,1,0,0,0,66,0,4,no,no
9,0,2,0,0,0,0,0,0.0,0.0,0.0,0.0,0.0,0,0,0,0,0,0,0,0.0000,15,4,0,0,0,0,0,0,0,0.0,0.0,0.0,0.0,0.0,0,0,0,0,0,0,0.0000,2,4,2,4,1,1,7,11,18,18,0,5,no,no
3,2,1,0,0,1,0,1,1.0,1.0,0.0,0.0,0.0,0,0,0,0,0,0,0,0.0000,3,1,0,0,2,0,1,0,1,1.0,1.0,0.0,0.0,0.0,0,0,0,0,0,0,0.0000,4,18,4,18,1,3,269,45,314,898,0,5,yes,yes
14,0,4,0,0,0,0,0,0.0,0.0,0.0,0.0,0.0,0,0,0,0,0,0,0,0.0000,14,4,0,0,0,0,0,0,0,0.0,0.0,0.0,0.0,0.0,0,0,0,0,0,0,0.0000,0,2,0,2,0,1,0,0,0,0,0,5,no,no
3,2,1,0,0,1,0,1,1.0,1.0,0.0,0.0,0.0,0,0,0,0,0,0,0,0.0000,3,1,0,0,2,0,1,0,1,1.0,1.0,0.0,0.0,0.0,0,0,0,0,0,0,0.0000,4,18,4,18,1,3,269,45,314,898,0,5,yes,yes
23,2,6,0,0,1,0,1,1.0,1.0,0.0,0.0,0.0,0,0,0,0,0,0,0,0.0000,23,6,0,0,2,0,1,0,1,1.0,1.0,0.0,0.0,0.0,0,0,0,0,0,0,0.0000,0,8,0,8,0,2,0,0,0,160,0,5,no,no
17,9,5,0,2,4,2,11,6.0,13.0,33.60451250937503,2.75,92.41240940078133,0,0,0,0,0,0,0,0.0000,17,5,0,0,9,2,4,2,11,6.0,13.0,33.60451250937503,2.75,92.41240940078133,0,0,0,0,0,0,0.0000,0,2,0,2,0,1,0,0,0,0,0,5,no,no
3,2,1,0,0,1,0,1,1.0,1.0,0.0,0.0,0.0,0,0,0,0,0,0,0,0.0000,3,1,0,0,2,0,1,0,1,1.0,1.0,0.0,0.0,0.0,0,0,0,0,0,0,0.0000,4,18,4,18,1,3,269,45,314,898,0,5,yes,yes
3,0,1,0,0,0,0,0,0.0,0.0,0.0,0.0,0.0,0,0,0,0,0,0,0,0.0000,3,1,0,0,0,0,0,0,0,0.0,0.0,0.0,0.0,0.0,0,0,0,0,0,0,0.0000,0,4,0,4,0,2,0,0,0,8,0,5,no,yes
24,0,3,0,0,0,0,0,0.0,0.0,0.0,0.0,0.0,0,0,0,0,0,0,0,0.0000,24,3,0,0,0,0,0,0,0,0.0,0.0,0.0,0.0,0.0,0,0,0,0,0,0,0.0000,0,4,0,4,0,1,0,0,0,4,0,5,no,no
12,3,1,0,1,2,2,2,3.0,4.0,6.339850002884625,0.5,3.1699250014423126,0,0,0,0,0,0,0,0.0000,12,1,0,0,3,1,2,2,2,3.0,4.0,6.339850002884625,0.5,3.1699250014423126,0,0,0,0,0,0,0.0000,3,3,3,3,2,2,183,2,185,185,0,1,no,no
3,2,1,0,0,1,0,1,1.0,1.0,0.0,0.0,0.0,0,0,0,0,0,0,0,0.0000,3,1,0,0,2,0,1,0,1,1.0,1.0,0.0,0.0,0.0,0,0,0,0,0,0,0.0000,4,18,4,18,1,3,269,45,314,898,0,5,yes,yes
6,0,2,0,0,0,0,0,0.0,0.0,0.0,0.0,0.0,0,0,0,0,0,0,0,0.0000,6,2,0,0,0,0,0,0,0,0.0,0.0,0.0,0.0,0.0,0,0,0,0,0,0,0.0000,0,4,0,4,0,1,0,0,0,18,0,5,no,no
8,3,1,0,1,2,2,2,3.0,4.0,6.339850002884625,0.5,3.1699250014423126,0,0,0,0,0,0,0,0.0000,8,1,0,0,3,1,2,2,2,3.0,4.0,6.339850002884625,0.5,3.1699250014423126,0,0,0,0,0,0,0.0000,0,20,0,20,0,2,0,0,0,532,0,5,no,no
6,2,1,0,1,2,1,2,3.0,3.0,4.754887502163469,0.5,2.3774437510817346,0,0,0,0,0,0,0,0.0000,6,1,0,0,2,1,2,1,2,3.0,3.0,4.754887502163469,0.5,2.3774437510817346,0,0,0,0,0,0,0.0000,4,18,4,18,1,3,269,45,314,898,0,5,yes,yes
51,7,7,0,0,0,0,0,0.0,0.0,0.0,0.0,0.0,0,0,0,0,0,0,0,0.0000,51,7,0,0,7,0,0,0,0,0.0,0.0,0.0,0.0,0.0,0,0,0,0,0,0,0.0000,1,3,1,3,1,1,6,4,10,10,0,5,no,no
4,2,1,0,0,1,0,1,1.0,1.0,0.0,0.0,0.0,0,0,0,0,0,0,0,0.0000,4,1,0,0,2,0,1,0,1,1.0,1.0,0.0,0.0,0.0,0,0,0,0,0,0,0.0000,1,1,1,1,1,1,25,0,25,25,0,1,no,no
17,8,3,1,2,6,2,9,8.0,11.0,33.0,1.5,49.5,1,0,0,0,0,0,0,0.0000,17,3,1,0,8,2,6,2,9,8.0,11.0,33.0,1.5,49.5,1,0,0,0,0,0,0.0000,0,2,0,2,0,1,0,0,0,406,0,5,no,no
6,2,1,0,1,1,1,1,2.0,2.0,2.0,0.5,1.0,0,0,0,0,0,0,0,0.0000,6,1,0,0,2,1,1,1,1,2.0,2.0,2.0,0.5,1.0,0,0,0,0,0,0,0.0000,0,20,0,20,0,2,0,0,0,532,0,5,no,no
11,0,2,0,0,0,0,0,0.0,0.0,0.0,0.0,0.0,0,0,0,0,0,0,0,0.0000,11,2,0,0,0,0,0,0,0,0.0,0.0,0.0,0.0,0.0,0,0,0,0,0,0,0.0000,0,12,0,12,0,2,0,0,0,42,0,5,no,no
24,10,2,0,1,10,2,16,11.0,18.0,62.26976913547136,0.8,49.81581530837709,0,0,0,0,0,0,0,0.0000,24,2,0,0,10,1,10,2,16,11.0,18.0,62.26976913547136,0.8,49.81581530837709,0,0,0,0,0,0,0.0000,1,1,1,1,1,1,54,0,54,54,0,1,no,no
1,0,0,0,0,0,0,0,0.0,0.0,0.0,0.0,0.0,0,0,0,0,0,0,0,0.0000,1,0,0,0,0,0,0,0,0,0.0,0.0,0.0,0.0,0.0,0,0,0,0,0,0,0.0000,2,2,2,2,1,1,28,17,45,45,0,1,no,no
12,4,2,0,1,1,1,2,2.0,3.0,3.0,1.0,3.0,0,0,0,0,0,0,0,0.0000,12,2,0,0,4,1,1,1,2,2.0,3.0,3.0,1.0,3.0,0,0,0,0,0,0,0.0000,1,11,1,11,1,2,48,48,96,542,0,5,yes,no
4,0,1,0,0,0,0,0,0.0,0.0,0.0,0.0,0.0,0,0,0,0,0,0,0,0.0000,4,1,0,0,0,0,0,0,0,0.0,0.0,0.0,0.0,0.0,0,0,0,0,0,0,0.0000,0,2,0,2,0,1,0,0,0,0,0,5,no,no
8,3,1,0,1,2,2,2,3.0,4.0,6.339850002884625,0.5,3.1699250014423126,0,0,0,0,0,0,0,0.0000,8,1,0,0,3,1,2,2,2,3.0,4.0,6.339850002884625,0.5,3.1699250014423126,0,0,0,0,0,0,0.0000,1,3,1,3,1,2,67,5,72,72,0,5,no,no
3,2,1,0,0,1,0,1,1.0,1.0,0.0,0.0,0.0,0,0,0,0,0,0,0,0.0000,3,1,0,0,2,0,1,0,1,1.0,1.0,0.0,0.0,0.0,0,0,0,0,0,0,0.0000,4,18,4,18,1,3,269,45,314,898,0,5,yes,yes
3,2,1,0,0,1,0,1,1.0,1.0,0.0,0.0,0.0,0,0,0,0,0,0,0,0.0000,3,1,0,0,2,0,1,0,1,1.0,1.0,0.0,0.0,0.0,0,0,0,0,0,0,0.0000,4,18,4,18,1,3,269,45,314,898,0,5,yes,yes
14,0,4,0,0,0,0,0,0.0,0.0,0.0,0.0,0.0,0,0,0,0,0,0,0,0.0000,14,4,0,0,0,0,0,0,0,0.0,0.0,0.0,0.0,0.0,0,0,0,0,0,0,0.0000,1,3,1,3,1,1,6,0,6,6,0,5,no,no
16,0,0,0,0,0,0,0,0.0,0.0,0.0,0.0,0.0,0,0,0,0,0,0,0,0.0000,16,0,0,0,0,0,0,0,0,0.0,0.0,0.0,0.0,0.0,0,0,0,0,0,0,0.0000,0,20,0,20,0,2,0,0,0,532,0,5,no,no
4,4,2,0,0,2,0,2,2.0,2.0,2.0,0.0,0.0,0,0,0,0,0,0,0,0.0000,4,2,0,0,4,0,2,0,2,2.0,2.0,2.0,0.0,0.0,0,0,0,0,0,0,0.0000,0,2,0,2,0,1,0,0,0,0,0,5,no,no
1,0,0,0,0,0,0,0,0.0,0.0,0.0,0.0,0.0,0,0,0,0,0,0,0,0.0000,1,0,0,0,0,0,0,0,0,0.0,0.0,0.0,0.0,0.0,0,0,0,0,0,0,0.0000,5,5,5,5,2,2,373,29,402,402,0,1,no,no
7,0,1,0,0,0,0,0,0.0,0.0,0.0,0.0,0.0,0,0,0,0,0,0,0,0.0000,7,1,0,0,0,0,0,0,0,0.0,0.0,0.0,0.0,0.0,0,0,0,0,0,0,0.0000,0,2,0,2,0,1,0,0,0,0,0,5,no,no
6,2,1,0,0,1,0,1,1.0,1.0,0.0,0.0,0.0,0,0,0,0,0,0,0,0.0000,6,1,0,0,2,0,1,0,1,1.0,1.0,0.0,0.0,0.0,0,0,0,0,0,0,0.0000,0,10,0,10,0,2,0,0,0,228,0,5,no,no
5,2,1,0,1,2,1,2,3.0,3.0,4.754887502163469,0.5,2.3774437510817346,0,0,0,0,0,0,0,0.0000,5,1,0,0,2,1,2,1,2,3.0,3.0,4.754887502163469,0.5,2.3774437510817346,0,0,0,0,0,0,0.0000,4,18,4,18,1,3,269,45,314,898,0,5,yes,yes
27,0,5,0,0,0,0,0,0.0,0.0,0.0,0.0,0.0,0,0,0,0,0,0,0,0.0000,27,5,0,0,0,0,0,0,0,0.0,0.0,0.0,0.0,0.0,0,0,0,0,0,0,0.0000,1,3,1,3,1,2,67,5,72,72,0,5,no,no
4,2,1,0,0,1,0,1,1.0,1.0,0.0,0.0,0.0,0,0,0,0,0,0,0,0.0000,4,1,0,0,2,0,1,0,1,1.0,1.0,0.0,0.0,0.0,0,0,0,0,0,0,0.0000,1,1,1,1,1,1,25,0,25,25,0,1,no,no
5,2,1,0,0,4,0,4,4.0,4.0,8.0,0.0,0.0,0,0,0,0,0,0,0,0.0000,5,1,0,0,2,0,4,0,4,4.0,4.0,8.0,0.0,0.0,0,0,0,0,0,0,0.0000,0,2,0,2,0,1,0,0,0,0,0,5,no,no
10,0,2,0,0,0,0,0,0.0,0.0,0.0,0.0,0.0,0,0,0,0,0,0,0,0.0000,10,2,0,0,0,0,0,0,0,0.0,0.0,0.0,0.0,0.0,0,0,0,0,0,0,0.0000,1,3,1,3,1,1,6,2,8,60,0,5,no,no
4,0,0,0,0,0,0,0,0.0,0.0,0.0,0.0,0.0,0,0,0,0,0,0,0,0.0000,4,0,0,0,0,0,0,0,0,0.0,0.0,0.0,0.0,0.0,0,0,0,0,0,0,0.0000,0,2,0,2,0,1,0,0,0,0,0,5,no,no
13,3,1,0,1,2,2,2,3.0,4.0,6.339850002884625,0.5,3.1699250014423126,0,0,0,0,0,0,0,0.0000,13,1,0,0,3,1,2,2,2,3.0,4.0,6.339850002884625,0.5,3.1699250014423126,0,0,0,0,0,0,0.0000,3,3,3,3,2,2,183,2,185,185,0,1,no,no
33,11,1,0,1,11,10,12,12.0,22.0,78.86917501586544,0.5454545454545454,43.01955000865387,0,0,0,0,0,0,0,0.0000,33,1,0,0,11,1,11,10,12,12.0,22.0,78.86917501586544,0.5454545454545454,43.01955000865387,0,0,0,0,0,0,0.0000,3,3,3,3,1,1,60,2,62,62,0,1,no,no
7,0,0,0,0,0,0,0,0.0,0.0,0.0,0.0,0.0,0,0,0,0,0,0,0,0.0000,7,0,0,0,0,0,0,0,0,0.0,0.0,0.0,0.0,0.0,0,0,0,0,0,0,0.0000,0,2,0,2,0,1,0,0,0,0,0,5,no,no
9,0,2,0,0,0,0,0,0.0,0.0,0.0,0.0,0.0,0,0,0,0,0,0,0,0.0000,9,2,0,0,0,0,0,0,0,0.0,0.0,0.0,0.0,0.0,0,0,0,0,0,0,0.0000,0,2,0,2,0,1,0,0,0,0,0,5,no,no
18,6,3,0,1,5,1,5,6.0,6.0,15.509775004326936,0.5,7.754887502163468,0,0,0,0,0,0,0,0.0000,18,3,0,0,6,1,5,1,5,6.0,6.0,15.509775004326936,0.5,7.754887502163468,0,0,0,0,0,0,0.0000,5,5,5,5,2,2,373,29,402,402,0,1,no,no
7,6,3,0,0,2,0,4,2.0,4.0,4.0,0.0,0.0,0,0,0,0,0,0,0,0.0000,7,3,0,0,6,0,2,0,4,2.0,4.0,4.0,0.0,0.0,0,0,0,0,0,0,0.0000,0,2,0,2,0,1,0,0,0,0,0,5,no,no
15,0,0,0,2,12,2,13,14.0,15.0,57.110323830864054,1.0833333333333333,61.869517483436056,0,0,0,0,0,0,0,0.0000,15,0,0,0,0,2,12,2,13,14.0,15.0,57.110323830864054,1.0833333333333333,61.869517483436056,0,0,0,0,0,0,0.0000,0,6,0,6,0,2,0,0,0,18,0,5,no,no
7,3,1,0,1,2,1,2,3.0,3.0,4.754887502163469,0.5,2.3774437510817346,0,0,0,0,0,0,0,0.0000,7,1,0,0,3,1,2,1,2,3.0,3.0,4.754887502163469,0.5,2.3774437510817346,0,0,0,0,0,0,0.0000,0,20,0,20,0,2,0,0,0,532,0,5,no,no
5,2,1,0,0,1,0,1,1.0,1.0,0.0,0.0,0.0,0,0,0,0,0,0,0,0.0000,5,1,0,0,2,0,1,0,1,1.0,1.0,0.0,0.0,0.0,0,0,0,0,0,0,0.0000,1,3,1,3,1,2,67,5,72,72,0,5,no,no
10,4,2,0,0,1,0,2,1.0,2.0,0.0,0.0,0.0,0,0,0,0,0,0,0,0.0000,10,2,0,0,4,0,1,0,2,1.0,2.0,0.0,0.0,0.0,0,0,0,0,0,0,0.0000,0,2,0,2,0,1,0,0,0,464,0,5,no,no
27,0,0,0,0,0,0,0,0.0,0.0,0.0,0.0,0.0,0,0,0,0,0,0,0,0.0000,27,0,0,0,0,0,0,0,0,0.0,0.0,0.0,0.0,0.0,0,0,0,0,0,0,0.0000,0,4,0,4,0,2,0,0,0,36,0,5,no,yes
3,2,1,0,0,1,0,1,1.0,1.0,0.0,0.0,0.0,0,0,0,0,0,0,0,0.0000,3,1,0,0,2,0,1,0,1,1.0,1.0,0.0,0.0,0.0,0,0,0,0,0,0,0.0000,4,18,4,18,1,3,269,45,314,898,0,5,yes,yes
7,0,0,0,0,0,0,0,0.0,0.0,0.0,0.0,0.0,0,0,0,0,0,0,0,0.0000,7,0,0,0,0,0,0,0,0,0.0,0.0,0.0,0.0,0.0,0,0,0,0,0,0,0.0000,0,2,0,2,0,1,0,0,0,0,0,5,no,no
28,0,4,0,0,3,0,3,3.0,3.0,4.754887502163469,0.0,0.0,0,0,0,0,0,0,0,0.0000,28,4,0,0,0,0,3,0,3,3.0,3.0,4.754887502163469,0.0,0.0,0,0,0,0,0,0,0.0000,2,2,2,2,1,1,57,0,57,57,0,1,no,no
2,0,0,0,0,0,0,0,0.0,0.0,0.0,0.0,0.0,0,0,0,0,0,0,0,0.0000,2,0,0,0,0,0,0,0,0,0.0,0.0,0.0,0.0,0.0,0,0,0,0,0,0,0.0000,0,4,0,4,0,1,0,0,0,12,0,5,no,no
19,11,6,0,1,3,3,6,4.0,9.0,18.0,1.0,18.0,0,0,0,0,0,0,0,0.0000,19,6,0,0,11,1,3,3,6,4.0,9.0,18.0,1.0,18.0,0,0,0,0,0,0,0.0000,0,1,0,1,0,1,0,0,0,42,0,2,no,no
4,0,1,0,0,0,0,0,0.0,0.0,0.0,0.0,0.0,0,0,0,0,0,0,0,0.0000,4,1,0,0,0,0,0,0,0,0.0,0.0,0.0,0.0,0.0,0,0,0,0,0,0,0.0000,0,2,0,2,0,1,0,0,0,0,0,6,no,no
28,12,6,0,1,2,4,6,3.0,10.0,15.849625007211563,1.5,23.774437510817343,0,0,0,0,0,0,0,0.0000,28,6,0,0,12,1,2,4,6,3.0,10.0,15.849625007211563,1.5,23.774437510817343,0,0,0,0,0,0,0.0000,0,2,0,1,0,1,0,0,0,183,0,2,no,no
1,0,0,0,0,0,0,0,0.0,0.0,0.0,0.0,0.0,0,0,0,0,0,0,0,0.0000,1,0,0,0,0,0,0,0,0,0.0,0.0,0.0,0.0,0.0,0,0,0,0,0,0,0.0000,1,1,1,1,1,1,389,0,389,389,0,1,no,no
2,0,0,0,0,0,0,0,0.0,0.0,0.0,0.0,0.0,0,0,0,0,0,0,0,0.0000,2,0,0,0,0,0,0,0,0,0.0,0.0,0.0,0.0,0.0,0,0,0,0,0,0,0.0000,0,20,0,20,0,2,0,0,0,532,0,6,no,no
3,2,1,0,0,1,0,1,1.0,1.0,0.0,0.0,0.0,0,0,0,0,0,0,0,0.0000,3,1,0,0,2,0,1,0,1,1.0,1.0,0.0,0.0,0.0,0,0,0,0,0,0,0.0000,1,19,1,19,1,3,16,3,19,917,0,6,yes,yes
17,5,2,0,1,3,1,3,4.0,4.0,8.0,0.5,4.0,0,0,0,0,0,0,0,0.0000,17,2,0,0,5,1,3,1,3,4.0,4.0,8.0,0.5,4.0,0,0,0,0,0,0,0.0000,0,20,0,20,0,2,0,0,0,532,0,6,no,no
13,0,1,0,0,0,0,0,0.0,0.0,0.0,0.0,0.0,0,0,0,0,0,0,0,0.0000,13,1,0,0,0,0,0,0,0,0.0,0.0,0.0,0.0,0.0,0,0,0,0,0,0,0.0000,0,12,0,12,0,2,0,0,0,432,0,6,no,no
11,5,2,0,1,7,2,9,8.0,11.0,33.0,0.6428571428571429,21.214285714285715,0,0,0,0,0,0,0,0.0000,11,2,0,0,5,1,7,2,9,8.0,11.0,33.0,0.6428571428571429,21.214285714285715,0,0,0,0,0,0,0.0000,0,1,0,1,0,1,0,0,0,107,0,2,no,no
3,0,1,0,0,0,0,0,0.0,0.0,0.0,0.0,0.0,0,0,0,0,0,0,0,0.0000,3,1,0,0,0,0,0,0,0,0.0,0.0,0.0,0.0,0.0,0,0,0,0,0,0,0.0000,0,1,0,1,0,1,0,0,0,28,0,2,no,no
11,0,2,0,0,0,0,0,0.0,0.0,0.0,0.0,0.0,0,0,0,0,0,0,0,0.0000,11,2,0,0,0,0,0,0,0,0.0,0.0,0.0,0.0,0.0,0,0,0,0,0,0,0.0000,0,3,0,3,0,1,0,0,0,2,0,6,no,no
6,4,2,0,0,2,0,3,2.0,3.0,3.0,0.0,0.0,0,0,0,0,0,0,0,0.0000,6,2,0,0,4,0,2,0,3,2.0,3.0,3.0,0.0,0.0,0,0,0,0,0,0,0.0000,0,2,0,2,0,1,0,0,0,0,0,6,no,no
4,0,0,0,0,0,0,0,0.0,0.0,0.0,0.0,0.0,0,0,0,0,0,0,0,0.0000,4,0,0,0,0,0,0,0,0,0.0,0.0,0.0,0.0,0.0,0,0,0,0,0,0,0.0000,0,2,0,2,0,1,0,0,0,66,0,5,no,no
9,0,2,0,0,0,0,0,0.0,0.0,0.0,0.0,0.0,0,0,0,0,0,0,0,0.0000,15,4,0,0,0,0,0,0,0,0.0,0.0,0.0,0.0,0.0,0,0,0,0,0,0,0.0000,0,4,0,4,0,1,0,0,0,18,0,6,no,no
3,2,1,0,0,1,0,1,1.0,1.0,0.0,0.0,0.0,0,0,0,0,0,0,0,0.0000,3,1,0,0,2,0,1,0,1,1.0,1.0,0.0,0.0,0.0,0,0,0,0,0,0,0.0000,1,19,1,19,1,3,16,3,19,917,0,6,yes,yes
14,0,4,0,0,0,0,0,0.0,0.0,0.0,0.0,0.0,0,0,0,0,0,0,0,0.0000,14,4,0,0,0,0,0,0,0,0.0,0.0,0.0,0.0,0.0,0,0,0,0,0,0,0.0000,0,2,0,2,0,1,0,0,0,0,0,6,no,no
3,2,1,0,0,1,0,1,1.0,1.0,0.0,0.0,0.0,0,0,0,0,0,0,0,0.0000,3,1,0,0,2,0,1,0,1,1.0,1.0,0.0,0.0,0.0,0,0,0,0,0,0,0.0000,1,19,1,19,1,3,16,3,19,917,0,6,yes,yes
3,0,1,0,0,0,0,0,0.0,0.0,0.0,0.0,0.0,0,0,0,0,0,0,0,0.0000,3,1,0,0,0,0,0,0,0,0.0,0.0,0.0,0.0,0.0,0,0,0,0,0,0,0.0000,1,1,1,1,1,1,102,0,102,102,0,1,no,no
23,2,6,0,0,1,0,1,1.0,1.0,0.0,0.0,0.0,0,0,0,0,0,0,0,0.0000,23,6,0,0,2,0,1,0,1,1.0,1.0,0.0,0.0,0.0,0,0,0,0,0,0,0.0000,0,8,0,8,0,2,0,0,0,160,0,6,no,no
23,0,5,0,0,0,0,0,0.0,0.0,0.0,0.0,0.0,0,0,0,0,0,0,0,0.0000,23,5,0,0,0,0,0,0,0,0.0,0.0,0.0,0.0,0.0,0,0,0,0,0,0,0.0000,1,1,1,1,1,1,49,0,49,49,0,1,no,no
17,9,5,0,2,4,2,11,6.0,13.0,33.60451250937503,2.75,92.41240940078133,0,0,0,0,0,0,0,0.0000,17,5,0,0,9,2,4,2,11,6.0,13.0,33.60451250937503,2.75,92.41240940078133,0,0,0,0,0,0,0.0000,0,2,0,2,0,1,0,0,0,0,0,6,no,no
3,2,1,0,0,1,0,1,1.0,1.0,0.0,0.0,0.0,0,0,0,0,0,0,0,0.0000,3,1,0,0,2,0,1,0,1,1.0,1.0,0.0,0.0,0.0,0,0,0,0,0,0,0.0000,1,19,1,19,1,3,16,3,19,917,0,6,yes,yes
3,0,1,0,0,0,0,0,0.0,0.0,0.0,0.0,0.0,0,0,0,0,0,0,0,0.0000,3,1,0,0,0,0,0,0,0,0.0,0.0,0.0,0.0,0.0,0,0,0,0,0,0,0.0000,1,5,1,5,1,2,13,3,16,24,0,6,yes,no
24,0,3,0,0,0,0,0,0.0,0.0,0.0,0.0,0.0,0,0,0,0,0,0,0,0.0000,24,3,0,0,0,0,0,0,0,0.0,0.0,0.0,0.0,0.0,0,0,0,0,0,0,0.0000,0,4,0,4,0,1,0,0,0,4,0,6,no,no
12,3,1,0,1,2,2,2,3.0,4.0,6.339850002884625,0.5,3.1699250014423126,0,0,0,0,0,0,0,0.0000,12,1,0,0,3,1,2,2,2,3.0,4.0,6.339850002884625,0.5,3.1699250014423126,0,0,0,0,0,0,0.0000,0,3,0,3,0,2,0,0,0,185,0,2,no,no
3,2,1,0,0,1,0,1,1.0,1.0,0.0,0.0,0.0,0,0,0,0,0,0,0,0.0000,3,1,0,0,2,0,1,0,1,1.0,1.0,0.0,0.0,0.0,0,0,0,0,0,0,0.0000,1,19,1,19,1,3,16,3,19,917,0,6,yes,yes
6,0,2,0,0,0,0,0,0.0,0.0,0.0,0.0,0.0,0,0,0,0,0,0,0,0.0000,6,2,0,0,0,0,0,0,0,0.0,0.0,0.0,0.0,0.0,0,0,0,0,0,0,0.0000,0,4,0,4,0,1,0,0,0,18,0,6,no,no
8,3,1,0,1,2,2,2,3.0,4.0,6.339850002884625,0.5,3.1699250014423126,0,0,0,0,0,0,0,0.0000,8,1,0,0,3,1,2,2,2,3.0,4.0,6.339850002884625,0.5,3.1699250014423126,0,0,0,0,0,0,0.0000,0,20,0,20,0,2,0,0,0,532,0,6,no,no
6,2,1,0,1,2,1,2,3.0,3.0,4.754887502163469,0.5,2.3774437510817346,0,0,0,0,0,0,0,0.0000,6,1,0,0,2,1,2,1,2,3.0,3.0,4.754887502163469,0.5,2.3774437510817346,0,0,0,0,0,0,0.0000,1,19,1,19,1,3,16,3,19,917,0,6,yes,yes
51,7,7,0,0,0,0,0,0.0,0.0,0.0,0.0,0.0,0,0,0,0,0,0,0,0.0000,51,7,0,0,7,0,0,0,0,0.0,0.0,0.0,0.0,0.0,0,0,0,0,0,0,0.0000,0,3,0,3,0,1,0,0,0,10,0,6,no,no
4,2,1,0,0,1,0,1,1.0,1.0,0.0,0.0,0.0,0,0,0,0,0,0,0,0.0000,4,1,0,0,2,0,1,0,1,1.0,1.0,0.0,0.0,0.0,0,0,0,0,0,0,0.0000,0,1,0,1,0,1,0,0,0,25,0,2,no,no
17,8,3,1,2,6,2,9,8.0,11.0,33.0,1.5,49.5,1,0,0,0,0,0,0,0.0000,17,3,1,0,8,2,6,2,9,8.0,11.0,33.0,1.5,49.5,1,0,0,0,0,0,0.0000,0,2,0,2,0,1,0,0,0,406,0,6,no,yes
6,2,1,0,1,1,1,1,2.0,2.0,2.0,0.5,1.0,0,0,0,0,0,0,0,0.0000,6,1,0,0,2,1,1,1,1,2.0,2.0,2.0,0.5,1.0,0,0,0,0,0,0,0.0000,0,20,0,20,0,2,0,0,0,532,0,6,no,no
11,0,2,0,0,0,0,0,0.0,0.0,0.0,0.0,0.0,0,0,0,0,0,0,0,0.0000,11,2,0,0,0,0,0,0,0,0.0,0.0,0.0,0.0,0.0,0,0,0,0,0,0,0.0000,0,12,0,12,0,2,0,0,0,42,0,6,no,no
24,10,2,0,1,10,2,16,11.0,18.0,62.26976913547136,0.8,49.81581530837709,0,0,0,0,0,0,0,0.0000,24,2,0,0,10,1,10,2,16,11.0,18.0,62.26976913547136,0.8,49.81581530837709,0,0,0,0,0,0,0.0000,0,1,0,1,0,1,0,0,0,54,0,2,no,no
1,0,0,0,0,0,0,0,0.0,0.0,0.0,0.0,0.0,0,0,0,0,0,0,0,0.0000,1,0,0,0,0,0,0,0,0,0.0,0.0,0.0,0.0,0.0,0,0,0,0,0,0,0.0000,0,2,0,2,0,1,0,0,0,45,0,2,no,no
12,4,2,0,1,1,1,2,2.0,3.0,3.0,1.0,3.0,0,0,0,0,0,0,0,0.0000,12,2,0,0,4,1,1,1,2,2.0,3.0,3.0,1.0,3.0,0,0,0,0,0,0,0.0000,0,11,0,11,0,2,0,0,0,542,0,6,no,no
4,0,1,0,0,0,0,0,0.0,0.0,0.0,0.0,0.0,0,0,0,0,0,0,0,0.0000,4,1,0,0,0,0,0,0,0,0.0,0.0,0.0,0.0,0.0,0,0,0,0,0,0,0.0000,0,2,0,2,0,1,0,0,0,0,0,6,no,no
8,3,1,0,1,2,2,2,3.0,4.0,6.339850002884625,0.5,3.1699250014423126,0,0,0,0,0,0,0,0.0000,8,1,0,0,3,1,2,2,2,3.0,4.0,6.339850002884625,0.5,3.1699250014423126,0,0,0,0,0,0,0.0000,0,3,0,3,0,2,0,0,0,72,0,6,no,no
3,2,1,0,0,1,0,1,1.0,1.0,0.0,0.0,0.0,0,0,0,0,0,0,0,0.0000,3,1,0,0,2,0,1,0,1,1.0,1.0,0.0,0.0,0.0,0,0,0,0,0,0,0.0000,1,19,1,19,1,3,16,3,19,917,0,6,yes,yes
3,2,1,0,0,1,0,1,1.0,1.0,0.0,0.0,0.0,0,0,0,0,0,0,0,0.0000,3,1,0,0,2,0,1,0,1,1.0,1.0,0.0,0.0,0.0,0,0,0,0,0,0,0.0000,1,19,1,19,1,3,16,3,19,917,0,6,yes,yes
14,0,4,0,0,0,0,0,0.0,0.0,0.0,0.0,0.0,0,0,0,0,0,0,0,0.0000,14,4,0,0,0,0,0,0,0,0.0,0.0,0.0,0.0,0.0,0,0,0,0,0,0,0.0000,0,3,0,3,0,1,0,0,0,6,0,6,no,no
16,0,0,0,0,0,0,0,0.0,0.0,0.0,0.0,0.0,0,0,0,0,0,0,0,0.0000,16,0,0,0,0,0,0,0,0,0.0,0.0,0.0,0.0,0.0,0,0,0,0,0,0,0.0000,0,20,0,20,0,2,0,0,0,532,0,6,no,no
4,4,2,0,0,2,0,2,2.0,2.0,2.0,0.0,0.0,0,0,0,0,0,0,0,0.0000,4,2,0,0,4,0,2,0,2,2.0,2.0,2.0,0.0,0.0,0,0,0,0,0,0,0.0000,0,2,0,2,0,1,0,0,0,0,0,6,no,no
1,0,0,0,0,0,0,0,0.0,0.0,0.0,0.0,0.0,0,0,0,0,0,0,0,0.0000,1,0,0,0,0,0,0,0,0,0.0,0.0,0.0,0.0,0.0,0,0,0,0,0,0,0.0000,0,5,0,5,0,2,0,0,0,402,0,2,no,no
7,0,1,0,0,0,0,0,0.0,0.0,0.0,0.0,0.0,0,0,0,0,0,0,0,0.0000,7,1,0,0,0,0,0,0,0,0.0,0.0,0.0,0.0,0.0,0,0,0,0,0,0,0.0000,0,2,0,2,0,1,0,0,0,0,0,6,no,no
6,2,1,0,0,1,0,1,1.0,1.0,0.0,0.0,0.0,0,0,0,0,0,0,0,0.0000,6,1,0,0,2,0,1,0,1,1.0,1.0,0.0,0.0,0.0,0,0,0,0,0,0,0.0000,0,10,0,10,0,2,0,0,0,228,0,6,no,no
5,2,1,0,1,2,1,2,3.0,3.0,4.754887502163469,0.5,2.3774437510817346,0,0,0,0,0,0,0,0.0000,5,1,0,0,2,1,2,1,2,3.0,3.0,4.754887502163469,0.5,2.3774437510817346,0,0,0,0,0,0,0.0000,1,19,1,19,1,3,16,3,19,917,0,6,yes,yes
9,2,1,0,0,4,0,5,4.0,5.0,10.0,0.0,0.0,0,0,0,0,0,0,0,0.0000,9,1,0,0,2,0,4,0,5,4.0,5.0,10.0,0.0,0.0,0,0,0,0,0,0,0.0000,1,1,1,1,1,1,36,0,36,36,0,1,no,no
27,0,5,0,0,0,0,0,0.0,0.0,0.0,0.0,0.0,0,0,0,0,0,0,0,0.0000,27,5,0,0,0,0,0,0,0,0.0,0.0,0.0,0.0,0.0,0,0,0,0,0,0,0.0000,0,3,0,3,0,2,0,0,0,72,0,6,no,no
4,2,1,0,0,1,0,1,1.0,1.0,0.0,0.0,0.0,0,0,0,0,0,0,0,0.0000,4,1,0,0,2,0,1,0,1,1.0,1.0,0.0,0.0,0.0,0,0,0,0,0,0,0.0000,0,1,0,1,0,1,0,0,0,25,0,2,no,no
5,2,1,0,0,4,0,4,4.0,4.0,8.0,0.0,0.0,0,0,0,0,0,0,0,0.0000,5,1,0,0,2,0,4,0,4,4.0,4.0,8.0,0.0,0.0,0,0,0,0,0,0,0.0000,0,2,0,2,0,1,0,0,0,0,0,6,no,no
10,0,2,0,0,0,0,0,0.0,0.0,0.0,0.0,0.0,0,0,0,0,0,0,0,0.0000,10,2,0,0,0,0,0,0,0,0.0,0.0,0.0,0.0,0.0,0,0,0,0,0,0,0.0000,0,3,0,3,0,1,0,0,0,60,0,6,no,no
3,0,1,0,0,0,0,0,0.0,0.0,0.0,0.0,0.0,0,0,0,0,0,0,0,0.0000,3,1,0,0,0,0,0,0,0,0.0,0.0,0.0,0.0,0.0,0,0,0,0,0,0,0.0000,1,1,1,1,1,1,247,0,247,247,0,1,no,no
4,0,0,0,0,0,0,0,0.0,0.0,0.0,0.0,0.0,0,0,0,0,0,0,0,0.0000,4,0,0,0,0,0,0,0,0,0.0,0.0,0.0,0.0,0.0,0,0,0,0,0,0,0.0000,0,2,0,2,0,1,0,0,0,0,0,6,no,no
13,3,1,0,1,2,2,2,3.0,4.0,6.339850002884625,0.5,3.1699250014423126,0,0,0,0,0,0,0,0.0000,13,1,0,0,3,1,2,2,2,3.0,4.0,6.339850002884625,0.5,3.1699250014423126,0,0,0,0,0,0,0.0000,0,3,0,3,0,2,0,0,0,185,0,2,no,no
33,11,1,0,1,11,10,12,12.0,22.0,78.86917501586544,0.5454545454545454,43.01955000865387,0,0,0,0,0,0,0,0.0000,33,1,0,0,11,1,11,10,12,12.0,22.0,78.86917501586544,0.5454545454545454,43.01955000865387,0,0,0,0,0,0,0.0000,0,3,0,3,0,1,0,0,0,62,0,2,no,no
7,0,0,0,0,0,0,0,0.0,0.0,0.0,0.0,0.0,0,0,0,0,0,0,0,0.0000,7,0,0,0,0,0,0,0,0,0.0,0.0,0.0,0.0,0.0,0,0,0,0,0,0,0.0000,0,2,0,2,0,1,0,0,0,0,0,6,no,no
9,0,2,0,0,0,0,0,0.0,0.0,0.0,0.0,0.0,0,0,0,0,0,0,0,0.0000,9,2,0,0,0,0,0,0,0,0.0,0.0,0.0,0.0,0.0,0,0,0,0,0,0,0.0000,0,2,0,2,0,1,0,0,0,0,0,6,no,no
18,6,3,0,1,5,1,5,6.0,6.0,15.509775004326936,0.5,7.754887502163468,0,0,0,0,0,0,0,0.0000,18,3,0,0,6,1,5,1,5,6.0,6.0,15.509775004326936,0.5,7.754887502163468,0,0,0,0,0,0,0.0000,0,5,0,5,0,2,0,0,0,402,0,2,no,no
7,6,3,0,0,2,0,4,2.0,4.0,4.0,0.0,0.0,0,0,0,0,0,0,0,0.0000,7,3,0,0,6,0,2,0,4,2.0,4.0,4.0,0.0,0.0,0,0,0,0,0,0,0.0000,0,2,0,2,0,1,0,0,0,0,0,6,no,no
15,0,0,0,2,12,2,13,14.0,15.0,57.110323830864054,1.0833333333333333,61.869517483436056,0,0,0,0,0,0,0,0.0000,15,0,0,0,0,2,12,2,13,14.0,15.0,57.110323830864054,1.0833333333333333,61.869517483436056,0,0,0,0,0,0,0.0000,0,6,0,6,0,2,0,0,0,18,0,6,no,no
7,3,1,0,1,2,1,2,3.0,3.0,4.754887502163469,0.5,2.3774437510817346,0,0,0,0,0,0,0,0.0000,7,1,0,0,3,1,2,1,2,3.0,3.0,4.754887502163469,0.5,2.3774437510817346,0,0,0,0,0,0,0.0000,0,20,0,20,0,2,0,0,0,532,0,6,no,no
5,2,1,0,0,1,0,1,1.0,1.0,0.0,0.0,0.0,0,0,0,0,0,0,0,0.0000,5,1,0,0,2,0,1,0,1,1.0,1.0,0.0,0.0,0.0,0,0,0,0,0,0,0.0000,0,3,0,3,0,2,0,0,0,72,0,6,no,no
10,4,2,0,0,1,0,2,1.0,2.0,0.0,0.0,0.0,0,0,0,0,0,0,0,0.0000,10,2,0,0,4,0,1,0,2,1.0,2.0,0.0,0.0,0.0,0,0,0,0,0,0,0.0000,0,2,0,2,0,1,0,0,0,464,0,6,no,no
27,0,0,0,0,0,0,0,0.0,0.0,0.0,0.0,0.0,0,0,0,0,0,0,0,0.0000,27,0,0,0,0,0,0,0,0,0.0,0.0,0.0,0.0,0.0,0,0,0,0,0,0,0.0000,1,5,1,5,1,2,10,4,14,50,0,6,yes,no
3,2,1,0,0,1,0,1,1.0,1.0,0.0,0.0,0.0,0,0,0,0,0,0,0,0.0000,3,1,0,0,2,0,1,0,1,1.0,1.0,0.0,0.0,0.0,0,0,0,0,0,0,0.0000,1,19,1,19,1,3,16,3,19,917,0,6,yes,yes
7,0,0,0,0,0,0,0,0.0,0.0,0.0,0.0,0.0,0,0,0,0,0,0,0,0.0000,7,0,0,0,0,0,0,0,0,0.0,0.0,0.0,0.0,0.0,0,0,0,0,0,0,0.0000,0,2,0,2,0,1,0,0,0,0,0,6,no,no
28,0,4,0,0,3,0,3,3.0,3.0,4.754887502163469,0.0,0.0,0,0,0,0,0,0,0,0.0000,28,4,0,0,0,0,3,0,3,3.0,3.0,4.754887502163469,0.0,0.0,0,0,0,0,0,0,0.0000,0,2,0,2,0,1,0,0,0,57,0,2,no,no
2,0,0,0,0,0,0,0,0.0,0.0,0.0,0.0,0.0,0,0,0,0,0,0,0,0.0000,2,0,0,0,0,0,0,0,0,0.0,0.0,0.0,0.0,0.0,0,0,0,0,0,0,0.0000,0,4,0,4,0,1,0,0,0,12,0,6,no,no
17,8,3,1,2,6,2,9,8.0,11.0,33.0,1.5,49.5,1,0,0,0,0,0,0,0.0000,17,3,1,0,8,2,6,2,9,8.0,11.0,33.0,1.5,49.5,1,0,0,0,0,0,0.0000,3,3,3,3,2,2,5,4,9,9,0,1,no,no
3,2,1,0,0,1,0,1,1.0,1.0,0.0,0.0,0.0,0,0,0,0,0,0,0,0.0000,3,1,0,0,2,0,1,0,1,1.0,1.0,0.0,0.0,0.0,0,0,0,0,0,0,0.0000,4,4,4,4,2,2,11,3,14,14,0,1,no,no
51,7,7,0,0,0,0,0,0.0,0.0,0.0,0.0,0.0,0,0,0,0,0,0,0,0.0000,51,7,0,0,7,0,0,0,0,0.0,0.0,0.0,0.0,0.0,0,0,0,0,0,0,0.0000,1,1,1,1,1,1,0,0,0,0,0,1,no,no
12,4,2,0,1,1,1,2,2.0,3.0,3.0,1.0,3.0,0,0,0,0,0,0,0,0.0000,12,2,0,0,4,1,1,1,2,2.0,3.0,3.0,1.0,3.0,0,0,0,0,0,0,0.0000,1,1,1,1,1,1,0,0,0,0,0,1,no,no
16,0,0,0,0,0,0,0,0.0,0.0,0.0,0.0,0.0,0,0,0,0,0,0,0,0.0000,16,0,0,0,0,0,0,0,0,0.0,0.0,0.0,0.0,0.0,0,0,0,0,0,0,0.0000,1,1,1,1,1,1,0,0,0,0,0,1,no,yes
10,0,2,0,0,0,0,0,0.0,0.0,0.0,0.0,0.0,0,0,0,0,0,0,0,0.0000,10,2,0,0,0,0,0,0,0,0.0,0.0,0.0,0.0,0.0,0,0,0,0,0,0,0.0000,1,1,1,1,1,1,0,0,0,0,0,1,no,no
23,0,5,0,0,0,0,0,0.0,0.0,0.0,0.0,0.0,0,0,0,0,0,0,0,0.0000,23,5,0,0,0,0,0,0,0,0.0,0.0,0.0,0.0,0.0,0,0,0,0,0,0,0.0000,1,1,1,1,1,1,0,0,0,0,0,1,no,no
1,0,0,0,0,0,0,0,0.0,0.0,0.0,0.0,0.0,0,0,0,0,0,0,0,0.0000,1,0,0,0,0,0,0,0,0,0.0,0.0,0.0,0.0,0.0,0,0,0,0,0,0,0.0000,2,2,2,2,1,1,3,3,6,6,0,1,no,no
18,6,3,0,1,5,1,5,6.0,6.0,15.509775004326936,0.5,7.754887502163468,0,0,0,0,0,0,0,0.0000,18,3,0,0,6,1,5,1,5,6.0,6.0,15.509775004326936,0.5,7.754887502163468,0,0,0,0,0,0,0.0000,2,2,2,2,1,1,3,3,6,6,0,1,no,no
3,2,1,0,0,1,0,1,1.0,1.0,0.0,0.0,0.0,0,0,0,0,0,0,0,0.0000,3,1,0,0,2,0,1,0,1,1.0,1.0,0.0,0.0,0.0,0,0,0,0,0,0,0.0000,4,4,4,4,2,2,11,3,14,14,0,1,no,no
3,2,1,0,0,1,0,1,1.0,1.0,0.0,0.0,0.0,0,0,0,0,0,0,0,0.0000,3,1,0,0,2,0,1,0,1,1.0,1.0,0.0,0.0,0.0,0,0,0,0,0,0,0.0000,4,4,4,4,2,2,11,3,14,14,0,1,no,no
28,12,6,0,1,2,4,6,3.0,10.0,15.849625007211563,1.5,23.774437510817343,0,0,0,0,0,0,0,0.0000,28,6,0,0,12,1,2,4,6,3.0,10.0,15.849625007211563,1.5,23.774437510817343,0,0,0,0,0,0,0.0000,1,1,1,1,1,1,0,0,0,0,0,1,no,no
3,2,1,0,0,1,0,1,1.0,1.0,0.0,0.0,0.0,0,0,0,0,0,0,0,0.0000,3,1,0,0,2,0,1,0,1,1.0,1.0,0.0,0.0,0.0,0,0,0,0,0,0,0.0000,4,4,4,4,2,2,11,3,14,14,0,1,no,no
17,1,1,0,2,12,2,13,14.0,15.0,57.110323830864054,1.0833333333333333,61.869517483436056,0,0,0,0,0,0,0,0.0000,17,1,0,0,1,2,12,2,13,14.0,15.0,57.110323830864054,1.0833333333333333,61.869517483436056,0,0,0,0,0,0,0.0000,2,2,2,2,2,2,3,1,4,4,0,1,no,no
27,0,5,0,0,0,0,0,0.0,0.0,0.0,0.0,0.0,0,0,0,0,0,0,0,0.0000,27,5,0,0,0,0,0,0,0,0.0,0.0,0.0,0.0,0.0,0,0,0,0,0,0,0.0000,1,1,1,1,1,1,0,0,0,0,0,1,no,no
7,0,0,0,0,0,0,0,0.0,0.0,0.0,0.0,0.0,0,0,0,0,0,0,0,0.0000,7,0,0,0,0,0,0,0,0,0.0,0.0,0.0,0.0,0.0,0,0,0,0,0,0,0.0000,1,1,1,1,1,1,0,0,0,0,0,1,no,no
7,6,3,0,0,2,0,4,2.0,4.0,4.0,0.0,0.0,0,0,0,0,0,0,0,0.0000,7,3,0,0,6,0,2,0,4,2.0,4.0,4.0,0.0,0.0,0,0,0,0,0,0,0.0000,1,1,1,1,1,1,0,0,0,0,0,1,no,no
3,0,1,0,0,0,0,0,0.0,0.0,0.0,0.0,0.0,0,0,0,0,0,0,0,0.0000,3,1,0,0,0,0,0,0,0,0.0,0.0,0.0,0.0,0.0,0,0,0,0,0,0,0.0000,1,1,1,1,1,1,0,0,0,0,0,1,no,no
2,0,0,0,0,0,0,0,0.0,0.0,0.0,0.0,0.0,0,0,0,0,0,0,0,0.0000,2,0,0,0,0,0,0,0,0,0.0,0.0,0.0,0.0,0.0,0,0,0,0,0,0,0.0000,1,1,1,1,1,1,0,0,0,0,0,1,no,no
19,11,6,0,1,3,3,6,4.0,9.0,18.0,1.0,18.0,0,0,0,0,0,0,0,0.0000,19,6,0,0,11,1,3,3,6,4.0,9.0,18.0,1.0,18.0,0,0,0,0,0,0,0.0000,1,1,1,1,1,1,0,0,0,0,0,1,no,no
2,0,0,0,0,0,0,0,0.0,0.0,0.0,0.0,0.0,0,0,0,0,0,0,0,0.0000,2,0,0,0,0,0,0,0,0,0.0,0.0,0.0,0.0,0.0,0,0,0,0,0,0,0.0000,1,1,1,1,1,1,0,0,0,0,0,1,no,yes
4,0,0,0,0,0,0,0,0.0,0.0,0.0,0.0,0.0,0,0,0,0,0,0,0,0.0000,4,0,0,0,0,0,0,0,0,0.0,0.0,0.0,0.0,0.0,0,0,0,0,0,0,0.0000,1,1,1,1,1,1,0,0,0,0,0,1,no,no
7,1,3,0,0,0,0,0,0.0,0.0,0.0,0.0,0.0,0,0,0,0,0,0,0,0.0000,7,3,0,0,1,0,0,0,0,0.0,0.0,0.0,0.0,0.0,0,0,0,0,0,0,0.0000,2,2,2,2,2,2,206,1,207,207,0,1,no,no
1,0,0,0,0,0,0,0,0.0,0.0,0.0,0.0,0.0,0,0,0,0,0,0,0,0.0000,1,0,0,0,0,0,0,0,0,0.0,0.0,0.0,0.0,0.0,0,0,0,0,0,0,0.0000,2,2,2,2,1,1,1,0,1,1,0,1,no,yes
9,2,1,0,0,4,0,5,4.0,5.0,10.0,0.0,0.0,0,0,0,0,0,0,0,0.0000,9,1,0,0,2,0,4,0,5,4.0,5.0,10.0,0.0,0.0,0,0,0,0,0,0,0.0000,1,1,1,1,1,1,0,0,0,0,0,1,no,no
3,2,1,0,0,1,0,1,1.0,1.0,0.0,0.0,0.0,0,0,0,0,0,0,0,0.0000,3,1,0,0,2,0,1,0,1,1.0,1.0,0.0,0.0,0.0,0,0,0,0,0,0,0.0000,4,4,4,4,2,2,11,3,14,14,0,1,no,no
7,3,1,0,1,2,1,2,3.0,3.0,4.754887502163469,0.5,2.3774437510817346,0,0,0,0,0,0,0,0.0000,7,1,0,0,3,1,2,1,2,3.0,3.0,4.754887502163469,0.5,2.3774437510817346,0,0,0,0,0,0,0.0000,1,1,1,1,1,1,0,0,0,0,0,1,no,yes
18,8,3,0,2,4,5,8,6.0,13.0,33.60451250937503,2.0,67.20902501875005,0,0,0,0,0,0,0,0.0000,18,3,0,0,8,2,4,5,8,6.0,13.0,33.60451250937503,2.0,67.20902501875005,0,0,0,0,0,0,0.0000,1,1,1,1,1,1,39,0,39,39,0,1,no,no
7,4,2,0,0,2,0,2,2.0,2.0,2.0,0.0,0.0,0,0,0,0,0,0,0,0.0000,7,2,0,0,4,0,2,0,2,2.0,2.0,2.0,0.0,0.0,0,0,0,0,0,0,0.0000,2,2,2,2,2,2,3,0,3,3,0,1,no,no
13,3,1,0,1,2,2,2,3.0,4.0,6.339850002884625,0.5,3.1699250014423126,0,0,0,0,0,0,0,0.0000,13,1,0,0,3,1,2,2,2,3.0,4.0,6.339850002884625,0.5,3.1699250014423126,0,0,0,0,0,0,0.0000,1,1,1,1,1,1,1,2,3,3,0,1,no,no
6,4,2,0,0,2,0,3,2.0,3.0,3.0,0.0,0.0,0,0,0,0,0,0,0,0.0000,6,2,0,0,4,0,2,0,3,2.0,3.0,3.0,0.0,0.0,0,0,0,0,0,0,0.0000,1,1,1,1,1,1,0,0,0,0,0,1,no,no
12,3,1,0,1,2,2,2,3.0,4.0,6.339850002884625,0.5,3.1699250014423126,0,0,0,0,0,0,0,0.0000,12,1,0,0,3,1,2,2,2,3.0,4.0,6.339850002884625,0.5,3.1699250014423126,0,0,0,0,0,0,0.0000,1,1,1,1,1,1,1,2,3,3,0,1,no,no
6,0,2,0,0,0,0,0,0.0,0.0,0.0,0.0,0.0,0,0,0,0,0,0,0,0.0000,6,2,0,0,0,0,0,0,0,0.0,0.0,0.0,0.0,0.0,0,0,0,0,0,0,0.0000,1,1,1,1,1,1,0,0,0,0,0,1,no,no
6,2,1,0,0,1,0,1,1.0,1.0,0.0,0.0,0.0,0,0,0,0,0,0,0,0.0000,6,1,0,0,2,0,1,0,1,1.0,1.0,0.0,0.0,0.0,0,0,0,0,0,0,0.0000,4,4,4,4,2,2,182,98,280,280,0,1,no,no
4,4,2,0,0,2,0,2,2.0,2.0,2.0,0.0,0.0,0,0,0,0,0,0,0,0.0000,4,2,0,0,4,0,2,0,2,2.0,2.0,2.0,0.0,0.0,0,0,0,0,0,0,0.0000,1,1,1,1,1,1,0,0,0,0,0,1,no,no
27,0,0,0,0,0,0,0,0.0,0.0,0.0,0.0,0.0,0,0,0,0,0,0,0,0.0000,27,0,0,0,0,0,0,0,0,0.0,0.0,0.0,0.0,0.0,0,0,0,0,0,0,0.0000,3,3,3,3,2,2,81,146,227,227,0,1,no,no
5,2,1,0,1,2,1,2,3.0,3.0,4.754887502163469,0.5,2.3774437510817346,0,0,0,0,0,0,0,0.0000,5,1,0,0,2,1,2,1,2,3.0,3.0,4.754887502163469,0.5,2.3774437510817346,0,0,0,0,0,0,0.0000,4,4,4,4,2,2,11,3,14,14,0,1,no,no
14,0,4,0,0,0,0,0,0.0,0.0,0.0,0.0,0.0,0,0,0,0,0,0,0,0.0000,14,4,0,0,0,0,0,0,0,0.0,0.0,0.0,0.0,0.0,0,0,0,0,0,0,0.0000,2,2,2,2,2,2,2,1,3,3,0,1,no,no
10,4,2,0,0,1,0,2,1.0,2.0,0.0,0.0,0.0,0,0,0,0,0,0,0,0.0000,10,2,0,0,4,0,1,0,2,1.0,2.0,0.0,0.0,0.0,0,0,0,0,0,0,0.0000,3,3,3,3,2,2,353,17,370,370,0,1,no,no
11,0,2,0,0,0,0,0,0.0,0.0,0.0,0.0,0.0,0,0,0,0,0,0,0,0.0000,11,2,0,0,0,0,0,0,0,0.0,0.0,0.0,0.0,0.0,0,0,0,0,0,0,0.0000,1,1,1,1,1,1,0,0,0,0,0,1,no,no
1,0,0,0,0,0,0,0,0.0,0.0,0.0,0.0,0.0,0,0,0,0,0,0,0,0.0000,1,0,0,0,0,0,0,0,0,0.0,0.0,0.0,0.0,0.0,0,0,0,0,0,0,0.0000,1,1,1,1,1,1,0,0,0,0,0,1,no,no
17,9,5,0,2,4,2,11,6.0,13.0,33.60451250937503,2.75,92.41240940078133,0,0,0,0,0,0,0,0.0000,17,5,0,0,9,2,4,2,11,6.0,13.0,33.60451250937503,2.75,92.41240940078133,0,0,0,0,0,0,0.0000,1,1,1,1,1,1,1,1,2,2,0,1,no,yes
9,0,2,0,0,0,0,0,0.0,0.0,0.0,0.0,0.0,0,0,0,0,0,0,0,0.0000,9,2,0,0,0,0,0,0,0,0.0,0.0,0.0,0.0,0.0,0,0,0,0,0,0,0.0000,1,1,1,1,1,1,0,0,0,0,0,1,no,no
6,2,1,0,1,2,1,2,3.0,3.0,4.754887502163469,0.5,2.3774437510817346,0,0,0,0,0,0,0,0.0000,6,1,0,0,2,1,2,1,2,3.0,3.0,4.754887502163469,0.5,2.3774437510817346,0,0,0,0,0,0,0.0000,4,4,4,4,2,2,11,3,14,14,0,1,no,no
7,0,0,0,0,0,0,0,0.0,0.0,0.0,0.0,0.0,0,0,0,0,0,0,0,0.0000,7,0,0,0,0,0,0,0,0,0.0,0.0,0.0,0.0,0.0,0,0,0,0,0,0,0.0000,1,1,1,1,1,1,0,0,0,0,0,1,no,no
23,2,6,0,0,1,0,1,1.0,1.0,0.0,0.0,0.0,0,0,0,0,0,0,0,0.0000,23,6,0,0,2,0,1,0,1,1.0,1.0,0.0,0.0,0.0,0,0,0,0,0,0,0.0000,1,1,1,1,1,1,0,0,0,0,0,1,no,no
3,0,1,0,0,0,0,0,0.0,0.0,0.0,0.0,0.0,0,0,0,0,0,0,0,0.0000,3,1,0,0,0,0,0,0,0,0.0,0.0,0.0,0.0,0.0,0,0,0,0,0,0,0.0000,1,1,1,1,1,1,0,0,0,0,0,1,no,no
7,1,1,0,0,1,0,1,1.0,1.0,0.0,0.0,0.0,0,0,0,0,0,0,0,0.0000,7,1,0,0,1,0,1,0,1,1.0,1.0,0.0,0.0,0.0,0,0,0,0,0,0,0.0000,4,4,4,4,2,2,44,21,65,65,0,1,no,no
4,0,1,0,0,0,0,0,0.0,0.0,0.0,0.0,0.0,0,0,0,0,0,0,0,0.0000,4,1,0,0,0,0,0,0,0,0.0,0.0,0.0,0.0,0.0,0,0,0,0,0,0,0.0000,1,1,1,1,1,1,0,0,0,0,0,1,no,no
5,2,1,0,0,1,0,1,1.0,1.0,0.0,0.0,0.0,0,0,0,0,0,0,0,0.0000,5,1,0,0,2,0,1,0,1,1.0,1.0,0.0,0.0,0.0,0,0,0,0,0,0,0.0000,1,1,1,1,1,1,0,0,0,0,0,1,no,no
14,0,4,0,0,0,0,0,0.0,0.0,0.0,0.0,0.0,0,0,0,0,0,0,0,0.0000,14,4,0,0,0,0,0,0,0,0.0,0.0,0.0,0.0,0.0,0,0,0,0,0,0,0.0000,1,1,1,1,1,1,0,0,0,0,0,1,no,no
7,0,1,0,0,0,0,0,0.0,0.0,0.0,0.0,0.0,0,0,0,0,0,0,0,0.0000,7,1,0,0,0,0,0,0,0,0.0,0.0,0.0,0.0,0.0,0,0,0,0,0,0,0.0000,1,1,1,1,1,1,0,0,0,0,0,1,no,no
3,2,1,0,0,1,0,1,1.0,1.0,0.0,0.0,0.0,0,0,0,0,0,0,0,0.0000,3,1,0,0,2,0,1,0,1,1.0,1.0,0.0,0.0,0.0,0,0,0,0,0,0,0.0000,4,4,4,4,2,2,11,3,14,14,0,1,no,no
24,0,3,0,0,0,0,0,0.0,0.0,0.0,0.0,0.0,0,0,0,0,0,0,0,0.0000,24,3,0,0,0,0,0,0,0,0.0,0.0,0.0,0.0,0.0,0,0,0,0,0,0,0.0000,1,1,1,1,1,1,0,0,0,0,0,1,no,no
5,2,1,0,0,5,0,5,5.0,5.0,11.60964047443681,0.0,0.0,0,0,0,0,0,0,0,0.0000,5,1,0,0,2,0,5,0,5,5.0,5.0,11.60964047443681,0.0,0.0,0,0,0,0,0,0,0.0000,2,2,2,2,2,2,1,1,2,2,0,1,no,no
13,0,1,0,0,0,0,0,0.0,0.0,0.0,0.0,0.0,0,0,0,0,0,0,0,0.0000,13,1,0,0,0,0,0,0,0,0.0,0.0,0.0,0.0,0.0,0,0,0,0,0,0,0.0000,1,1,1,1,1,1,0,0,0,0,0,1,no,no
9,0,2,0,0,0,0,0,0.0,0.0,0.0,0.0,0.0,0,0,0,0,0,0,0,0.0000,9,2,0,0,0,0,0,0,0,0.0,0.0,0.0,0.0,0.0,0,0,0,0,0,0,0.0000,1,1,1,1,1,1,0,0,0,0,0,1,no,no
6,2,1,0,1,1,1,1,2.0,2.0,2.0,0.5,1.0,0,0,0,0,0,0,0,0.0000,6,1,0,0,2,1,1,1,1,2.0,2.0,2.0,0.5,1.0,0,0,0,0,0,0,0.0000,1,1,1,1,1,1,0,0,0,0,0,1,no,yes
3,2,1,0,0,1,0,1,1.0,1.0,0.0,0.0,0.0,0,0,0,0,0,0,0,0.0000,3,1,0,0,2,0,1,0,1,1.0,1.0,0.0,0.0,0.0,0,0,0,0,0,0,0.0000,4,4,4,4,2,2,11,3,14,14,0,1,no,no
17,5,2,0,1,3,1,3,4.0,4.0,8.0,0.5,4.0,0,0,0,0,0,0,0,0.0000,17,2,0,0,5,1,3,1,3,4.0,4.0,8.0,0.5,4.0,0,0,0,0,0,0,0.0000,1,1,1,1,1,1,0,0,0,0,0,1,no,yes
19,5,2,0,2,4,2,4,6.0,6.0,15.509775004326936,1.0,15.509775004326936,0,0,0,0,0,0,0,0.0000,19,2,0,0,5,2,4,2,4,6.0,6.0,15.509775004326936,1.0,15.509775004326936,0,0,0,0,0,0,0.0000,3,3,3,3,2,2,20,15,35,35,0,1,no,yes
3,0,1,0,0,0,0,0,0.0,0.0,0.0,0.0,0.0,0,0,0,0,0,0,0,0.0000,3,1,0,0,0,0,0,0,0,0.0,0.0,0.0,0.0,0.0,0,0,0,0,0,0,0.0000,1,1,1,1,1,1,0,0,0,0,0,1,no,no
8,3,1,0,1,2,2,2,3.0,4.0,6.339850002884625,0.5,3.1699250014423126,0,0,0,0,0,0,0,0.0000,8,1,0,0,3,1,2,2,2,3.0,4.0,6.339850002884625,0.5,3.1699250014423126,0,0,0,0,0,0,0.0000,1,1,1,1,1,1,0,0,0,0,0,1,no,yes
7,4,2,0,0,2,0,2,2.0,2.0,2.0,0.0,0.0,0,0,0,0,0,0,0,0.0000,7,2,0,0,4,0,2,0,2,2.0,2.0,2.0,0.0,0.0,0,0,0,0,0,0,0.0000,2,2,2,2,2,2,3,0,3,3,0,1,no,no
8,3,1,0,1,2,2,2,3.0,4.0,6.339850002884625,0.5,3.1699250014423126,0,0,0,0,0,0,0,0.0000,8,1,0,0,3,1,2,2,2,3.0,4.0,6.339850002884625,0.5,3.1699250014423126,0,0,0,0,0,0,0.0000,1,1,1,1,1,1,0,0,0,0,0,1,no,no
28,0,4,0,0,3,0,3,3.0,3.0,4.754887502163469,0.0,0.0,0,0,0,0,0,0,0,0.0000,28,4,0,0,0,0,3,0,3,3.0,3.0,4.754887502163469,0.0,0.0,0,0,0,0,0,0,0.0000,1,1,1,1,1,1,0,0,0,0,0,1,no,no
24,10,2,0,1,10,2,16,11.0,18.0,62.26976913547136,0.8,49.81581530837709,0,0,0,0,0,0,0,0.0000,24,2,0,0,10,1,10,2,16,11.0,18.0,62.26976913547136,0.8,49.81581530837709,0,0,0,0,0,0,0.0000,1,1,1,1,1,1,0,0,0,0,0,1,no,no
4,0,1,0,0,0,0,0,0.0,0.0,0.0,0.0,0.0,0,0,0,0,0,0,0,0.0000,4,1,0,0,0,0,0,0,0,0.0,0.0,0.0,0.0,0.0,0,0,0,0,0,0,0.0000,2,2,2,2,2,2,1,1,2,2,0,1,no,no
3,2,1,0,0,1,0,1,1.0,1.0,0.0,0.0,0.0,0,0,0,0,0,0,0,0.0000,3,1,0,0,2,0,1,0,1,1.0,1.0,0.0,0.0,0.0,0,0,0,0,0,0,0.0000,4,4,4,4,2,2,11,3,14,14,0,1,no,no
11,0,2,0,0,0,0,0,0.0,0.0,0.0,0.0,0.0,0,0,0,0,0,0,0,0.0000,11,2,0,0,0,0,0,0,0,0.0,0.0,0.0,0.0,0.0,0,0,0,0,0,0,0.0000,1,1,1,1,1,1,0,0,0,0,0,1,no,no
6,2,1,0,0,1,0,1,1.0,1.0,0.0,0.0,0.0,0,0,0,0,0,0,0,0.0000,6,1,0,0,2,0,1,0,1,1.0,1.0,0.0,0.0,0.0,0,0,0,0,0,0,0.0000,1,1,1,1,1,1,0,0,0,0,0,1,no,no
4,0,0,0,0,0,0,0,0.0,0.0,0.0,0.0,0.0,0,0,0,0,0,0,0,0.0000,4,0,0,0,0,0,0,0,0,0.0,0.0,0.0,0.0,0.0,0,0,0,0,0,0,0.0000,1,1,1,1,1,1,0,0,0,0,0,1,no,no
11,5,2,0,1,7,2,9,8.0,11.0,33.0,0.6428571428571429,21.214285714285715,0,0,0,0,0,0,0,0.0000,11,2,0,0,5,1,7,2,9,8.0,11.0,33.0,0.6428571428571429,21.214285714285715,0,0,0,0,0,0,0.0000,4,4,4,4,2,2,138,4,142,142,0,1,no,no
17,8,3,1,2,6,2,9,8.0,11.0,33.0,1.5,49.5,1,0,0,0,0,0,0,0.0000,17,3,1,0,8,2,6,2,9,8.0,11.0,33.0,1.5,49.5,1,0,0,0,0,0,0.0000,0,3,0,3,0,2,0,0,0,9,0,2,no,no
3,2,1,0,0,1,0,1,1.0,1.0,0.0,0.0,0.0,0,0,0,0,0,0,0,0.0000,3,1,0,0,2,0,1,0,1,1.0,1.0,0.0,0.0,0.0,0,0,0,0,0,0,0.0000,2,6,1,5,1,2,6,6,12,26,0,2,no,no
51,7,7,0,0,0,0,0,0.0,0.0,0.0,0.0,0.0,0,0,0,0,0,0,0,0.0000,51,7,0,0,7,0,0,0,0,0.0,0.0,0.0,0.0,0.0,0,0,0,0,0,0,0.0000,0,1,0,1,0,1,0,0,0,0,0,2,no,no
12,4,2,0,1,1,1,2,2.0,3.0,3.0,1.0,3.0,0,0,0,0,0,0,0,0.0000,12,2,0,0,4,1,1,1,2,2.0,3.0,3.0,1.0,3.0,0,0,0,0,0,0,0.0000,0,1,0,1,0,1,0,0,0,0,0,2,no,no
16,0,0,0,0,0,0,0,0.0,0.0,0.0,0.0,0.0,0,0,0,0,0,0,0,0.0000,16,0,0,0,0,0,0,0,0,0.0,0.0,0.0,0.0,0.0,0,0,0,0,0,0,0.0000,2,3,1,2,1,2,1,1,2,2,0,2,yes,no
10,0,2,0,0,0,0,0,0.0,0.0,0.0,0.0,0.0,0,0,0,0,0,0,0,0.0000,10,2,0,0,0,0,0,0,0,0.0,0.0,0.0,0.0,0.0,0,0,0,0,0,0,0.0000,0,1,0,1,0,1,0,0,0,0,0,2,no,no
23,0,5,0,0,0,0,0,0.0,0.0,0.0,0.0,0.0,0,0,0,0,0,0,0,0.0000,23,5,0,0,0,0,0,0,0,0.0,0.0,0.0,0.0,0.0,0,0,0,0,0,0,0.0000,0,1,0,1,0,1,0,0,0,0,0,2,no,no
1,0,0,0,0,0,0,0,0.0,0.0,0.0,0.0,0.0,0,0,0,0,0,0,0,0.0000,1,0,0,0,0,0,0,0,0,0.0,0.0,0.0,0.0,0.0,0,0,0,0,0,0,0.0000,0,2,0,2,0,1,0,0,0,6,0,2,no,no
18,6,3,0,1,5,1,5,6.0,6.0,15.509775004326936,0.5,7.754887502163468,0,0,0,0,0,0,0,0.0000,18,3,0,0,6,1,5,1,5,6.0,6.0,15.509775004326936,0.5,7.754887502163468,0,0,0,0,0,0,0.0000,0,2,0,2,0,1,0,0,0,6,0,2,no,no
3,2,1,0,0,1,0,1,1.0,1.0,0.0,0.0,0.0,0,0,0,0,0,0,0,0.0000,3,1,0,0,2,0,1,0,1,1.0,1.0,0.0,0.0,0.0,0,0,0,0,0,0,0.0000,2,6,1,5,1,2,6,6,12,26,0,2,no,no
3,2,1,0,0,1,0,1,1.0,1.0,0.0,0.0,0.0,0,0,0,0,0,0,0,0.0000,3,1,0,0,2,0,1,0,1,1.0,1.0,0.0,0.0,0.0,0,0,0,0,0,0,0.0000,2,6,1,5,1,2,6,6,12,26,0,2,no,no
28,12,6,0,1,2,4,6,3.0,10.0,15.849625007211563,1.5,23.774437510817343,0,0,0,0,0,0,0,0.0000,28,6,0,0,12,1,2,4,6,3.0,10.0,15.849625007211563,1.5,23.774437510817343,0,0,0,0,0,0,0.0000,0,1,0,1,0,1,0,0,0,0,0,2,no,no
3,2,1,0,0,1,0,1,1.0,1.0,0.0,0.0,0.0,0,0,0,0,0,0,0,0.0000,3,1,0,0,2,0,1,0,1,1.0,1.0,0.0,0.0,0.0,0,0,0,0,0,0,0.0000,2,6,1,5,1,2,6,6,12,26,0,2,no,no
17,1,1,0,2,12,2,13,14.0,15.0,57.110323830864054,1.0833333333333333,61.869517483436056,0,0,0,0,0,0,0,0.0000,17,1,0,0,1,2,12,2,13,14.0,15.0,57.110323830864054,1.0833333333333333,61.869517483436056,0,0,0,0,0,0,0.0000,2,4,1,3,1,2,1,1,2,6,0,2,no,no
27,0,5,0,0,0,0,0,0.0,0.0,0.0,0.0,0.0,0,0,0,0,0,0,0,0.0000,27,5,0,0,0,0,0,0,0,0.0,0.0,0.0,0.0,0.0,0,0,0,0,0,0,0.0000,0,1,0,1,0,1,0,0,0,0,0,2,no,no
7,0,0,0,0,0,0,0,0.0,0.0,0.0,0.0,0.0,0,0,0,0,0,0,0,0.0000,7,0,0,0,0,0,0,0,0,0.0,0.0,0.0,0.0,0.0,0,0,0,0,0,0,0.0000,0,1,0,1,0,1,0,0,0,0,0,2,no,no
7,6,3,0,0,2,0,4,2.0,4.0,4.0,0.0,0.0,0,0,0,0,0,0,0,0.0000,7,3,0,0,6,0,2,0,4,2.0,4.0,4.0,0.0,0.0,0,0,0,0,0,0,0.0000,0,1,0,1,0,1,0,0,0,0,0,2,no,no
3,0,1,0,0,0,0,0,0.0,0.0,0.0,0.0,0.0,0,0,0,0,0,0,0,0.0000,3,1,0,0,0,0,0,0,0,0.0,0.0,0.0,0.0,0.0,0,0,0,0,0,0,0.0000,0,1,0,1,0,1,0,0,0,0,0,2,no,no
2,0,0,0,0,0,0,0,0.0,0.0,0.0,0.0,0.0,0,0,0,0,0,0,0,0.0000,2,0,0,0,0,0,0,0,0,0.0,0.0,0.0,0.0,0.0,0,0,0,0,0,0,0.0000,0,1,0,1,0,1,0,0,0,0,0,2,no,no
19,11,6,0,1,3,3,6,4.0,9.0,18.0,1.0,18.0,0,0,0,0,0,0,0,0.0000,19,6,0,0,11,1,3,3,6,4.0,9.0,18.0,1.0,18.0,0,0,0,0,0,0,0.0000,0,1,0,1,0,1,0,0,0,0,0,2,no,no
2,0,0,0,0,0,0,0,0.0,0.0,0.0,0.0,0.0,0,0,0,0,0,0,0,0.0000,2,0,0,0,0,0,0,0,0,0.0,0.0,0.0,0.0,0.0,0,0,0,0,0,0,0.0000,2,3,1,2,1,2,1,1,2,2,0,2,yes,no
4,0,0,0,0,0,0,0,0.0,0.0,0.0,0.0,0.0,0,0,0,0,0,0,0,0.0000,4,0,0,0,0,0,0,0,0,0.0,0.0,0.0,0.0,0.0,0,0,0,0,0,0,0.0000,0,1,0,1,0,1,0,0,0,0,0,2,no,no
7,1,3,0,0,0,0,0,0.0,0.0,0.0,0.0,0.0,0,0,0,0,0,0,0,0.0000,7,3,0,0,1,0,0,0,0,0.0,0.0,0.0,0.0,0.0,0,0,0,0,0,0,0.0000,0,2,0,2,0,2,0,0,0,207,0,2,no,no
1,0,0,0,0,0,0,0,0.0,0.0,0.0,0.0,0.0,0,0,0,0,0,0,0,0.0000,1,0,0,0,0,0,0,0,0,0.0,0.0,0.0,0.0,0.0,0,0,0,0,0,0,0.0000,2,4,1,3,1,2,19,19,38,39,0,2,yes,no
9,2,1,0,0,4,0,5,4.0,5.0,10.0,0.0,0.0,0,0,0,0,0,0,0,0.0000,9,1,0,0,2,0,4,0,5,4.0,5.0,10.0,0.0,0.0,0,0,0,0,0,0,0.0000,0,1,0,1,0,1,0,0,0,0,0,2,no,no
3,2,1,0,0,1,0,1,1.0,1.0,0.0,0.0,0.0,0,0,0,0,0,0,0,0.0000,3,1,0,0,2,0,1,0,1,1.0,1.0,0.0,0.0,0.0,0,0,0,0,0,0,0.0000,2,6,1,5,1,2,6,6,12,26,0,2,no,no
7,3,1,0,1,2,1,2,3.0,3.0,4.754887502163469,0.5,2.3774437510817346,0,0,0,0,0,0,0,0.0000,7,1,0,0,3,1,2,1,2,3.0,3.0,4.754887502163469,0.5,2.3774437510817346,0,0,0,0,0,0,0.0000,2,3,1,2,1,2,1,1,2,2,0,2,yes,no
18,8,3,0,2,4,5,8,6.0,13.0,33.60451250937503,2.0,67.20902501875005,0,0,0,0,0,0,0,0.0000,18,3,0,0,8,2,4,5,8,6.0,13.0,33.60451250937503,2.0,67.20902501875005,0,0,0,0,0,0,0.0000,0,1,0,1,0,1,0,0,0,39,0,2,no,no
7,4,2,0,0,2,0,2,2.0,2.0,2.0,0.0,0.0,0,0,0,0,0,0,0,0.0000,7,2,0,0,4,0,2,0,2,2.0,2.0,2.0,0.0,0.0,0,0,0,0,0,0,0.0000,0,2,0,2,0,2,0,0,0,3,0,2,no,no
13,3,1,0,1,2,2,2,3.0,4.0,6.339850002884625,0.5,3.1699250014423126,0,0,0,0,0,0,0,0.0000,13,1,0,0,3,1,2,2,2,3.0,4.0,6.339850002884625,0.5,3.1699250014423126,0,0,0,0,0,0,0.0000,0,1,0,1,0,1,0,0,0,3,0,2,no,no
6,4,2,0,0,2,0,3,2.0,3.0,3.0,0.0,0.0,0,0,0,0,0,0,0,0.0000,6,2,0,0,4,0,2,0,3,2.0,3.0,3.0,0.0,0.0,0,0,0,0,0,0,0.0000,0,1,0,1,0,1,0,0,0,0,0,2,no,no
12,3,1,0,1,2,2,2,3.0,4.0,6.339850002884625,0.5,3.1699250014423126,0,0,0,0,0,0,0,0.0000,12,1,0,0,3,1,2,2,2,3.0,4.0,6.339850002884625,0.5,3.1699250014423126,0,0,0,0,0,0,0.0000,0,1,0,1,0,1,0,0,0,3,0,2,no,no
6,0,2,0,0,0,0,0,0.0,0.0,0.0,0.0,0.0,0,0,0,0,0,0,0,0.0000,6,2,0,0,0,0,0,0,0,0.0,0.0,0.0,0.0,0.0,0,0,0,0,0,0,0.0000,0,1,0,1,0,1,0,0,0,0,0,2,no,no
6,2,1,0,0,1,0,1,1.0,1.0,0.0,0.0,0.0,0,0,0,0,0,0,0,0.0000,6,1,0,0,2,0,1,0,1,1.0,1.0,0.0,0.0,0.0,0,0,0,0,0,0,0.0000,0,4,0,4,0,2,0,0,0,280,0,2,no,no
4,4,2,0,0,2,0,2,2.0,2.0,2.0,0.0,0.0,0,0,0,0,0,0,0,0.0000,4,2,0,0,4,0,2,0,2,2.0,2.0,2.0,0.0,0.0,0,0,0,0,0,0,0.0000,0,1,0,1,0,1,0,0,0,0,0,2,no,no
27,0,0,0,0,0,0,0,0.0,0.0,0.0,0.0,0.0,0,0,0,0,0,0,0,0.0000,27,0,0,0,0,0,0,0,0,0.0,0.0,0.0,0.0,0.0,0,0,0,0,0,0,0.0000,0,3,0,3,0,2,0,0,0,227,0,2,no,no
5,2,1,0,1,2,1,2,3.0,3.0,4.754887502163469,0.5,2.3774437510817346,0,0,0,0,0,0,0,0.0000,5,1,0,0,2,1,2,1,2,3.0,3.0,4.754887502163469,0.5,2.3774437510817346,0,0,0,0,0,0,0.0000,2,6,1,5,1,2,6,6,12,26,0,2,no,no
14,0,4,0,0,0,0,0,0.0,0.0,0.0,0.0,0.0,0,0,0,0,0,0,0,0.0000,14,4,0,0,0,0,0,0,0,0.0,0.0,0.0,0.0,0.0,0,0,0,0,0,0,0.0000,0,2,0,2,0,2,0,0,0,3,0,2,no,no
10,4,2,0,0,1,0,2,1.0,2.0,0.0,0.0,0.0,0,0,0,0,0,0,0,0.0000,10,2,0,0,4,0,1,0,2,1.0,2.0,0.0,0.0,0.0,0,0,0,0,0,0,0.0000,0,3,0,3,0,2,0,0,0,370,0,2,no,no
11,0,2,0,0,0,0,0,0.0,0.0,0.0,0.0,0.0,0,0,0,0,0,0,0,0.0000,11,2,0,0,0,0,0,0,0,0.0,0.0,0.0,0.0,0.0,0,0,0,0,0,0,0.0000,0,1,0,1,0,1,0,0,0,0,0,2,no,no
1,0,0,0,0,0,0,0,0.0,0.0,0.0,0.0,0.0,0,0,0,0,0,0,0,0.0000,1,0,0,0,0,0,0,0,0,0.0,0.0,0.0,0.0,0.0,0,0,0,0,0,0,0.0000,0,1,0,1,0,1,0,0,0,0,0,2,no,no
17,9,5,0,2,4,2,11,6.0,13.0,33.60451250937503,2.75,92.41240940078133,0,0,0,0,0,0,0,0.0000,17,5,0,0,9,2,4,2,11,6.0,13.0,33.60451250937503,2.75,92.41240940078133,0,0,0,0,0,0,0.0000,0,1,0,1,0,1,0,0,0,2,0,2,yes,yes
9,0,2,0,0,0,0,0,0.0,0.0,0.0,0.0,0.0,0,0,0,0,0,0,0,0.0000,9,2,0,0,0,0,0,0,0,0.0,0.0,0.0,0.0,0.0,0,0,0,0,0,0,0.0000,0,1,0,1,0,1,0,0,0,0,0,2,no,no
6,2,1,0,1,2,1,2,3.0,3.0,4.754887502163469,0.5,2.3774437510817346,0,0,0,0,0,0,0,0.0000,6,1,0,0,2,1,2,1,2,3.0,3.0,4.754887502163469,0.5,2.3774437510817346,0,0,0,0,0,0,0.0000,2,6,1,5,1,2,6,6,12,26,0,2,no,no
7,0,0,0,0,0,0,0,0.0,0.0,0.0,0.0,0.0,0,0,0,0,0,0,0,0.0000,7,0,0,0,0,0,0,0,0,0.0,0.0,0.0,0.0,0.0,0,0,0,0,0,0,0.0000,0,1,0,1,0,1,0,0,0,0,0,2,no,no
23,2,6,0,0,1,0,1,1.0,1.0,0.0,0.0,0.0,0,0,0,0,0,0,0,0.0000,23,6,0,0,2,0,1,0,1,1.0,1.0,0.0,0.0,0.0,0,0,0,0,0,0,0.0000,0,1,0,1,0,1,0,0,0,0,0,2,no,no
3,0,1,0,0,0,0,0,0.0,0.0,0.0,0.0,0.0,0,0,0,0,0,0,0,0.0000,3,1,0,0,0,0,0,0,0,0.0,0.0,0.0,0.0,0.0,0,0,0,0,0,0,0.0000,0,1,0,1,0,1,0,0,0,0,0,2,no,no
7,1,1,0,0,1,0,1,1.0,1.0,0.0,0.0,0.0,0,0,0,0,0,0,0,0.0000,7,1,0,0,1,0,1,0,1,1.0,1.0,0.0,0.0,0.0,0,0,0,0,0,0,0.0000,0,4,0,4,0,2,0,0,0,65,0,2,no,no
4,0,1,0,0,0,0,0,0.0,0.0,0.0,0.0,0.0,0,0,0,0,0,0,0,0.0000,4,1,0,0,0,0,0,0,0,0.0,0.0,0.0,0.0,0.0,0,0,0,0,0,0,0.0000,0,1,0,1,0,1,0,0,0,0,0,2,no,no
5,2,1,0,0,1,0,1,1.0,1.0,0.0,0.0,0.0,0,0,0,0,0,0,0,0.0000,5,1,0,0,2,0,1,0,1,1.0,1.0,0.0,0.0,0.0,0,0,0,0,0,0,0.0000,0,1,0,1,0,1,0,0,0,0,0,2,no,no
14,0,4,0,0,0,0,0,0.0,0.0,0.0,0.0,0.0,0,0,0,0,0,0,0,0.0000,14,4,0,0,0,0,0,0,0,0.0,0.0,0.0,0.0,0.0,0,0,0,0,0,0,0.0000,0,1,0,1,0,1,0,0,0,0,0,2,no,no
7,0,1,0,0,0,0,0,0.0,0.0,0.0,0.0,0.0,0,0,0,0,0,0,0,0.0000,7,1,0,0,0,0,0,0,0,0.0,0.0,0.0,0.0,0.0,0,0,0,0,0,0,0.0000,0,1,0,1,0,1,0,0,0,0,0,2,no,no
3,2,1,0,0,1,0,1,1.0,1.0,0.0,0.0,0.0,0,0,0,0,0,0,0,0.0000,3,1,0,0,2,0,1,0,1,1.0,1.0,0.0,0.0,0.0,0,0,0,0,0,0,0.0000,2,6,1,5,1,2,6,6,12,26,0,2,no,no
24,0,3,0,0,0,0,0,0.0,0.0,0.0,0.0,0.0,0,0,0,0,0,0,0,0.0000,24,3,0,0,0,0,0,0,0,0.0,0.0,0.0,0.0,0.0,0,0,0,0,0,0,0.0000,0,1,0,1,0,1,0,0,0,0,0,2,no,no
5,2,1,0,0,5,0,5,5.0,5.0,11.60964047443681,0.0,0.0,0,0,0,0,0,0,0,0.0000,5,1,0,0,2,0,5,0,5,5.0,5.0,11.60964047443681,0.0,0.0,0,0,0,0,0,0,0.0000,0,2,0,2,0,2,0,0,0,2,0,2,no,no
13,0,1,0,0,0,0,0,0.0,0.0,0.0,0.0,0.0,0,0,0,0,0,0,0,0.0000,13,1,0,0,0,0,0,0,0,0.0,0.0,0.0,0.0,0.0,0,0,0,0,0,0,0.0000,0,1,0,1,0,1,0,0,0,0,0,2,no,no
9,0,2,0,0,0,0,0,0.0,0.0,0.0,0.0,0.0,0,0,0,0,0,0,0,0.0000,9,2,0,0,0,0,0,0,0,0.0,0.0,0.0,0.0,0.0,0,0,0,0,0,0,0.0000,0,1,0,1,0,1,0,0,0,0,0,2,no,no
6,2,1,0,1,1,1,1,2.0,2.0,2.0,0.5,1.0,0,0,0,0,0,0,0,0.0000,6,1,0,0,2,1,1,1,1,2.0,2.0,2.0,0.5,1.0,0,0,0,0,0,0,0.0000,2,3,1,2,1,2,1,1,2,2,0,2,yes,no
3,2,1,0,0,1,0,1,1.0,1.0,0.0,0.0,0.0,0,0,0,0,0,0,0,0.0000,3,1,0,0,2,0,1,0,1,1.0,1.0,0.0,0.0,0.0,0,0,0,0,0,0,0.0000,2,6,1,5,1,2,6,6,12,26,0,2,no,no
17,5,2,0,1,3,1,3,4.0,4.0,8.0,0.5,4.0,0,0,0,0,0,0,0,0.0000,17,2,0,0,5,1,3,1,3,4.0,4.0,8.0,0.5,4.0,0,0,0,0,0,0,0.0000,2,3,1,2,1,2,1,1,2,2,0,2,yes,no
19,5,2,0,2,4,2,4,6.0,6.0,15.509775004326936,1.0,15.509775004326936,0,0,0,0,0,0,0,0.0000,19,2,0,0,5,2,4,2,4,6.0,6.0,15.509775004326936,1.0,15.509775004326936,0,0,0,0,0,0,0.0000,0,3,0,3,0,2,0,0,0,35,0,2,yes,yes
3,0,1,0,0,0,0,0,0.0,0.0,0.0,0.0,0.0,0,0,0,0,0,0,0,0.0000,3,1,0,0,0,0,0,0,0,0.0,0.0,0.0,0.0,0.0,0,0,0,0,0,0,0.0000,0,1,0,1,0,1,0,0,0,0,0,2,no,no
8,3,1,0,1,2,2,2,3.0,4.0,6.339850002884625,0.5,3.1699250014423126,0,0,0,0,0,0,0,0.0000,8,1,0,0,3,1,2,2,2,3.0,4.0,6.339850002884625,0.5,3.1699250014423126,0,0,0,0,0,0,0.0000,2,3,1,2,1,2,1,1,2,2,0,2,yes,no
7,4,2,0,0,2,0,2,2.0,2.0,2.0,0.0,0.0,0,0,0,0,0,0,0,0.0000,7,2,0,0,4,0,2,0,2,2.0,2.0,2.0,0.0,0.0,0,0,0,0,0,0,0.0000,0,2,0,2,0,2,0,0,0,3,0,2,no,no
8,3,1,0,1,2,2,2,3.0,4.0,6.339850002884625,0.5,3.1699250014423126,0,0,0,0,0,0,0,0.0000,8,1,0,0,3,1,2,2,2,3.0,4.0,6.339850002884625,0.5,3.1699250014423126,0,0,0,0,0,0,0.0000,0,1,0,1,0,1,0,0,0,0,0,2,no,no
28,0,4,0,0,3,0,3,3.0,3.0,4.754887502163469,0.0,0.0,0,0,0,0,0,0,0,0.0000,28,4,0,0,0,0,3,0,3,3.0,3.0,4.754887502163469,0.0,0.0,0,0,0,0,0,0,0.0000,0,1,0,1,0,1,0,0,0,0,0,2,no,no
24,10,2,0,1,10,2,16,11.0,18.0,62.26976913547136,0.8,49.81581530837709,0,0,0,0,0,0,0,0.0000,24,2,0,0,10,1,10,2,16,11.0,18.0,62.26976913547136,0.8,49.81581530837709,0,0,0,0,0,0,0.0000,0,1,0,1,0,1,0,0,0,0,0,2,no,no
4,0,1,0,0,0,0,0,0.0,0.0,0.0,0.0,0.0,0,0,0,0,0,0,0,0.0000,4,1,0,0,0,0,0,0,0,0.0,0.0,0.0,0.0,0.0,0,0,0,0,0,0,0.0000,0,2,0,2,0,2,0,0,0,2,0,2,no,no
3,2,1,0,0,1,0,1,1.0,1.0,0.0,0.0,0.0,0,0,0,0,0,0,0,0.0000,3,1,0,0,2,0,1,0,1,1.0,1.0,0.0,0.0,0.0,0,0,0,0,0,0,0.0000,2,6,1,5,1,2,6,6,12,26,0,2,no,no
11,0,2,0,0,0,0,0,0.0,0.0,0.0,0.0,0.0,0,0,0,0,0,0,0,0.0000,11,2,0,0,0,0,0,0,0,0.0,0.0,0.0,0.0,0.0,0,0,0,0,0,0,0.0000,0,1,0,1,0,1,0,0,0,0,0,2,no,no
6,2,1,0,0,1,0,1,1.0,1.0,0.0,0.0,0.0,0,0,0,0,0,0,0,0.0000,6,1,0,0,2,0,1,0,1,1.0,1.0,0.0,0.0,0.0,0,0,0,0,0,0,0.0000,0,1,0,1,0,1,0,0,0,0,0,2,no,no
4,0,0,0,0,0,0,0,0.0,0.0,0.0,0.0,0.0,0,0,0,0,0,0,0,0.0000,4,0,0,0,0,0,0,0,0,0.0,0.0,0.0,0.0,0.0,0,0,0,0,0,0,0.0000,0,1,0,1,0,1,0,0,0,0,0,2,no,no
11,5,2,0,1,7,2,9,8.0,11.0,33.0,0.6428571428571429,21.214285714285715,0,0,0,0,0,0,0,0.0000,11,2,0,0,5,1,7,2,9,8.0,11.0,33.0,0.6428571428571429,21.214285714285715,0,0,0,0,0,0,0.0000,0,4,0,4,0,2,0,0,0,142,0,2,no,no
17,8,3,1,2,6,2,9,8.0,11.0,33.0,1.5,49.5,1,0,0,0,0,0,0,0.0000,17,3,1,0,8,2,6,2,9,8.0,11.0,33.0,1.5,49.5,1,0,0,0,0,0,0.0000,0,3,0,3,0,2,0,0,0,9,0,3,no,no
3,2,1,0,0,1,0,1,1.0,1.0,0.0,0.0,0.0,0,0,0,0,0,0,0,0.0000,3,1,0,0,2,0,1,0,1,1.0,1.0,0.0,0.0,0.0,0,0,0,0,0,0,0.0000,1,7,1,6,1,2,21,0,21,47,0,3,no,no
51,7,7,0,0,0,0,0,0.0,0.0,0.0,0.0,0.0,0,0,0,0,0,0,0,0.0000,51,7,0,0,7,0,0,0,0,0.0,0.0,0.0,0.0,0.0,0,0,0,0,0,0,0.0000,0,1,0,1,0,1,0,0,0,0,0,3,no,no
12,4,2,0,1,1,1,2,2.0,3.0,3.0,1.0,3.0,0,0,0,0,0,0,0,0.0000,12,2,0,0,4,1,1,1,2,2.0,3.0,3.0,1.0,3.0,0,0,0,0,0,0,0.0000,0,1,0,1,0,1,0,0,0,0,0,3,no,no
16,0,0,0,0,0,0,0,0.0,0.0,0.0,0.0,0.0,0,0,0,0,0,0,0,0.0000,16,0,0,0,0,0,0,0,0,0.0,0.0,0.0,0.0,0.0,0,0,0,0,0,0,0.0000,0,3,0,2,0,2,0,0,0,2,0,3,no,no
10,0,2,0,0,0,0,0,0.0,0.0,0.0,0.0,0.0,0,0,0,0,0,0,0,0.0000,10,2,0,0,0,0,0,0,0,0.0,0.0,0.0,0.0,0.0,0,0,0,0,0,0,0.0000,0,1,0,1,0,1,0,0,0,0,0,3,no,no
23,0,5,0,0,0,0,0,0.0,0.0,0.0,0.0,0.0,0,0,0,0,0,0,0,0.0000,23,5,0,0,0,0,0,0,0,0.0,0.0,0.0,0.0,0.0,0,0,0,0,0,0,0.0000,0,1,0,1,0,1,0,0,0,0,0,3,no,no
1,0,0,0,0,0,0,0,0.0,0.0,0.0,0.0,0.0,0,0,0,0,0,0,0,0.0000,1,0,0,0,0,0,0,0,0,0.0,0.0,0.0,0.0,0.0,0,0,0,0,0,0,0.0000,0,2,0,2,0,1,0,0,0,6,0,3,no,no
18,6,3,0,1,5,1,5,6.0,6.0,15.509775004326936,0.5,7.754887502163468,0,0,0,0,0,0,0,0.0000,18,3,0,0,6,1,5,1,5,6.0,6.0,15.509775004326936,0.5,7.754887502163468,0,0,0,0,0,0,0.0000,0,2,0,2,0,1,0,0,0,6,0,3,no,no
3,2,1,0,0,1,0,1,1.0,1.0,0.0,0.0,0.0,0,0,0,0,0,0,0,0.0000,3,1,0,0,2,0,1,0,1,1.0,1.0,0.0,0.0,0.0,0,0,0,0,0,0,0.0000,1,7,1,6,1,2,21,0,21,47,0,3,no,no
3,2,1,0,0,1,0,1,1.0,1.0,0.0,0.0,0.0,0,0,0,0,0,0,0,0.0000,3,1,0,0,2,0,1,0,1,1.0,1.0,0.0,0.0,0.0,0,0,0,0,0,0,0.0000,1,7,1,6,1,2,21,0,21,47,0,3,no,no
28,12,6,0,1,2,4,6,3.0,10.0,15.849625007211563,1.5,23.774437510817343,0,0,0,0,0,0,0,0.0000,28,6,0,0,12,1,2,4,6,3.0,10.0,15.849625007211563,1.5,23.774437510817343,0,0,0,0,0,0,0.0000,0,1,0,1,0,1,0,0,0,0,0,3,no,no
3,2,1,0,0,1,0,1,1.0,1.0,0.0,0.0,0.0,0,0,0,0,0,0,0,0.0000,3,1,0,0,2,0,1,0,1,1.0,1.0,0.0,0.0,0.0,0,0,0,0,0,0,0.0000,1,7,1,6,1,2,21,0,21,47,0,3,no,no
18,1,1,0,2,13,2,14,15.0,16.0,62.5102495297363,1.0769230769230769,67.31873026279294,0,0,0,0,0,0,0,0.0000,18,1,0,0,1,2,13,2,14,15.0,16.0,62.5102495297363,1.0833333333333333,67.31873026279294,0,0,0,0,0,0,0.0000,0,4,0,3,0,2,0,0,0,6,0,3,no,no
27,0,5,0,0,0,0,0,0.0,0.0,0.0,0.0,0.0,0,0,0,0,0,0,0,0.0000,27,5,0,0,0,0,0,0,0,0.0,0.0,0.0,0.0,0.0,0,0,0,0,0,0,0.0000,0,1,0,1,0,1,0,0,0,0,0,3,no,no
7,0,0,0,0,0,0,0,0.0,0.0,0.0,0.0,0.0,0,0,0,0,0,0,0,0.0000,7,0,0,0,0,0,0,0,0,0.0,0.0,0.0,0.0,0.0,0,0,0,0,0,0,0.0000,0,1,0,1,0,1,0,0,0,0,0,3,no,no
7,6,3,0,0,2,0,4,2.0,4.0,4.0,0.0,0.0,0,0,0,0,0,0,0,0.0000,7,3,0,0,6,0,2,0,4,2.0,4.0,4.0,0.0,0.0,0,0,0,0,0,0,0.0000,0,1,0,1,0,1,0,0,0,0,0,3,no,no
3,0,1,0,0,0,0,0,0.0,0.0,0.0,0.0,0.0,0,0,0,0,0,0,0,0.0000,3,1,0,0,0,0,0,0,0,0.0,0.0,0.0,0.0,0.0,0,0,0,0,0,0,0.0000,0,1,0,1,0,1,0,0,0,0,0,3,no,no
2,0,0,0,0,0,0,0,0.0,0.0,0.0,0.0,0.0,0,0,0,0,0,0,0,0.0000,2,0,0,0,0,0,0,0,0,0.0,0.0,0.0,0.0,0.0,0,0,0,0,0,0,0.0000,0,1,0,1,0,1,0,0,0,0,0,3,no,no
19,11,6,0,1,3,3,6,4.0,9.0,18.0,1.0,18.0,0,0,0,0,0,0,0,0.0000,19,6,0,0,11,1,3,3,6,4.0,9.0,18.0,1.0,18.0,0,0,0,0,0,0,0.0000,0,1,0,1,0,1,0,0,0,0,0,3,no,no
2,0,0,0,0,0,0,0,0.0,0.0,0.0,0.0,0.0,0,0,0,0,0,0,0,0.0000,2,0,0,0,0,0,0,0,0,0.0,0.0,0.0,0.0,0.0,0,0,0,0,0,0,0.0000,0,3,0,2,0,2,0,0,0,2,0,3,no,no
4,0,0,0,0,0,0,0,0.0,0.0,0.0,0.0,0.0,0,0,0,0,0,0,0,0.0000,4,0,0,0,0,0,0,0,0,0.0,0.0,0.0,0.0,0.0,0,0,0,0,0,0,0.0000,0,1,0,1,0,1,0,0,0,0,0,3,no,no
7,1,3,0,0,0,0,0,0.0,0.0,0.0,0.0,0.0,0,0,0,0,0,0,0,0.0000,7,3,0,0,1,0,0,0,0,0.0,0.0,0.0,0.0,0.0,0,0,0,0,0,0,0.0000,0,2,0,2,0,2,0,0,0,207,0,3,no,no
1,0,0,0,0,0,0,0,0.0,0.0,0.0,0.0,0.0,0,0,0,0,0,0,0,0.0000,1,0,0,0,0,0,0,0,0,0.0,0.0,0.0,0.0,0.0,0,0,0,0,0,0,0.0000,0,4,0,3,0,2,0,0,0,39,0,3,no,no
9,2,1,0,0,4,0,5,4.0,5.0,10.0,0.0,0.0,0,0,0,0,0,0,0,0.0000,9,1,0,0,2,0,4,0,5,4.0,5.0,10.0,0.0,0.0,0,0,0,0,0,0,0.0000,0,1,0,1,0,1,0,0,0,0,0,3,no,no
3,2,1,0,0,1,0,1,1.0,1.0,0.0,0.0,0.0,0,0,0,0,0,0,0,0.0000,3,1,0,0,2,0,1,0,1,1.0,1.0,0.0,0.0,0.0,0,0,0,0,0,0,0.0000,1,7,1,6,1,2,21,0,21,47,0,3,no,no
13,0,2,0,0,0,0,0,0.0,0.0,0.0,0.0,0.0,0,0,0,0,0,0,0,0.0000,13,2,0,0,0,0,0,0,0,0.0,0.0,0.0,0.0,0.0,0,0,0,0,0,0,0.0000,1,1,1,1,1,1,39,0,39,39,0,1,no,no
7,3,1,0,1,2,1,2,3.0,3.0,4.754887502163469,0.5,2.3774437510817346,0,0,0,0,0,0,0,0.0000,7,1,0,0,3,1,2,1,2,3.0,3.0,4.754887502163469,0.5,2.3774437510817346,0,0,0,0,0,0,0.0000,0,3,0,2,0,2,0,0,0,2,0,3,no,no
18,8,3,0,2,4,5,8,6.0,13.0,33.60451250937503,2.0,67.20902501875005,0,0,0,0,0,0,0,0.0000,18,3,0,0,8,2,4,5,8,6.0,13.0,33.60451250937503,2.0,67.20902501875005,0,0,0,0,0,0,0.0000,0,1,0,1,0,1,0,0,0,39,0,3,no,no
7,4,2,0,0,2,0,2,2.0,2.0,2.0,0.0,0.0,0,0,0,0,0,0,0,0.0000,7,2,0,0,4,0,2,0,2,2.0,2.0,2.0,0.0,0.0,0,0,0,0,0,0,0.0000,0,2,0,2,0,2,0,0,0,3,0,3,no,no
13,3,1,0,1,2,2,2,3.0,4.0,6.339850002884625,0.5,3.1699250014423126,0,0,0,0,0,0,0,0.0000,13,1,0,0,3,1,2,2,2,3.0,4.0,6.339850002884625,0.5,3.1699250014423126,0,0,0,0,0,0,0.0000,0,1,0,1,0,1,0,0,0,3,0,3,no,no
6,4,2,0,0,2,0,3,2.0,3.0,3.0,0.0,0.0,0,0,0,0,0,0,0,0.0000,6,2,0,0,4,0,2,0,3,2.0,3.0,3.0,0.0,0.0,0,0,0,0,0,0,0.0000,0,1,0,1,0,1,0,0,0,0,0,3,no,no
12,3,1,0,1,2,2,2,3.0,4.0,6.339850002884625,0.5,3.1699250014423126,0,0,0,0,0,0,0,0.0000,12,1,0,0,3,1,2,2,2,3.0,4.0,6.339850002884625,0.5,3.1699250014423126,0,0,0,0,0,0,0.0000,0,1,0,1,0,1,0,0,0,3,0,3,no,no
6,0,2,0,0,0,0,0,0.0,0.0,0.0,0.0,0.0,0,0,0,0,0,0,0,0.0000,6,2,0,0,0,0,0,0,0,0.0,0.0,0.0,0.0,0.0,0,0,0,0,0,0,0.0000,0,1,0,1,0,1,0,0,0,0,0,3,no,no
6,2,1,0,0,1,0,1,1.0,1.0,0.0,0.0,0.0,0,0,0,0,0,0,0,0.0000,6,1,0,0,2,0,1,0,1,1.0,1.0,0.0,0.0,0.0,0,0,0,0,0,0,0.0000,0,4,0,4,0,2,0,0,0,280,0,3,no,no
4,4,2,0,0,2,0,2,2.0,2.0,2.0,0.0,0.0,0,0,0,0,0,0,0,0.0000,4,2,0,0,4,0,2,0,2,2.0,2.0,2.0,0.0,0.0,0,0,0,0,0,0,0.0000,0,1,0,1,0,1,0,0,0,0,0,3,no,no
27,0,0,0,0,0,0,0,0.0,0.0,0.0,0.0,0.0,0,0,0,0,0,0,0,0.0000,27,0,0,0,0,0,0,0,0,0.0,0.0,0.0,0.0,0.0,0,0,0,0,0,0,0.0000,0,3,0,3,0,2,0,0,0,227,0,3,no,no
5,2,1,0,1,2,1,2,3.0,3.0,4.754887502163469,0.5,2.3774437510817346,0,0,0,0,0,0,0,0.0000,5,1,0,0,2,1,2,1,2,3.0,3.0,4.754887502163469,0.5,2.3774437510817346,0,0,0,0,0,0,0.0000,1,7,1,6,1,2,21,0,21,47,0,3,no,no
14,0,4,0,0,0,0,0,0.0,0.0,0.0,0.0,0.0,0,0,0,0,0,0,0,0.0000,14,4,0,0,0,0,0,0,0,0.0,0.0,0.0,0.0,0.0,0,0,0,0,0,0,0.0000,0,2,0,2,0,2,0,0,0,3,0,3,no,no
10,4,2,0,0,1,0,2,1.0,2.0,0.0,0.0,0.0,0,0,0,0,0,0,0,0.0000,10,2,0,0,4,0,1,0,2,1.0,2.0,0.0,0.0,0.0,0,0,0,0,0,0,0.0000,0,3,0,3,0,2,0,0,0,370,0,3,no,no
11,0,2,0,0,0,0,0,0.0,0.0,0.0,0.0,0.0,0,0,0,0,0,0,0,0.0000,11,2,0,0,0,0,0,0,0,0.0,0.0,0.0,0.0,0.0,0,0,0,0,0,0,0.0000,0,1,0,1,0,1,0,0,0,0,0,3,no,no
1,0,0,0,0,0,0,0,0.0,0.0,0.0,0.0,0.0,0,0,0,0,0,0,0,0.0000,1,0,0,0,0,0,0,0,0,0.0,0.0,0.0,0.0,0.0,0,0,0,0,0,0,0.0000,0,1,0,1,0,1,0,0,0,0,0,3,no,no
17,9,5,0,2,4,2,11,6.0,13.0,33.60451250937503,2.75,92.41240940078133,0,0,0,0,0,0,0,0.0000,17,5,0,0,9,2,4,2,11,6.0,13.0,33.60451250937503,2.75,92.41240940078133,0,0,0,0,0,0,0.0000,0,1,0,1,0,1,0,0,0,2,0,3,yes,yes
9,0,2,0,0,0,0,0,0.0,0.0,0.0,0.0,0.0,0,0,0,0,0,0,0,0.0000,9,2,0,0,0,0,0,0,0,0.0,0.0,0.0,0.0,0.0,0,0,0,0,0,0,0.0000,0,1,0,1,0,1,0,0,0,0,0,3,no,no
6,2,1,0,1,2,1,2,3.0,3.0,4.754887502163469,0.5,2.3774437510817346,0,0,0,0,0,0,0,0.0000,6,1,0,0,2,1,2,1,2,3.0,3.0,4.754887502163469,0.5,2.3774437510817346,0,0,0,0,0,0,0.0000,1,7,1,6,1,2,21,0,21,47,0,3,no,no
7,0,0,0,0,0,0,0,0.0,0.0,0.0,0.0,0.0,0,0,0,0,0,0,0,0.0000,7,0,0,0,0,0,0,0,0,0.0,0.0,0.0,0.0,0.0,0,0,0,0,0,0,0.0000,0,1,0,1,0,1,0,0,0,0,0,3,no,no
23,2,6,0,0,1,0,1,1.0,1.0,0.0,0.0,0.0,0,0,0,0,0,0,0,0.0000,23,6,0,0,2,0,1,0,1,1.0,1.0,0.0,0.0,0.0,0,0,0,0,0,0,0.0000,0,1,0,1,0,1,0,0,0,0,0,3,no,no
3,0,1,0,0,0,0,0,0.0,0.0,0.0,0.0,0.0,0,0,0,0,0,0,0,0.0000,3,1,0,0,0,0,0,0,0,0.0,0.0,0.0,0.0,0.0,0,0,0,0,0,0,0.0000,0,1,0,1,0,1,0,0,0,0,0,3,no,no
7,1,1,0,0,1,0,1,1.0,1.0,0.0,0.0,0.0,0,0,0,0,0,0,0,0.0000,7,1,0,0,1,0,1,0,1,1.0,1.0,0.0,0.0,0.0,0,0,0,0,0,0,0.0000,1,5,1,5,1,2,1,1,2,67,0,3,no,no
4,0,1,0,0,0,0,0,0.0,0.0,0.0,0.0,0.0,0,0,0,0,0,0,0,0.0000,4,1,0,0,0,0,0,0,0,0.0,0.0,0.0,0.0,0.0,0,0,0,0,0,0,0.0000,0,1,0,1,0,1,0,0,0,0,0,3,no,no
5,2,1,0,0,1,0,1,1.0,1.0,0.0,0.0,0.0,0,0,0,0,0,0,0,0.0000,5,1,0,0,2,0,1,0,1,1.0,1.0,0.0,0.0,0.0,0,0,0,0,0,0,0.0000,0,1,0,1,0,1,0,0,0,0,0,3,no,no
14,0,4,0,0,0,0,0,0.0,0.0,0.0,0.0,0.0,0,0,0,0,0,0,0,0.0000,14,4,0,0,0,0,0,0,0,0.0,0.0,0.0,0.0,0.0,0,0,0,0,0,0,0.0000,0,1,0,1,0,1,0,0,0,0,0,3,no,no
7,0,1,0,0,0,0,0,0.0,0.0,0.0,0.0,0.0,0,0,0,0,0,0,0,0.0000,7,1,0,0,0,0,0,0,0,0.0,0.0,0.0,0.0,0.0,0,0,0,0,0,0,0.0000,0,1,0,1,0,1,0,0,0,0,0,3,no,no
3,2,1,0,0,1,0,1,1.0,1.0,0.0,0.0,0.0,0,0,0,0,0,0,0,0.0000,3,1,0,0,2,0,1,0,1,1.0,1.0,0.0,0.0,0.0,0,0,0,0,0,0,0.0000,1,7,1,6,1,2,21,0,21,47,0,3,no,no
24,0,3,0,0,0,0,0,0.0,0.0,0.0,0.0,0.0,0,0,0,0,0,0,0,0.0000,24,3,0,0,0,0,0,0,0,0.0,0.0,0.0,0.0,0.0,0,0,0,0,0,0,0.0000,0,1,0,1,0,1,0,0,0,0,0,3,no,no
5,2,1,0,0,5,0,5,5.0,5.0,11.60964047443681,0.0,0.0,0,0,0,0,0,0,0,0.0000,5,1,0,0,2,0,5,0,5,5.0,5.0,11.60964047443681,0.0,0.0,0,0,0,0,0,0,0.0000,0,2,0,2,0,2,0,0,0,2,0,3,no,no
13,0,1,0,0,0,0,0,0.0,0.0,0.0,0.0,0.0,0,0,0,0,0,0,0,0.0000,13,1,0,0,0,0,0,0,0,0.0,0.0,0.0,0.0,0.0,0,0,0,0,0,0,0.0000,0,1,0,1,0,1,0,0,0,0,0,3,no,no
9,0,2,0,0,0,0,0,0.0,0.0,0.0,0.0,0.0,0,0,0,0,0,0,0,0.0000,9,2,0,0,0,0,0,0,0,0.0,0.0,0.0,0.0,0.0,0,0,0,0,0,0,0.0000,0,1,0,1,0,1,0,0,0,0,0,3,no,no
6,2,1,0,1,1,1,1,2.0,2.0,2.0,0.5,1.0,0,0,0,0,0,0,0,0.0000,6,1,0,0,2,1,1,1,1,2.0,2.0,2.0,0.5,1.0,0,0,0,0,0,0,0.0000,0,3,0,2,0,2,0,0,0,2,0,3,no,no
3,2,1,0,0,1,0,1,1.0,1.0,0.0,0.0,0.0,0,0,0,0,0,0,0,0.0000,3,1,0,0,2,0,1,0,1,1.0,1.0,0.0,0.0,0.0,0,0,0,0,0,0,0.0000,1,1,1,1,1,1,35,3,38,38,0,1,no,no
3,2,1,0,0,1,0,1,1.0,1.0,0.0,0.0,0.0,0,0,0,0,0,0,0,0.0000,3,1,0,0,2,0,1,0,1,1.0,1.0,0.0,0.0,0.0,0,0,0,0,0,0,0.0000,1,7,1,6,1,2,21,0,21,47,0,3,no,no
17,5,2,0,1,3,1,3,4.0,4.0,8.0,0.5,4.0,0,0,0,0,0,0,0,0.0000,17,2,0,0,5,1,3,1,3,4.0,4.0,8.0,0.5,4.0,0,0,0,0,0,0,0.0000,0,3,0,2,0,2,0,0,0,2,0,3,no,no
19,5,2,0,2,4,2,4,6.0,6.0,15.509775004326936,1.0,15.509775004326936,0,0,0,0,0,0,0,0.0000,19,2,0,0,5,2,4,2,4,6.0,6.0,15.509775004326936,1.0,15.509775004326936,0,0,0,0,0,0,0.0000,1,4,1,4,1,2,35,3,38,73,0,3,yes,no
3,0,1,0,0,0,0,0,0.0,0.0,0.0,0.0,0.0,0,0,0,0,0,0,0,0.0000,3,1,0,0,0,0,0,0,0,0.0,0.0,0.0,0.0,0.0,0,0,0,0,0,0,0.0000,0,1,0,1,0,1,0,0,0,0,0,3,no,no
8,3,1,0,1,2,2,2,3.0,4.0,6.339850002884625,0.5,3.1699250014423126,0,0,0,0,0,0,0,0.0000,8,1,0,0,3,1,2,2,2,3.0,4.0,6.339850002884625,0.5,3.1699250014423126,0,0,0,0,0,0,0.0000,0,3,0,2,0,2,0,0,0,2,0,3,no,no
7,4,2,0,0,2,0,2,2.0,2.0,2.0,0.0,0.0,0,0,0,0,0,0,0,0.0000,7,2,0,0,4,0,2,0,2,2.0,2.0,2.0,0.0,0.0,0,0,0,0,0,0,0.0000,0,2,0,2,0,2,0,0,0,3,0,3,no,no
8,3,1,0,1,2,2,2,3.0,4.0,6.339850002884625,0.5,3.1699250014423126,0,0,0,0,0,0,0,0.0000,8,1,0,0,3,1,2,2,2,3.0,4.0,6.339850002884625,0.5,3.1699250014423126,0,0,0,0,0,0,0.0000,0,1,0,1,0,1,0,0,0,0,0,3,no,no
28,0,4,0,0,3,0,3,3.0,3.0,4.754887502163469,0.0,0.0,0,0,0,0,0,0,0,0.0000,28,4,0,0,0,0,3,0,3,3.0,3.0,4.754887502163469,0.0,0.0,0,0,0,0,0,0,0.0000,0,1,0,1,0,1,0,0,0,0,0,3,no,no
24,10,2,0,1,10,2,16,11.0,18.0,62.26976913547136,0.8,49.81581530837709,0,0,0,0,0,0,0,0.0000,24,2,0,0,10,1,10,2,16,11.0,18.0,62.26976913547136,0.8,49.81581530837709,0,0,0,0,0,0,0.0000,0,1,0,1,0,1,0,0,0,0,0,3,no,no
4,0,1,0,0,0,0,0,0.0,0.0,0.0,0.0,0.0,0,0,0,0,0,0,0,0.0000,4,1,0,0,0,0,0,0,0,0.0,0.0,0.0,0.0,0.0,0,0,0,0,0,0,0.0000,0,2,0,2,0,2,0,0,0,2,0,3,no,no
6,2,1,0,0,0,0,0,0.0,0.0,0.0,0.0,0.0,0,0,0,0,0,0,0,0.0000,6,1,0,0,2,0,0,0,0,0.0,0.0,0.0,0.0,0.0,0,0,0,0,0,0,0.0000,1,1,1,1,1,1,21,30,51,51,0,1,no,no
3,2,1,0,0,1,0,1,1.0,1.0,0.0,0.0,0.0,0,0,0,0,0,0,0,0.0000,3,1,0,0,2,0,1,0,1,1.0,1.0,0.0,0.0,0.0,0,0,0,0,0,0,0.0000,1,7,1,6,1,2,21,0,21,47,0,3,no,no
11,0,2,0,0,0,0,0,0.0,0.0,0.0,0.0,0.0,0,0,0,0,0,0,0,0.0000,11,2,0,0,0,0,0,0,0,0.0,0.0,0.0,0.0,0.0,0,0,0,0,0,0,0.0000,0,1,0,1,0,1,0,0,0,0,0,3,no,no
6,2,1,0,0,1,0,1,1.0,1.0,0.0,0.0,0.0,0,0,0,0,0,0,0,0.0000,6,1,0,0,2,0,1,0,1,1.0,1.0,0.0,0.0,0.0,0,0,0,0,0,0,0.0000,0,1,0,1,0,1,0,0,0,0,0,3,no,no
4,0,0,0,0,0,0,0,0.0,0.0,0.0,0.0,0.0,0,0,0,0,0,0,0,0.0000,4,0,0,0,0,0,0,0,0,0.0,0.0,0.0,0.0,0.0,0,0,0,0,0,0,0.0000,0,1,0,1,0,1,0,0,0,0,0,3,no,no
11,5,2,0,1,7,2,9,8.0,11.0,33.0,0.6428571428571429,21.214285714285715,0,0,0,0,0,0,0,0.0000,11,2,0,0,5,1,7,2,9,8.0,11.0,33.0,0.6428571428571429,21.214285714285715,0,0,0,0,0,0,0.0000,0,4,0,4,0,2,0,0,0,142,0,3,no,no
17,8,3,1,2,6,2,9,8.0,11.0,33.0,1.5,49.5,1,0,0,0,0,0,0,0.0000,17,3,1,0,8,2,6,2,9,8.0,11.0,33.0,1.5,49.5,1,0,0,0,0,0,0.0000,0,3,0,3,0,2,0,0,0,9,0,4,no,no
3,2,1,0,0,1,0,1,1.0,1.0,0.0,0.0,0.0,0,0,0,0,0,0,0,0.0000,3,1,0,0,2,0,1,0,1,1.0,1.0,0.0,0.0,0.0,0,0,0,0,0,0,0.0000,1,8,1,7,1,2,77,21,98,145,0,4,no,no
51,7,7,0,0,0,0,0,0.0,0.0,0.0,0.0,0.0,0,0,0,0,0,0,0,0.0000,51,7,0,0,7,0,0,0,0,0.0,0.0,0.0,0.0,0.0,0,0,0,0,0,0,0.0000,0,1,0,1,0,1,0,0,0,0,0,4,no,no
12,4,2,0,1,1,1,2,2.0,3.0,3.0,1.0,3.0,0,0,0,0,0,0,0,0.0000,12,2,0,0,4,1,1,1,2,2.0,3.0,3.0,1.0,3.0,0,0,0,0,0,0,0.0000,0,1,0,1,0,1,0,0,0,0,0,4,no,no
16,0,0,0,0,0,0,0,0.0,0.0,0.0,0.0,0.0,0,0,0,0,0,0,0,0.0000,16,0,0,0,0,0,0,0,0,0.0,0.0,0.0,0.0,0.0,0,0,0,0,0,0,0.0000,0,3,0,2,0,2,0,0,0,2,0,4,no,no
10,0,2,0,0,0,0,0,0.0,0.0,0.0,0.0,0.0,0,0,0,0,0,0,0,0.0000,10,2,0,0,0,0,0,0,0,0.0,0.0,0.0,0.0,0.0,0,0,0,0,0,0,0.0000,0,1,0,1,0,1,0,0,0,0,0,4,no,no
23,0,5,0,0,0,0,0,0.0,0.0,0.0,0.0,0.0,0,0,0,0,0,0,0,0.0000,23,5,0,0,0,0,0,0,0,0.0,0.0,0.0,0.0,0.0,0,0,0,0,0,0,0.0000,0,1,0,1,0,1,0,0,0,0,0,4,no,no
1,0,0,0,0,0,0,0,0.0,0.0,0.0,0.0,0.0,0,0,0,0,0,0,0,0.0000,1,0,0,0,0,0,0,0,0,0.0,0.0,0.0,0.0,0.0,0,0,0,0,0,0,0.0000,0,2,0,2,0,1,0,0,0,6,0,4,no,no
18,6,3,0,1,5,1,5,6.0,6.0,15.509775004326936,0.5,7.754887502163468,0,0,0,0,0,0,0,0.0000,18,3,0,0,6,1,5,1,5,6.0,6.0,15.509775004326936,0.5,7.754887502163468,0,0,0,0,0,0,0.0000,0,2,0,2,0,1,0,0,0,6,0,4,no,no
3,2,1,0,0,1,0,1,1.0,1.0,0.0,0.0,0.0,0,0,0,0,0,0,0,0.0000,3,1,0,0,2,0,1,0,1,1.0,1.0,0.0,0.0,0.0,0,0,0,0,0,0,0.0000,1,8,1,7,1,2,77,21,98,145,0,4,no,no
3,2,1,0,0,1,0,1,1.0,1.0,0.0,0.0,0.0,0,0,0,0,0,0,0,0.0000,3,1,0,0,2,0,1,0,1,1.0,1.0,0.0,0.0,0.0,0,0,0,0,0,0,0.0000,1,8,1,7,1,2,77,21,98,145,0,4,no,no
28,12,6,0,1,2,4,6,3.0,10.0,15.849625007211563,1.5,23.774437510817343,0,0,0,0,0,0,0,0.0000,28,6,0,0,12,1,2,4,6,3.0,10.0,15.849625007211563,1.5,23.774437510817343,0,0,0,0,0,0,0.0000,0,1,0,1,0,1,0,0,0,0,0,4,no,no
3,2,1,0,0,1,0,1,1.0,1.0,0.0,0.0,0.0,0,0,0,0,0,0,0,0.0000,3,1,0,0,2,0,1,0,1,1.0,1.0,0.0,0.0,0.0,0,0,0,0,0,0,0.0000,1,8,1,7,1,2,77,21,98,145,0,4,no,no
18,1,1,0,2,13,2,14,15.0,16.0,62.5102495297363,1.0769230769230769,67.31873026279294,0,0,0,0,0,0,0,0.0000,18,1,0,0,1,2,13,2,14,15.0,16.0,62.5102495297363,1.0833333333333333,67.31873026279294,0,0,0,0,0,0,0.0000,0,4,0,3,0,2,0,0,0,6,0,4,no,no
27,0,5,0,0,0,0,0,0.0,0.0,0.0,0.0,0.0,0,0,0,0,0,0,0,0.0000,27,5,0,0,0,0,0,0,0,0.0,0.0,0.0,0.0,0.0,0,0,0,0,0,0,0.0000,0,1,0,1,0,1,0,0,0,0,0,4,no,no
7,0,0,0,0,0,0,0,0.0,0.0,0.0,0.0,0.0,0,0,0,0,0,0,0,0.0000,7,0,0,0,0,0,0,0,0,0.0,0.0,0.0,0.0,0.0,0,0,0,0,0,0,0.0000,0,1,0,1,0,1,0,0,0,0,0,4,no,no
7,6,3,0,0,2,0,4,2.0,4.0,4.0,0.0,0.0,0,0,0,0,0,0,0,0.0000,7,3,0,0,6,0,2,0,4,2.0,4.0,4.0,0.0,0.0,0,0,0,0,0,0,0.0000,0,1,0,1,0,1,0,0,0,0,0,4,no,no
3,0,1,0,0,0,0,0,0.0,0.0,0.0,0.0,0.0,0,0,0,0,0,0,0,0.0000,3,1,0,0,0,0,0,0,0,0.0,0.0,0.0,0.0,0.0,0,0,0,0,0,0,0.0000,0,1,0,1,0,1,0,0,0,0,0,4,no,no
2,0,0,0,0,0,0,0,0.0,0.0,0.0,0.0,0.0,0,0,0,0,0,0,0,0.0000,2,0,0,0,0,0,0,0,0,0.0,0.0,0.0,0.0,0.0,0,0,0,0,0,0,0.0000,0,1,0,1,0,1,0,0,0,0,0,4,no,no
19,11,6,0,1,3,3,6,4.0,9.0,18.0,1.0,18.0,0,0,0,0,0,0,0,0.0000,19,6,0,0,11,1,3,3,6,4.0,9.0,18.0,1.0,18.0,0,0,0,0,0,0,0.0000,0,1,0,1,0,1,0,0,0,0,0,4,no,no
2,0,0,0,0,0,0,0,0.0,0.0,0.0,0.0,0.0,0,0,0,0,0,0,0,0.0000,2,0,0,0,0,0,0,0,0,0.0,0.0,0.0,0.0,0.0,0,0,0,0,0,0,0.0000,0,3,0,2,0,2,0,0,0,2,0,4,no,no
4,0,0,0,0,0,0,0,0.0,0.0,0.0,0.0,0.0,0,0,0,0,0,0,0,0.0000,4,0,0,0,0,0,0,0,0,0.0,0.0,0.0,0.0,0.0,0,0,0,0,0,0,0.0000,0,1,0,1,0,1,0,0,0,0,0,4,no,no
7,1,3,0,0,0,0,0,0.0,0.0,0.0,0.0,0.0,0,0,0,0,0,0,0,0.0000,7,3,0,0,1,0,0,0,0,0.0,0.0,0.0,0.0,0.0,0,0,0,0,0,0,0.0000,0,2,0,2,0,2,0,0,0,207,0,4,no,no
1,0,0,0,0,0,0,0,0.0,0.0,0.0,0.0,0.0,0,0,0,0,0,0,0,0.0000,1,0,0,0,0,0,0,0,0,0.0,0.0,0.0,0.0,0.0,0,0,0,0,0,0,0.0000,0,4,0,3,0,2,0,0,0,39,0,4,no,no
9,2,1,0,0,4,0,5,4.0,5.0,10.0,0.0,0.0,0,0,0,0,0,0,0,0.0000,9,1,0,0,2,0,4,0,5,4.0,5.0,10.0,0.0,0.0,0,0,0,0,0,0,0.0000,0,1,0,1,0,1,0,0,0,0,0,4,no,no
3,2,1,0,0,1,0,1,1.0,1.0,0.0,0.0,0.0,0,0,0,0,0,0,0,0.0000,3,1,0,0,2,0,1,0,1,1.0,1.0,0.0,0.0,0.0,0,0,0,0,0,0,0.0000,1,8,1,7,1,2,77,21,98,145,0,4,no,no
13,0,2,0,0,0,0,0,0.0,0.0,0.0,0.0,0.0,0,0,0,0,0,0,0,0.0000,13,2,0,0,0,0,0,0,0,0.0,0.0,0.0,0.0,0.0,0,0,0,0,0,0,0.0000,0,1,0,1,0,1,0,0,0,39,0,2,no,no
7,3,1,0,1,2,1,2,3.0,3.0,4.754887502163469,0.5,2.3774437510817346,0,0,0,0,0,0,0,0.0000,7,1,0,0,3,1,2,1,2,3.0,3.0,4.754887502163469,0.5,2.3774437510817346,0,0,0,0,0,0,0.0000,0,3,0,2,0,2,0,0,0,2,0,4,no,no
18,8,3,0,2,4,5,8,6.0,13.0,33.60451250937503,2.0,67.20902501875005,0,0,0,0,0,0,0,0.0000,18,3,0,0,8,2,4,5,8,6.0,13.0,33.60451250937503,2.0,67.20902501875005,0,0,0,0,0,0,0.0000,0,1,0,1,0,1,0,0,0,39,0,4,no,no
7,4,2,0,0,2,0,2,2.0,2.0,2.0,0.0,0.0,0,0,0,0,0,0,0,0.0000,7,2,0,0,4,0,2,0,2,2.0,2.0,2.0,0.0,0.0,0,0,0,0,0,0,0.0000,0,2,0,2,0,2,0,0,0,3,0,4,no,no
13,3,1,0,1,2,2,2,3.0,4.0,6.339850002884625,0.5,3.1699250014423126,0,0,0,0,0,0,0,0.0000,13,1,0,0,3,1,2,2,2,3.0,4.0,6.339850002884625,0.5,3.1699250014423126,0,0,0,0,0,0,0.0000,0,1,0,1,0,1,0,0,0,3,0,4,no,no
12,4,2,0,1,3,1,3,4.0,4.0,8.0,0.5,4.0,0,0,0,0,0,0,0,0.0000,12,2,0,0,4,1,3,1,3,4.0,4.0,8.0,0.5,4.0,0,0,0,0,0,0,0.0000,1,1,1,1,1,1,74,6,80,80,0,1,no,no
6,4,2,0,0,2,0,3,2.0,3.0,3.0,0.0,0.0,0,0,0,0,0,0,0,0.0000,6,2,0,0,4,0,2,0,3,2.0,3.0,3.0,0.0,0.0,0,0,0,0,0,0,0.0000,0,1,0,1,0,1,0,0,0,0,0,4,no,no
12,3,1,0,1,2,2,2,3.0,4.0,6.339850002884625,0.5,3.1699250014423126,0,0,0,0,0,0,0,0.0000,12,1,0,0,3,1,2,2,2,3.0,4.0,6.339850002884625,0.5,3.1699250014423126,0,0,0,0,0,0,0.0000,0,1,0,1,0,1,0,0,0,3,0,4,no,no
6,0,2,0,0,0,0,0,0.0,0.0,0.0,0.0,0.0,0,0,0,0,0,0,0,0.0000,6,2,0,0,0,0,0,0,0,0.0,0.0,0.0,0.0,0.0,0,0,0,0,0,0,0.0000,0,1,0,1,0,1,0,0,0,0,0,4,no,no
6,2,1,0,0,1,0,1,1.0,1.0,0.0,0.0,0.0,0,0,0,0,0,0,0,0.0000,6,1,0,0,2,0,1,0,1,1.0,1.0,0.0,0.0,0.0,0,0,0,0,0,0,0.0000,0,4,0,4,0,2,0,0,0,280,0,4,no,no
4,4,2,0,0,2,0,2,2.0,2.0,2.0,0.0,0.0,0,0,0,0,0,0,0,0.0000,4,2,0,0,4,0,2,0,2,2.0,2.0,2.0,0.0,0.0,0,0,0,0,0,0,0.0000,0,1,0,1,0,1,0,0,0,0,0,4,no,no
27,0,0,0,0,0,0,0,0.0,0.0,0.0,0.0,0.0,0,0,0,0,0,0,0,0.0000,27,0,0,0,0,0,0,0,0,0.0,0.0,0.0,0.0,0.0,0,0,0,0,0,0,0.0000,0,3,0,3,0,2,0,0,0,227,0,4,no,no
5,2,1,0,1,2,1,2,3.0,3.0,4.754887502163469,0.5,2.3774437510817346,0,0,0,0,0,0,0,0.0000,5,1,0,0,2,1,2,1,2,3.0,3.0,4.754887502163469,0.5,2.3774437510817346,0,0,0,0,0,0,0.0000,1,8,1,7,1,2,77,21,98,145,0,4,no,no
14,0,4,0,0,0,0,0,0.0,0.0,0.0,0.0,0.0,0,0,0,0,0,0,0,0.0000,14,4,0,0,0,0,0,0,0,0.0,0.0,0.0,0.0,0.0,0,0,0,0,0,0,0.0000,0,2,0,2,0,2,0,0,0,3,0,4,no,no
10,4,2,0,0,1,0,2,1.0,2.0,0.0,0.0,0.0,0,0,0,0,0,0,0,0.0000,10,2,0,0,4,0,1,0,2,1.0,2.0,0.0,0.0,0.0,0,0,0,0,0,0,0.0000,0,3,0,3,0,2,0,0,0,370,0,4,no,no
11,0,2,0,0,0,0,0,0.0,0.0,0.0,0.0,0.0,0,0,0,0,0,0,0,0.0000,11,2,0,0,0,0,0,0,0,0.0,0.0,0.0,0.0,0.0,0,0,0,0,0,0,0.0000,0,1,0,1,0,1,0,0,0,0,0,4,no,no
1,0,0,0,0,0,0,0,0.0,0.0,0.0,0.0,0.0,0,0,0,0,0,0,0,0.0000,1,0,0,0,0,0,0,0,0,0.0,0.0,0.0,0.0,0.0,0,0,0,0,0,0,0.0000,0,1,0,1,0,1,0,0,0,0,0,4,no,no
17,9,5,0,2,4,2,11,6.0,13.0,33.60451250937503,2.75,92.41240940078133,0,0,0,0,0,0,0,0.0000,17,5,0,0,9,2,4,2,11,6.0,13.0,33.60451250937503,2.75,92.41240940078133,0,0,0,0,0,0,0.0000,0,1,0,1,0,1,0,0,0,2,0,4,yes,yes
9,0,2,0,0,0,0,0,0.0,0.0,0.0,0.0,0.0,0,0,0,0,0,0,0,0.0000,9,2,0,0,0,0,0,0,0,0.0,0.0,0.0,0.0,0.0,0,0,0,0,0,0,0.0000,0,1,0,1,0,1,0,0,0,0,0,4,no,no
6,2,1,0,1,2,1,2,3.0,3.0,4.754887502163469,0.5,2.3774437510817346,0,0,0,0,0,0,0,0.0000,6,1,0,0,2,1,2,1,2,3.0,3.0,4.754887502163469,0.5,2.3774437510817346,0,0,0,0,0,0,0.0000,1,8,1,7,1,2,77,21,98,145,0,4,no,no
7,0,0,0,0,0,0,0,0.0,0.0,0.0,0.0,0.0,0,0,0,0,0,0,0,0.0000,7,0,0,0,0,0,0,0,0,0.0,0.0,0.0,0.0,0.0,0,0,0,0,0,0,0.0000,0,1,0,1,0,1,0,0,0,0,0,4,no,no
23,2,6,0,0,1,0,1,1.0,1.0,0.0,0.0,0.0,0,0,0,0,0,0,0,0.0000,23,6,0,0,2,0,1,0,1,1.0,1.0,0.0,0.0,0.0,0,0,0,0,0,0,0.0000,0,1,0,1,0,1,0,0,0,0,0,4,no,no
3,0,1,0,0,0,0,0,0.0,0.0,0.0,0.0,0.0,0,0,0,0,0,0,0,0.0000,3,1,0,0,0,0,0,0,0,0.0,0.0,0.0,0.0,0.0,0,0,0,0,0,0,0.0000,0,1,0,1,0,1,0,0,0,0,0,4,no,no
7,1,1,0,0,1,0,1,1.0,1.0,0.0,0.0,0.0,0,0,0,0,0,0,0,0.0000,7,1,0,0,1,0,1,0,1,1.0,1.0,0.0,0.0,0.0,0,0,0,0,0,0,0.0000,0,5,0,5,0,2,0,0,0,67,0,4,no,no
4,0,1,0,0,0,0,0,0.0,0.0,0.0,0.0,0.0,0,0,0,0,0,0,0,0.0000,4,1,0,0,0,0,0,0,0,0.0,0.0,0.0,0.0,0.0,0,0,0,0,0,0,0.0000,0,1,0,1,0,1,0,0,0,0,0,4,no,no
5,2,1,0,0,1,0,1,1.0,1.0,0.0,0.0,0.0,0,0,0,0,0,0,0,0.0000,5,1,0,0,2,0,1,0,1,1.0,1.0,0.0,0.0,0.0,0,0,0,0,0,0,0.0000,0,1,0,1,0,1,0,0,0,0,0,4,no,no
14,0,4,0,0,0,0,0,0.0,0.0,0.0,0.0,0.0,0,0,0,0,0,0,0,0.0000,14,4,0,0,0,0,0,0,0,0.0,0.0,0.0,0.0,0.0,0,0,0,0,0,0,0.0000,0,1,0,1,0,1,0,0,0,0,0,4,no,no
7,0,1,0,0,0,0,0,0.0,0.0,0.0,0.0,0.0,0,0,0,0,0,0,0,0.0000,7,1,0,0,0,0,0,0,0,0.0,0.0,0.0,0.0,0.0,0,0,0,0,0,0,0.0000,0,1,0,1,0,1,0,0,0,0,0,4,no,no
3,2,1,0,0,1,0,1,1.0,1.0,0.0,0.0,0.0,0,0,0,0,0,0,0,0.0000,3,1,0,0,2,0,1,0,1,1.0,1.0,0.0,0.0,0.0,0,0,0,0,0,0,0.0000,1,8,1,7,1,2,77,21,98,145,0,4,no,no
24,0,3,0,0,0,0,0,0.0,0.0,0.0,0.0,0.0,0,0,0,0,0,0,0,0.0000,24,3,0,0,0,0,0,0,0,0.0,0.0,0.0,0.0,0.0,0,0,0,0,0,0,0.0000,0,1,0,1,0,1,0,0,0,0,0,4,no,no
5,2,1,0,0,5,0,5,5.0,5.0,11.60964047443681,0.0,0.0,0,0,0,0,0,0,0,0.0000,5,1,0,0,2,0,5,0,5,5.0,5.0,11.60964047443681,0.0,0.0,0,0,0,0,0,0,0.0000,0,2,0,2,0,2,0,0,0,2,0,4,no,no
13,0,1,0,0,0,0,0,0.0,0.0,0.0,0.0,0.0,0,0,0,0,0,0,0,0.0000,13,1,0,0,0,0,0,0,0,0.0,0.0,0.0,0.0,0.0,0,0,0,0,0,0,0.0000,0,1,0,1,0,1,0,0,0,0,0,4,no,no
9,0,2,0,0,0,0,0,0.0,0.0,0.0,0.0,0.0,0,0,0,0,0,0,0,0.0000,9,2,0,0,0,0,0,0,0,0.0,0.0,0.0,0.0,0.0,0,0,0,0,0,0,0.0000,0,1,0,1,0,1,0,0,0,0,0,4,no,no
6,2,1,0,1,1,1,1,2.0,2.0,2.0,0.5,1.0,0,0,0,0,0,0,0,0.0000,6,1,0,0,2,1,1,1,1,2.0,2.0,2.0,0.5,1.0,0,0,0,0,0,0,0.0000,0,3,0,2,0,2,0,0,0,2,0,4,no,no
3,2,1,0,0,1,0,1,1.0,1.0,0.0,0.0,0.0,0,0,0,0,0,0,0,0.0000,3,1,0,0,2,0,1,0,1,1.0,1.0,0.0,0.0,0.0,0,0,0,0,0,0,0.0000,0,1,0,1,0,1,0,0,0,38,0,2,no,no
3,2,1,0,0,1,0,1,1.0,1.0,0.0,0.0,0.0,0,0,0,0,0,0,0,0.0000,3,1,0,0,2,0,1,0,1,1.0,1.0,0.0,0.0,0.0,0,0,0,0,0,0,0.0000,1,8,1,7,1,2,77,21,98,145,0,4,no,no
17,5,2,0,1,3,1,3,4.0,4.0,8.0,0.5,4.0,0,0,0,0,0,0,0,0.0000,17,2,0,0,5,1,3,1,3,4.0,4.0,8.0,0.5,4.0,0,0,0,0,0,0,0.0000,0,3,0,2,0,2,0,0,0,2,0,4,no,no
19,5,2,0,2,4,2,4,6.0,6.0,15.509775004326936,1.0,15.509775004326936,0,0,0,0,0,0,0,0.0000,19,2,0,0,5,2,4,2,4,6.0,6.0,15.509775004326936,1.0,15.509775004326936,0,0,0,0,0,0,0.0000,0,4,0,4,0,2,0,0,0,73,0,4,no,no
3,0,1,0,0,0,0,0,0.0,0.0,0.0,0.0,0.0,0,0,0,0,0,0,0,0.0000,3,1,0,0,0,0,0,0,0,0.0,0.0,0.0,0.0,0.0,0,0,0,0,0,0,0.0000,0,1,0,1,0,1,0,0,0,0,0,4,no,no
8,3,1,0,1,2,2,2,3.0,4.0,6.339850002884625,0.5,3.1699250014423126,0,0,0,0,0,0,0,0.0000,8,1,0,0,3,1,2,2,2,3.0,4.0,6.339850002884625,0.5,3.1699250014423126,0,0,0,0,0,0,0.0000,0,3,0,2,0,2,0,0,0,2,0,4,no,no
7,4,2,0,0,2,0,2,2.0,2.0,2.0,0.0,0.0,0,0,0,0,0,0,0,0.0000,7,2,0,0,4,0,2,0,2,2.0,2.0,2.0,0.0,0.0,0,0,0,0,0,0,0.0000,0,2,0,2,0,2,0,0,0,3,0,4,no,no
8,3,1,0,1,2,2,2,3.0,4.0,6.339850002884625,0.5,3.1699250014423126,0,0,0,0,0,0,0,0.0000,8,1,0,0,3,1,2,2,2,3.0,4.0,6.339850002884625,0.5,3.1699250014423126,0,0,0,0,0,0,0.0000,0,1,0,1,0,1,0,0,0,0,0,4,no,no
28,0,4,0,0,3,0,3,3.0,3.0,4.754887502163469,0.0,0.0,0,0,0,0,0,0,0,0.0000,28,4,0,0,0,0,3,0,3,3.0,3.0,4.754887502163469,0.0,0.0,0,0,0,0,0,0,0.0000,0,1,0,1,0,1,0,0,0,0,0,4,no,no
24,10,2,0,1,10,2,16,11.0,18.0,62.26976913547136,0.8,49.81581530837709,0,0,0,0,0,0,0,0.0000,24,2,0,0,10,1,10,2,16,11.0,18.0,62.26976913547136,0.8,49.81581530837709,0,0,0,0,0,0,0.0000,0,1,0,1,0,1,0,0,0,0,0,4,no,no
4,0,1,0,0,0,0,0,0.0,0.0,0.0,0.0,0.0,0,0,0,0,0,0,0,0.0000,4,1,0,0,0,0,0,0,0,0.0,0.0,0.0,0.0,0.0,0,0,0,0,0,0,0.0000,0,2,0,2,0,2,0,0,0,2,0,4,no,no
6,2,1,0,0,0,0,0,0.0,0.0,0.0,0.0,0.0,0,0,0,0,0,0,0,0.0000,6,1,0,0,2,0,0,0,0,0.0,0.0,0.0,0.0,0.0,0,0,0,0,0,0,0.0000,0,1,0,1,0,1,0,0,0,51,0,2,no,no
3,2,1,0,0,1,0,1,1.0,1.0,0.0,0.0,0.0,0,0,0,0,0,0,0,0.0000,3,1,0,0,2,0,1,0,1,1.0,1.0,0.0,0.0,0.0,0,0,0,0,0,0,0.0000,1,8,1,7,1,2,77,21,98,145,0,4,no,no
11,0,2,0,0,0,0,0,0.0,0.0,0.0,0.0,0.0,0,0,0,0,0,0,0,0.0000,11,2,0,0,0,0,0,0,0,0.0,0.0,0.0,0.0,0.0,0,0,0,0,0,0,0.0000,0,1,0,1,0,1,0,0,0,0,0,4,no,no
6,2,1,0,0,1,0,1,1.0,1.0,0.0,0.0,0.0,0,0,0,0,0,0,0,0.0000,6,1,0,0,2,0,1,0,1,1.0,1.0,0.0,0.0,0.0,0,0,0,0,0,0,0.0000,0,1,0,1,0,1,0,0,0,0,0,4,no,no
4,0,0,0,0,0,0,0,0.0,0.0,0.0,0.0,0.0,0,0,0,0,0,0,0,0.0000,4,0,0,0,0,0,0,0,0,0.0,0.0,0.0,0.0,0.0,0,0,0,0,0,0,0.0000,0,1,0,1,0,1,0,0,0,0,0,4,no,no
11,5,2,0,1,7,2,9,8.0,11.0,33.0,0.6428571428571429,21.214285714285715,0,0,0,0,0,0,0,0.0000,11,2,0,0,5,1,7,2,9,8.0,11.0,33.0,0.6428571428571429,21.214285714285715,0,0,0,0,0,0,0.0000,0,4,0,4,0,2,0,0,0,142,0,4,no,no
17,8,3,1,2,6,2,9,8.0,11.0,33.0,1.5,49.5,1,0,0,0,0,0,0,0.0000,17,3,1,0,8,2,6,2,9,8.0,11.0,33.0,1.5,49.5,1,0,0,0,0,0,0.0000,0,3,0,3,0,2,0,0,0,9,0,5,no,no
3,2,1,0,0,1,0,1,1.0,1.0,0.0,0.0,0.0,0,0,0,0,0,0,0,0.0000,3,1,0,0,2,0,1,0,1,1.0,1.0,0.0,0.0,0.0,0,0,0,0,0,0,0.0000,0,8,0,7,0,2,0,0,0,145,0,5,no,yes
51,7,7,0,0,0,0,0,0.0,0.0,0.0,0.0,0.0,0,0,0,0,0,0,0,0.0000,51,7,0,0,7,0,0,0,0,0.0,0.0,0.0,0.0,0.0,0,0,0,0,0,0,0.0000,0,1,0,1,0,1,0,0,0,0,0,5,no,no
12,4,2,0,1,1,1,2,2.0,3.0,3.0,1.0,3.0,0,0,0,0,0,0,0,0.0000,12,2,0,0,4,1,1,1,2,2.0,3.0,3.0,1.0,3.0,0,0,0,0,0,0,0.0000,0,1,0,1,0,1,0,0,0,0,0,5,no,no
16,0,0,0,0,0,0,0,0.0,0.0,0.0,0.0,0.0,0,0,0,0,0,0,0,0.0000,16,0,0,0,0,0,0,0,0,0.0,0.0,0.0,0.0,0.0,0,0,0,0,0,0,0.0000,0,3,0,2,0,2,0,0,0,2,0,5,no,yes
10,0,2,0,0,0,0,0,0.0,0.0,0.0,0.0,0.0,0,0,0,0,0,0,0,0.0000,10,2,0,0,0,0,0,0,0,0.0,0.0,0.0,0.0,0.0,0,0,0,0,0,0,0.0000,0,1,0,1,0,1,0,0,0,0,0,5,no,no
23,0,5,0,0,0,0,0,0.0,0.0,0.0,0.0,0.0,0,0,0,0,0,0,0,0.0000,23,5,0,0,0,0,0,0,0,0.0,0.0,0.0,0.0,0.0,0,0,0,0,0,0,0.0000,0,1,0,1,0,1,0,0,0,0,0,5,no,no
1,0,0,0,0,0,0,0,0.0,0.0,0.0,0.0,0.0,0,0,0,0,0,0,0,0.0000,1,0,0,0,0,0,0,0,0,0.0,0.0,0.0,0.0,0.0,0,0,0,0,0,0,0.0000,0,2,0,2,0,1,0,0,0,6,0,5,no,no
18,6,3,0,1,5,1,5,6.0,6.0,15.509775004326936,0.5,7.754887502163468,0,0,0,0,0,0,0,0.0000,18,3,0,0,6,1,5,1,5,6.0,6.0,15.509775004326936,0.5,7.754887502163468,0,0,0,0,0,0,0.0000,0,2,0,2,0,1,0,0,0,6,0,5,no,no
3,2,1,0,0,1,0,1,1.0,1.0,0.0,0.0,0.0,0,0,0,0,0,0,0,0.0000,3,1,0,0,2,0,1,0,1,1.0,1.0,0.0,0.0,0.0,0,0,0,0,0,0,0.0000,0,8,0,7,0,2,0,0,0,145,0,5,no,yes
3,2,1,0,0,1,0,1,1.0,1.0,0.0,0.0,0.0,0,0,0,0,0,0,0,0.0000,3,1,0,0,2,0,1,0,1,1.0,1.0,0.0,0.0,0.0,0,0,0,0,0,0,0.0000,0,8,0,7,0,2,0,0,0,145,0,5,no,yes
28,12,6,0,1,2,4,6,3.0,10.0,15.849625007211563,1.5,23.774437510817343,0,0,0,0,0,0,0,0.0000,28,6,0,0,12,1,2,4,6,3.0,10.0,15.849625007211563,1.5,23.774437510817343,0,0,0,0,0,0,0.0000,0,1,0,1,0,1,0,0,0,0,0,5,no,no
3,2,1,0,0,1,0,1,1.0,1.0,0.0,0.0,0.0,0,0,0,0,0,0,0,0.0000,3,1,0,0,2,0,1,0,1,1.0,1.0,0.0,0.0,0.0,0,0,0,0,0,0,0.0000,0,8,0,7,0,2,0,0,0,145,0,5,no,yes
18,1,1,0,2,13,2,14,15.0,16.0,62.5102495297363,1.0769230769230769,67.31873026279294,0,0,0,0,0,0,0,0.0000,18,1,0,0,1,2,13,2,14,15.0,16.0,62.5102495297363,1.0833333333333333,67.31873026279294,0,0,0,0,0,0,0.0000,0,4,0,3,0,2,0,0,0,6,0,5,no,no
27,0,5,0,0,0,0,0,0.0,0.0,0.0,0.0,0.0,0,0,0,0,0,0,0,0.0000,27,5,0,0,0,0,0,0,0,0.0,0.0,0.0,0.0,0.0,0,0,0,0,0,0,0.0000,0,1,0,1,0,1,0,0,0,0,0,5,no,no
7,0,0,0,0,0,0,0,0.0,0.0,0.0,0.0,0.0,0,0,0,0,0,0,0,0.0000,7,0,0,0,0,0,0,0,0,0.0,0.0,0.0,0.0,0.0,0,0,0,0,0,0,0.0000,0,1,0,1,0,1,0,0,0,0,0,5,no,no
7,6,3,0,0,2,0,4,2.0,4.0,4.0,0.0,0.0,0,0,0,0,0,0,0,0.0000,7,3,0,0,6,0,2,0,4,2.0,4.0,4.0,0.0,0.0,0,0,0,0,0,0,0.0000,0,1,0,1,0,1,0,0,0,0,0,5,no,no
3,0,1,0,0,0,0,0,0.0,0.0,0.0,0.0,0.0,0,0,0,0,0,0,0,0.0000,3,1,0,0,0,0,0,0,0,0.0,0.0,0.0,0.0,0.0,0,0,0,0,0,0,0.0000,0,1,0,1,0,1,0,0,0,0,0,5,no,no
2,0,0,0,0,0,0,0,0.0,0.0,0.0,0.0,0.0,0,0,0,0,0,0,0,0.0000,2,0,0,0,0,0,0,0,0,0.0,0.0,0.0,0.0,0.0,0,0,0,0,0,0,0.0000,0,1,0,1,0,1,0,0,0,0,0,5,no,no
19,11,6,0,1,3,3,6,4.0,9.0,18.0,1.0,18.0,0,0,0,0,0,0,0,0.0000,19,6,0,0,11,1,3,3,6,4.0,9.0,18.0,1.0,18.0,0,0,0,0,0,0,0.0000,0,1,0,1,0,1,0,0,0,0,0,5,no,no
2,0,0,0,0,0,0,0,0.0,0.0,0.0,0.0,0.0,0,0,0,0,0,0,0,0.0000,2,0,0,0,0,0,0,0,0,0.0,0.0,0.0,0.0,0.0,0,0,0,0,0,0,0.0000,0,3,0,2,0,2,0,0,0,2,0,5,no,yes
4,0,0,0,0,0,0,0,0.0,0.0,0.0,0.0,0.0,0,0,0,0,0,0,0,0.0000,4,0,0,0,0,0,0,0,0,0.0,0.0,0.0,0.0,0.0,0,0,0,0,0,0,0.0000,0,1,0,1,0,1,0,0,0,0,0,5,no,no
7,1,3,0,0,0,0,0,0.0,0.0,0.0,0.0,0.0,0,0,0,0,0,0,0,0.0000,7,3,0,0,1,0,0,0,0,0.0,0.0,0.0,0.0,0.0,0,0,0,0,0,0,0.0000,0,2,0,2,0,2,0,0,0,207,0,5,no,no
1,0,0,0,0,0,0,0,0.0,0.0,0.0,0.0,0.0,0,0,0,0,0,0,0,0.0000,1,0,0,0,0,0,0,0,0,0.0,0.0,0.0,0.0,0.0,0,0,0,0,0,0,0.0000,0,4,0,3,0,2,0,0,0,39,0,5,no,no
9,2,1,0,0,4,0,5,4.0,5.0,10.0,0.0,0.0,0,0,0,0,0,0,0,0.0000,9,1,0,0,2,0,4,0,5,4.0,5.0,10.0,0.0,0.0,0,0,0,0,0,0,0.0000,0,1,0,1,0,1,0,0,0,0,0,5,no,no
3,2,1,0,0,1,0,1,1.0,1.0,0.0,0.0,0.0,0,0,0,0,0,0,0,0.0000,3,1,0,0,2,0,1,0,1,1.0,1.0,0.0,0.0,0.0,0,0,0,0,0,0,0.0000,0,8,0,7,0,2,0,0,0,145,0,5,no,yes
13,0,2,0,0,0,0,0,0.0,0.0,0.0,0.0,0.0,0,0,0,0,0,0,0,0.0000,13,2,0,0,0,0,0,0,0,0.0,0.0,0.0,0.0,0.0,0,0,0,0,0,0,0.0000,0,1,0,1,0,1,0,0,0,39,0,3,no,no
7,3,1,0,1,2,1,2,3.0,3.0,4.754887502163469,0.5,2.3774437510817346,0,0,0,0,0,0,0,0.0000,7,1,0,0,3,1,2,1,2,3.0,3.0,4.754887502163469,0.5,2.3774437510817346,0,0,0,0,0,0,0.0000,0,3,0,2,0,2,0,0,0,2,0,5,no,yes
18,8,3,0,2,4,5,8,6.0,13.0,33.60451250937503,2.0,67.20902501875005,0,0,0,0,0,0,0,0.0000,18,3,0,0,8,2,4,5,8,6.0,13.0,33.60451250937503,2.0,67.20902501875005,0,0,0,0,0,0,0.0000,0,1,0,1,0,1,0,0,0,39,0,5,no,no
7,4,2,0,0,2,0,2,2.0,2.0,2.0,0.0,0.0,0,0,0,0,0,0,0,0.0000,7,2,0,0,4,0,2,0,2,2.0,2.0,2.0,0.0,0.0,0,0,0,0,0,0,0.0000,0,2,0,2,0,2,0,0,0,3,0,5,no,no
13,3,1,0,1,2,2,2,3.0,4.0,6.339850002884625,0.5,3.1699250014423126,0,0,0,0,0,0,0,0.0000,13,1,0,0,3,1,2,2,2,3.0,4.0,6.339850002884625,0.5,3.1699250014423126,0,0,0,0,0,0,0.0000,0,1,0,1,0,1,0,0,0,3,0,5,no,no
12,4,2,0,1,3,1,3,4.0,4.0,8.0,0.5,4.0,0,0,0,0,0,0,0,0.0000,12,2,0,0,4,1,3,1,3,4.0,4.0,8.0,0.5,4.0,0,0,0,0,0,0,0.0000,0,1,0,1,0,1,0,0,0,80,0,2,no,no
6,4,2,0,0,2,0,3,2.0,3.0,3.0,0.0,0.0,0,0,0,0,0,0,0,0.0000,6,2,0,0,4,0,2,0,3,2.0,3.0,3.0,0.0,0.0,0,0,0,0,0,0,0.0000,0,1,0,1,0,1,0,0,0,0,0,5,no,no
12,3,1,0,1,2,2,2,3.0,4.0,6.339850002884625,0.5,3.1699250014423126,0,0,0,0,0,0,0,0.0000,12,1,0,0,3,1,2,2,2,3.0,4.0,6.339850002884625,0.5,3.1699250014423126,0,0,0,0,0,0,0.0000,0,1,0,1,0,1,0,0,0,3,0,5,no,no
6,0,2,0,0,0,0,0,0.0,0.0,0.0,0.0,0.0,0,0,0,0,0,0,0,0.0000,6,2,0,0,0,0,0,0,0,0.0,0.0,0.0,0.0,0.0,0,0,0,0,0,0,0.0000,0,1,0,1,0,1,0,0,0,0,0,5,no,no
6,2,1,0,0,1,0,1,1.0,1.0,0.0,0.0,0.0,0,0,0,0,0,0,0,0.0000,6,1,0,0,2,0,1,0,1,1.0,1.0,0.0,0.0,0.0,0,0,0,0,0,0,0.0000,0,4,0,4,0,2,0,0,0,280,0,5,no,no
4,4,2,0,0,2,0,2,2.0,2.0,2.0,0.0,0.0,0,0,0,0,0,0,0,0.0000,4,2,0,0,4,0,2,0,2,2.0,2.0,2.0,0.0,0.0,0,0,0,0,0,0,0.0000,0,1,0,1,0,1,0,0,0,0,0,5,no,no
27,0,0,0,0,0,0,0,0.0,0.0,0.0,0.0,0.0,0,0,0,0,0,0,0,0.0000,27,0,0,0,0,0,0,0,0,0.0,0.0,0.0,0.0,0.0,0,0,0,0,0,0,0.0000,0,3,0,3,0,2,0,0,0,227,0,5,no,no
5,2,1,0,1,2,1,2,3.0,3.0,4.754887502163469,0.5,2.3774437510817346,0,0,0,0,0,0,0,0.0000,5,1,0,0,2,1,2,1,2,3.0,3.0,4.754887502163469,0.5,2.3774437510817346,0,0,0,0,0,0,0.0000,0,8,0,7,0,2,0,0,0,145,0,5,no,yes
14,0,4,0,0,0,0,0,0.0,0.0,0.0,0.0,0.0,0,0,0,0,0,0,0,0.0000,14,4,0,0,0,0,0,0,0,0.0,0.0,0.0,0.0,0.0,0,0,0,0,0,0,0.0000,0,2,0,2,0,2,0,0,0,3,0,5,no,no
10,4,2,0,0,1,0,2,1.0,2.0,0.0,0.0,0.0,0,0,0,0,0,0,0,0.0000,10,2,0,0,4,0,1,0,2,1.0,2.0,0.0,0.0,0.0,0,0,0,0,0,0,0.0000,0,3,0,3,0,2,0,0,0,370,0,5,no,no
11,0,2,0,0,0,0,0,0.0,0.0,0.0,0.0,0.0,0,0,0,0,0,0,0,0.0000,11,2,0,0,0,0,0,0,0,0.0,0.0,0.0,0.0,0.0,0,0,0,0,0,0,0.0000,0,1,0,1,0,1,0,0,0,0,0,5,no,no
1,0,0,0,0,0,0,0,0.0,0.0,0.0,0.0,0.0,0,0,0,0,0,0,0,0.0000,1,0,0,0,0,0,0,0,0,0.0,0.0,0.0,0.0,0.0,0,0,0,0,0,0,0.0000,0,1,0,1,0,1,0,0,0,0,0,5,no,no
17,9,5,0,2,4,2,11,6.0,13.0,33.60451250937503,2.75,92.41240940078133,0,0,0,0,0,0,0,0.0000,17,5,0,0,9,2,4,2,11,6.0,13.0,33.60451250937503,2.75,92.41240940078133,0,0,0,0,0,0,0.0000,0,1,0,1,0,1,0,0,0,2,0,5,yes,yes
9,0,2,0,0,0,0,0,0.0,0.0,0.0,0.0,0.0,0,0,0,0,0,0,0,0.0000,9,2,0,0,0,0,0,0,0,0.0,0.0,0.0,0.0,0.0,0,0,0,0,0,0,0.0000,0,1,0,1,0,1,0,0,0,0,0,5,no,no
6,2,1,0,1,2,1,2,3.0,3.0,4.754887502163469,0.5,2.3774437510817346,0,0,0,0,0,0,0,0.0000,6,1,0,0,2,1,2,1,2,3.0,3.0,4.754887502163469,0.5,2.3774437510817346,0,0,0,0,0,0,0.0000,0,8,0,7,0,2,0,0,0,145,0,5,no,yes
7,0,0,0,0,0,0,0,0.0,0.0,0.0,0.0,0.0,0,0,0,0,0,0,0,0.0000,7,0,0,0,0,0,0,0,0,0.0,0.0,0.0,0.0,0.0,0,0,0,0,0,0,0.0000,0,1,0,1,0,1,0,0,0,0,0,5,no,no
23,2,6,0,0,1,0,1,1.0,1.0,0.0,0.0,0.0,0,0,0,0,0,0,0,0.0000,23,6,0,0,2,0,1,0,1,1.0,1.0,0.0,0.0,0.0,0,0,0,0,0,0,0.0000,0,1,0,1,0,1,0,0,0,0,0,5,no,no
3,0,1,0,0,0,0,0,0.0,0.0,0.0,0.0,0.0,0,0,0,0,0,0,0,0.0000,3,1,0,0,0,0,0,0,0,0.0,0.0,0.0,0.0,0.0,0,0,0,0,0,0,0.0000,0,1,0,1,0,1,0,0,0,0,0,5,no,no
7,1,1,0,0,1,0,1,1.0,1.0,0.0,0.0,0.0,0,0,0,0,0,0,0,0.0000,7,1,0,0,1,0,1,0,1,1.0,1.0,0.0,0.0,0.0,0,0,0,0,0,0,0.0000,0,5,0,5,0,2,0,0,0,67,0,5,no,no
4,0,1,0,0,0,0,0,0.0,0.0,0.0,0.0,0.0,0,0,0,0,0,0,0,0.0000,4,1,0,0,0,0,0,0,0,0.0,0.0,0.0,0.0,0.0,0,0,0,0,0,0,0.0000,0,1,0,1,0,1,0,0,0,0,0,5,no,no
5,2,1,0,0,1,0,1,1.0,1.0,0.0,0.0,0.0,0,0,0,0,0,0,0,0.0000,5,1,0,0,2,0,1,0,1,1.0,1.0,0.0,0.0,0.0,0,0,0,0,0,0,0.0000,0,1,0,1,0,1,0,0,0,0,0,5,no,no
14,0,4,0,0,0,0,0,0.0,0.0,0.0,0.0,0.0,0,0,0,0,0,0,0,0.0000,14,4,0,0,0,0,0,0,0,0.0,0.0,0.0,0.0,0.0,0,0,0,0,0,0,0.0000,0,1,0,1,0,1,0,0,0,0,0,5,no,no
7,0,1,0,0,0,0,0,0.0,0.0,0.0,0.0,0.0,0,0,0,0,0,0,0,0.0000,7,1,0,0,0,0,0,0,0,0.0,0.0,0.0,0.0,0.0,0,0,0,0,0,0,0.0000,0,1,0,1,0,1,0,0,0,0,0,5,no,no
3,2,1,0,0,1,0,1,1.0,1.0,0.0,0.0,0.0,0,0,0,0,0,0,0,0.0000,3,1,0,0,2,0,1,0,1,1.0,1.0,0.0,0.0,0.0,0,0,0,0,0,0,0.0000,0,8,0,7,0,2,0,0,0,145,0,5,no,yes
24,0,3,0,0,0,0,0,0.0,0.0,0.0,0.0,0.0,0,0,0,0,0,0,0,0.0000,24,3,0,0,0,0,0,0,0,0.0,0.0,0.0,0.0,0.0,0,0,0,0,0,0,0.0000,0,1,0,1,0,1,0,0,0,0,0,5,no,no
5,2,1,0,0,5,0,5,5.0,5.0,11.60964047443681,0.0,0.0,0,0,0,0,0,0,0,0.0000,5,1,0,0,2,0,5,0,5,5.0,5.0,11.60964047443681,0.0,0.0,0,0,0,0,0,0,0.0000,0,2,0,2,0,2,0,0,0,2,0,5,no,no
13,0,1,0,0,0,0,0,0.0,0.0,0.0,0.0,0.0,0,0,0,0,0,0,0,0.0000,13,1,0,0,0,0,0,0,0,0.0,0.0,0.0,0.0,0.0,0,0,0,0,0,0,0.0000,0,1,0,1,0,1,0,0,0,0,0,5,no,no
9,0,2,0,0,0,0,0,0.0,0.0,0.0,0.0,0.0,0,0,0,0,0,0,0,0.0000,9,2,0,0,0,0,0,0,0,0.0,0.0,0.0,0.0,0.0,0,0,0,0,0,0,0.0000,0,1,0,1,0,1,0,0,0,0,0,5,no,no
6,2,1,0,1,1,1,1,2.0,2.0,2.0,0.5,1.0,0,0,0,0,0,0,0,0.0000,6,1,0,0,2,1,1,1,1,2.0,2.0,2.0,0.5,1.0,0,0,0,0,0,0,0.0000,0,3,0,2,0,2,0,0,0,2,0,5,no,yes
3,2,1,0,0,1,0,1,1.0,1.0,0.0,0.0,0.0,0,0,0,0,0,0,0,0.0000,3,1,0,0,2,0,1,0,1,1.0,1.0,0.0,0.0,0.0,0,0,0,0,0,0,0.0000,0,1,0,1,0,1,0,0,0,38,0,3,no,no
3,2,1,0,0,1,0,1,1.0,1.0,0.0,0.0,0.0,0,0,0,0,0,0,0,0.0000,3,1,0,0,2,0,1,0,1,1.0,1.0,0.0,0.0,0.0,0,0,0,0,0,0,0.0000,0,8,0,7,0,2,0,0,0,145,0,5,no,yes
17,5,2,0,1,3,1,3,4.0,4.0,8.0,0.5,4.0,0,0,0,0,0,0,0,0.0000,17,2,0,0,5,1,3,1,3,4.0,4.0,8.0,0.5,4.0,0,0,0,0,0,0,0.0000,0,3,0,2,0,2,0,0,0,2,0,5,no,yes
19,5,2,0,2,4,2,4,6.0,6.0,15.509775004326936,1.0,15.509775004326936,0,0,0,0,0,0,0,0.0000,19,2,0,0,5,2,4,2,4,6.0,6.0,15.509775004326936,1.0,15.509775004326936,0,0,0,0,0,0,0.0000,0,4,0,4,0,2,0,0,0,73,0,5,no,no
3,0,1,0,0,0,0,0,0.0,0.0,0.0,0.0,0.0,0,0,0,0,0,0,0,0.0000,3,1,0,0,0,0,0,0,0,0.0,0.0,0.0,0.0,0.0,0,0,0,0,0,0,0.0000,0,1,0,1,0,1,0,0,0,0,0,5,no,no
8,3,1,0,1,2,2,2,3.0,4.0,6.339850002884625,0.5,3.1699250014423126,0,0,0,0,0,0,0,0.0000,8,1,0,0,3,1,2,2,2,3.0,4.0,6.339850002884625,0.5,3.1699250014423126,0,0,0,0,0,0,0.0000,0,3,0,2,0,2,0,0,0,2,0,5,no,yes
7,4,2,0,0,2,0,2,2.0,2.0,2.0,0.0,0.0,0,0,0,0,0,0,0,0.0000,7,2,0,0,4,0,2,0,2,2.0,2.0,2.0,0.0,0.0,0,0,0,0,0,0,0.0000,0,2,0,2,0,2,0,0,0,3,0,5,no,no
8,3,1,0,1,2,2,2,3.0,4.0,6.339850002884625,0.5,3.1699250014423126,0,0,0,0,0,0,0,0.0000,8,1,0,0,3,1,2,2,2,3.0,4.0,6.339850002884625,0.5,3.1699250014423126,0,0,0,0,0,0,0.0000,0,1,0,1,0,1,0,0,0,0,0,5,no,no
28,0,4,0,0,3,0,3,3.0,3.0,4.754887502163469,0.0,0.0,0,0,0,0,0,0,0,0.0000,28,4,0,0,0,0,3,0,3,3.0,3.0,4.754887502163469,0.0,0.0,0,0,0,0,0,0,0.0000,0,1,0,1,0,1,0,0,0,0,0,5,no,no
24,10,2,0,1,10,2,16,11.0,18.0,62.26976913547136,0.8,49.81581530837709,0,0,0,0,0,0,0,0.0000,24,2,0,0,10,1,10,2,16,11.0,18.0,62.26976913547136,0.8,49.81581530837709,0,0,0,0,0,0,0.0000,0,1,0,1,0,1,0,0,0,0,0,5,no,no
4,0,1,0,0,0,0,0,0.0,0.0,0.0,0.0,0.0,0,0,0,0,0,0,0,0.0000,4,1,0,0,0,0,0,0,0,0.0,0.0,0.0,0.0,0.0,0,0,0,0,0,0,0.0000,0,2,0,2,0,2,0,0,0,2,0,5,no,no
6,2,1,0,0,0,0,0,0.0,0.0,0.0,0.0,0.0,0,0,0,0,0,0,0,0.0000,6,1,0,0,2,0,0,0,0,0.0,0.0,0.0,0.0,0.0,0,0,0,0,0,0,0.0000,0,1,0,1,0,1,0,0,0,51,0,3,no,no
3,2,1,0,0,1,0,1,1.0,1.0,0.0,0.0,0.0,0,0,0,0,0,0,0,0.0000,3,1,0,0,2,0,1,0,1,1.0,1.0,0.0,0.0,0.0,0,0,0,0,0,0,0.0000,0,8,0,7,0,2,0,0,0,145,0,5,no,yes
11,0,2,0,0,0,0,0,0.0,0.0,0.0,0.0,0.0,0,0,0,0,0,0,0,0.0000,11,2,0,0,0,0,0,0,0,0.0,0.0,0.0,0.0,0.0,0,0,0,0,0,0,0.0000,0,1,0,1,0,1,0,0,0,0,0,5,no,no
6,2,1,0,0,1,0,1,1.0,1.0,0.0,0.0,0.0,0,0,0,0,0,0,0,0.0000,6,1,0,0,2,0,1,0,1,1.0,1.0,0.0,0.0,0.0,0,0,0,0,0,0,0.0000,0,1,0,1,0,1,0,0,0,0,0,5,no,no
4,0,0,0,0,0,0,0,0.0,0.0,0.0,0.0,0.0,0,0,0,0,0,0,0,0.0000,4,0,0,0,0,0,0,0,0,0.0,0.0,0.0,0.0,0.0,0,0,0,0,0,0,0.0000,0,1,0,1,0,1,0,0,0,0,0,5,no,no
11,5,2,0,1,7,2,9,8.0,11.0,33.0,0.6428571428571429,21.214285714285715,0,0,0,0,0,0,0,0.0000,11,2,0,0,5,1,7,2,9,8.0,11.0,33.0,0.6428571428571429,21.214285714285715,0,0,0,0,0,0,0.0000,0,4,0,4,0,2,0,0,0,142,0,5,no,no
